Workbook

Sheet DATA PER 111225
A1: 6 | B1: NAMA PRODUK | C1: JENIS | D1: SATUAN CSA | E1: JUMLAH | F1: ALASAN WASTE | G1: USER
A2: B004 | B2: POWDER CHOCOLATE 1KG | C2: BAHAN BAKU LUUCA | D2: GR
A3: B004 | B3: POWDER YOGHURT | C3: BAHAN BAKU LUUCA | D3: GR
A4: B004 | B4: POWDER ICE CREAM YOGHURT | C4: BAHAN BAKU LUUCA | D4: GR
A5: B004 | B5: POWDER ICE CREAM CHOCOLATE | C5: BAHAN BAKU LUUCA | D5: GR
A6: B004 | B6: FRISIAN FLAG UHT FULL CREAM 946ML | C6: BAHAN BAKU LUUCA | D6: ML
A7: B004 | B7: SIMPLE SYRUP 3KG | C7: BAHAN BAKU LUUCA | D7: GR
A8: B004 | B8: GRANOLA | C8: BAHAN BAKU LUUCA | D8: GR
A9: B004 | B9: PEANUT 1 kg | C9: BAHAN BAKU LUUCA | D9: GR
A10: B004 | B10: PEPERO ALMOND 32GR | C10: BAHAN BAKU LUUCA | D10: GR
A11: B004 | B11: CARAMEL CHIP CALLEBAUT GOLD 2.5KG | C11: BAHAN BAKU LUUCA | D11: GR
A12: B004 | B12: CHOCO DIP SAUCE BELLA 1KG | C12: BAHAN BAKU LUUCA | D12: GR
A13: B004 | B13: BUAH LONGAN 565GR | C13: BAHAN BAKU LUUCA | D13: GR
... A120: P006 | B120: WIP CHOCOLATE BASE | C120: PRODUKSI STOK LUUCA | D120: GR

Sheet MASTER DATA
A1: Nama Item | B1: Kode Item | C1: Kelompok | D1: Sat | E1: JENIS
A2: GREENFIELD FRESH MILK (SALAH) | B2: B001-110 | C2: B004 | D2: GR | E2: =IFERROR(VLOOKUP(A2,'DATA PER 111225'!$A$2:$C$120,3),"") -> BAHAN BAKU LUUCA
A3: POWDER CHOCOLATE 1KG | B3: BB-100001 | C3: B004 | D3: GR | E3: =IFERROR(VLOOKUP(A3,'DATA PER 111225'!$A$2:$C$120,3),"") -> PRODUKSI STOK LUUCA
A4: POWDER YOGHURT | B4: BB-100002 | C4: B004 | D4: GR | E4: =IFERROR(VLOOKUP(A4,'DATA PER 111225'!$A$2:$C$120,3),"") -> PRODUKSI STOK LUUCA
A5: POWDER ICE CREAM YOGHURT | B5: BB-100003 | C5: B004 | D5: GR | E5: =IFERROR(VLOOKUP(A5,'DATA PER 111225'!$A$2:$C$120,3),"") -> PRODUKSI STOK LUUCA
A6: POWDER ICE CREAM CHOCOLATE | B6: BB-100004 | C6: B004 | D6: GR | E6: =IFERROR(VLOOKUP(A6,'DATA PER 111225'!$A$2:$C$120,3),"") -> PRODUKSI STOK LUUCA
A7: FRISIAN FLAG UHT FULL CREAM 946ML | B7: BB-100006 | C7: B004 | D7: ML | E7: =IFERROR(VLOOKUP(A7,'DATA PER 111225'!$A$2:$C$120,3),"") -> BAHAN BAKU LUUCA
A8: SIMPLE SYRUP 3KG | B8: BB-100007 | C8: B004 | D8: GR | E8: =IFERROR(VLOOKUP(A8,'DATA PER 111225'!$A$2:$C$120,3),"") -> PRODUKSI STOK LUUCA
A9: GRANOLA Luuca | B9: BB-100012 | C9: B004 | D9: GR | E9: =IFERROR(VLOOKUP(A9,'DATA PER 111225'!$A$2:$C$120,3),"") -> BAHAN BAKU LUUCA
A10: PEANUT 1 kg | B10: BB-100013 | C10: B004 | D10: GR | E10: =IFERROR(VLOOKUP(A10,'DATA PER 111225'!$A$2:$C$120,3),"") -> PRODUKSI STOK LUUCA
A11: PEPERO ALMOND SALAH | B11: BB-100014 | C11: B004 | D11: GR | E11: =IFERROR(VLOOKUP(A11,'DATA PER 111225'!$A$2:$C$120,3),"") -> PRODUKSI STOK LUUCA
A12: CARAMEL CHIP CALLEBAUT GOLD 2.5KG | B12: BB-100020 | C12: B004 | D12: GR | E12: =IFERROR(VLOOKUP(A12,'DATA PER 111225'!$A$2:$C$120,3),"") -> BAHAN BAKU LUUCA
A13: CHOCO DIP SAUCE BELLA 1KG | B13: BB-100021 | C13: B004 | D13: GR | E13: =IFERROR(VLOOKUP(A13,'DATA PER 111225'!$A$2:$C$120,3),"") -> BAHAN BAKU LUUCA
... A57: ES BATU | B57: BB-100504 | C57: B004 | D57: GR | E57: =IFERROR(VLOOKUP(A57,'DATA PER 111225'!$A$2:$C$120,3),"") -> BAHAN BAKU LUUCA
A58: Air Mineral Luuca | B58: BB-100505 | C58: B004 | D58: PCS | E58: BAHAN BAKU LUUCA
A59: KACANG PISTACHIO 500GR | B59: BB-100506 | C59: B004 | D59: GR | E59: =IFERROR(VLOOKUP(A59,'DATA PER 111225'!$A$2:$C$120,3),"") -> BAHAN BAKU LUUCA
A60: PEPERO ALMOND | B60: BB-100507 | C60: B004 | D60: PCS | E60: =IFERROR(VLOOKUP(A60,'DATA PER 111225'!$A$2:$C$120,3),"") -> PRODUKSI STOK LUUCA
A61: POETRI BALI KACANG MEDAN | B61: BB-100508 | C61: B004 | D61: PCS | E61: =IFERROR(VLOOKUP(A61,'DATA PER 111225'!$A$2:$C$120,3),"") -> PRODUKSI STOK LUUCA
A62: POETRI BALI KACANG KAPRI SPICY | B62: BB-100509 | C62: B004 | D62: PCS | E62: =IFERROR(VLOOKUP(A62,'DATA PER 111225'!$A$2:$C$120,3),"") -> PRODUKSI STOK LUUCA
A63: POETRI BALI KACANG KAPRI | B63: BB-100510 | C63: B004 | D63: PCS | E63: =IFERROR(VLOOKUP(A63,'DATA PER 111225'!$A$2:$C$120,3),"") -> PRODUKSI STOK LUUCA
A64: POETRI BALI CASHEW ORI | B64: BB-100511 | C64: B004 | D64: PCS | E64: =IFERROR(VLOOKUP(A64,'DATA PER 111225'!$A$2:$C$120,3),"") -> PRODUKSI STOK LUUCA
A65: POETRI BALI CASHEW CRISPY | B65: BB-100512 | C65: B004 | D65: PCS | E65: =IFERROR(VLOOKUP(A65,'DATA PER 111225'!$A$2:$C$120,3),"") -> PRODUKSI STOK LUUCA
A66: POETRI BALI KACANG MANIS | B66: BB-100513 | C66: B004 | D66: PCS | E66: =IFERROR(VLOOKUP(A66,'DATA PER 111225'!$A$2:$C$120,3),"") -> PRODUKSI STOK LUUCA
A67: POETRI BALI KACANG BALI ASIN | B67: BB-100514 | C67: B004 | D67: PCS | E67: =IFERROR(VLOOKUP(A67,'DATA PER 111225'!$A$2:$C$120,3),"") -> PRODUKSI STOK LUUCA
A68: Pocky Strawberry | B68: BB-100515 | C68: B004 | D68: PCS | E68: =IFERROR(VLOOKUP(A68,'DATA PER 111225'!$A$2:$C$120,3),"") -> PRODUKSI STOK LUUCA
A69: TELUR LUUCA | B69: BB-100517 | C69: B004 | D69: PCS | E69: =IFERROR(VLOOKUP(A69,'DATA PER 111225'!$A$2:$C$120,3),"") -> PRODUKSI STOK LUUCA
A70: WHIPPING CREAM LUUCA | B70: BB-100518 | C70: B004 | D70: GR | E70: =IFERROR(VLOOKUP(A70,'DATA PER 111225'!$A$2:$C$120,3),"") -> PRODUKSI STOK LUUCA
... A79: GREENFIELD | B79: BB-100527 | C79: B004 | D79: ML | E79: =IFERROR(VLOOKUP(A79,'DATA PER 111225'!$A$2:$C$120,3),"") -> BAHAN BAKU LUUCA
E80: =IFERROR(VLOOKUP(A80,'DATA PER 111225'!$A$2:$C$120,3),"")
A81: Cup Luuca Salah | B81: L001 | C81: L001 | D81: PCS | E81: =IFERROR(VLOOKUP(A81,'DATA PER 111225'!$A$2:$C$120,3),"") -> BAHAN BAKU LUUCA
A82: Romeo Chocolate | B82: L001-001 | C82: L001 | D82: PRS | E82: =IFERROR(VLOOKUP(A82,'DATA PER 111225'!$A$2:$C$120,3),"") -> PRODUKSI STOK LUUCA
A83: Pisa Chocolate | B83: L001-002 | C83: L001 | D83: PRS | E83: =IFERROR(VLOOKUP(A83,'DATA PER 111225'!$A$2:$C$120,3),"") -> PRODUKSI STOK LUUCA
A84: Verona Chocolate | B84: L001-003 | C84: L001 | D84: PRS | E84: =IFERROR(VLOOKUP(A84,'DATA PER 111225'!$A$2:$C$120,3),"") -> PRODUKSI STOK LUUCA
A85: Ferrara Chocolate | B85: L001-004 | C85: L001 | D85: PRS | E85: =IFERROR(VLOOKUP(A85,'DATA PER 111225'!$A$2:$C$120,3),"") -> BAHAN BAKU LUUCA
A86: Venesia Chocolate | B86: L001-005 | C86: L001 | D86: PRS | E86: =IFERROR(VLOOKUP(A86,'DATA PER 111225'!$A$2:$C$120,3),"") -> PRODUKSI STOK LUUCA
A87: Sienna Chocolate | B87: L001-006 | C87: L001 | D87: PRS | E87: =IFERROR(VLOOKUP(A87,'DATA PER 111225'!$A$2:$C$120,3),"") -> PRODUKSI STOK LUUCA
A88: Juliet Yogurt | B88: L001-007 | C88: L001 | D88: PRS | E88: =IFERROR(VLOOKUP(A88,'DATA PER 111225'!$A$2:$C$120,3),"") -> BAHAN BAKU LUUCA
A89: Napoli Yogurt | B89: L001-008 | C89: L001 | D89: PRS | E89: =IFERROR(VLOOKUP(A89,'DATA PER 111225'!$A$2:$C$120,3),"") -> BAHAN BAKU LUUCA
A90: Milan Yoghurt | B90: L001-009 | C90: L001 | D90: PRS | E90: =IFERROR(VLOOKUP(A90,'DATA PER 111225'!$A$2:$C$120,3),"") -> BAHAN BAKU LUUCA
A91: Padova Yogurt | B91: L001-010 | C91: L001 | D91: PRS | E91: =IFERROR(VLOOKUP(A91,'DATA PER 111225'!$A$2:$C$120,3),"") -> PRODUKSI STOK LUUCA
A92: Florence Yogurt | B92: L001-011 | C92: L001 | D92: PRS | E92: =IFERROR(VLOOKUP(A92,'DATA PER 111225'!$A$2:$C$120,3),"") -> BAHAN BAKU LUUCA
... A97: Nara Matcha | B97: L001-016 | C97: L001 | D97: PRS | E97: =IFERROR(VLOOKUP(A97,'DATA PER 111225'!$A$2:$C$120,3),"") -> BAHAN BAKU LUUCA
A98: Akita Matcha | B98: L001-017 | C98: L001 | D98: PRS | E98: BAHAN BAKU LUUCA
A99: Aomori Matcha | B99: L001-018 | C99: L001 | D99: PRS | E99: BAHAN BAKU LUUCA
A100: Meguro Matcha | B100: L001-019 | C100: L001 | D100: PRS | E100: =IFERROR(VLOOKUP(A100,'DATA PER 111225'!$A$2:$C$120,3),"") -> BAHAN BAKU LUUCA
A101: Iora Strawberry | B101: L001-020 | C101: L001 | D101: PRS | E101: =IFERROR(VLOOKUP(A101,'DATA PER 111225'!$A$2:$C$120,3),"") -> BAHAN BAKU LUUCA
A102: Monza Strawberry | B102: L001-021 | C102: L001 | D102: PRS | E102: =IFERROR(VLOOKUP(A102,'DATA PER 111225'!$A$2:$C$120,3),"") -> BAHAN BAKU LUUCA
A103: Forla Strawberry | B103: L001-022 | C103: L001 | D103: PRS | E103: =IFERROR(VLOOKUP(A103,'DATA PER 111225'!$A$2:$C$120,3),"") -> BAHAN BAKU LUUCA
A104: Novara Strawberry | B104: L001-023 | C104: L001 | D104: PRS | E104: =IFERROR(VLOOKUP(A104,'DATA PER 111225'!$A$2:$C$120,3),"") -> BAHAN BAKU LUUCA
A105: Glamora Strawberry | B105: L001-024 | C105: L001 | D105: PRS | E105: =IFERROR(VLOOKUP(A105,'DATA PER 111225'!$A$2:$C$120,3),"") -> BAHAN BAKU LUUCA
A106: Pavia Strawberry | B106: L001-025 | C106: L001 | D106: PRS | E106: =IFERROR(VLOOKUP(A106,'DATA PER 111225'!$A$2:$C$120,3),"") -> PRODUKSI STOK LUUCA
A107: Latte Amore - Hot | B107: L001-026 | C107: L001 | D107: PRS | E107: =IFERROR(VLOOKUP(A107,'DATA PER 111225'!$A$2:$C$120,3),"") -> BAHAN BAKU LUUCA
A108: Latte Amore - Ice | B108: L001-027 | C108: L001 | D108: PRS | E108: =IFERROR(VLOOKUP(A108,'DATA PER 111225'!$A$2:$C$120,3),"") -> BAHAN BAKU LUUCA
A109: Brew & Cacao - Hot | B109: L001-028 | C109: L001 | D109: PRS | E109: =IFERROR(VLOOKUP(A109,'DATA PER 111225'!$A$2:$C$120,3),"") -> BAHAN BAKU LUUCA
A110: Brew & Cacao - Ice | B110: L001-029 | C110: L001 | D110: PRS | E110: =IFERROR(VLOOKUP(A110,'DATA PER 111225'!$A$2:$C$120,3),"") -> BAHAN BAKU LUUCA
A111: Classico - Hot | B111: L001-030 | C111: L001 | D111: PRS | E111: =IFERROR(VLOOKUP(A111,'DATA PER 111225'!$A$2:$C$120,3),"") -> BAHAN BAKU LUUCA
... A122: Cacao Barel - Ice | B122: L001-041 | C122: L001 | D122: PRS | E122: =IFERROR(VLOOKUP(A122,'DATA PER 111225'!$A$2:$C$120,3),"") -> BAHAN BAKU LUUCA
A123: Air Mineral | B123: L001-042 | C123: L001 | D123: PCS | E123: BAHAN BAKU LUUCA
A124: Choco Stick | B124: L001-043 | C124: L001 | D124: PRS | E124: =IFERROR(VLOOKUP(A124,'DATA PER 111225'!$A$2:$C$120,3),"") -> BAHAN BAKU LUUCA
A125: Callebaut Caramel Sauce | B125: L001-044 | C125: L001 | D125: PRS | E125: =IFERROR(VLOOKUP(A125,'DATA PER 111225'!$A$2:$C$120,3),"") -> BAHAN BAKU LUUCA
A126: Cheese Cube | B126: L001-045 | C126: L001 | D126: PRS | E126: =IFERROR(VLOOKUP(A126,'DATA PER 111225'!$A$2:$C$120,3),"") -> BAHAN BAKU LUUCA
A127: Poetry Bali Kacang Medan 75gr | B127: L001-046 | C127: L001 | D127: PCS | E127: =IFERROR(VLOOKUP(A127,'DATA PER 111225'!$A$2:$C$120,3),"") -> PRODUKSI STOK LUUCA
A128: Poetry Bali Kacang Kapri Spicy 75gr | B128: L001-047 | C128: L001 | D128: PCS | E128: =IFERROR(VLOOKUP(A128,'DATA PER 111225'!$A$2:$C$120,3),"") -> PRODUKSI STOK LUUCA
A129: Poetry Bali Kacang Kapri 75gr | B129: L001-048 | C129: L001 | D129: PCS | E129: =IFERROR(VLOOKUP(A129,'DATA PER 111225'!$A$2:$C$120,3),"") -> PRODUKSI STOK LUUCA
A130: Poetry Bali Cashew Ori 75gr | B130: L001-049 | C130: L001 | D130: PCS | E130: =IFERROR(VLOOKUP(A130,'DATA PER 111225'!$A$2:$C$120,3),"") -> PRODUKSI STOK LUUCA
A131: Poetry Bali Cashew Crispy 75gr | B131: L001-050 | C131: L001 | D131: PCS | E131: =IFERROR(VLOOKUP(A131,'DATA PER 111225'!$A$2:$C$120,3),"") -> PRODUKSI STOK LUUCA
A132: Poetry Bali Kacang Bali Manis 75gr | B132: L001-051 | C132: L001 | D132: PCS | E132: =IFERROR(VLOOKUP(A132,'DATA PER 111225'!$A$2:$C$120,3),"") -> PRODUKSI STOK LUUCA
A133: Poetry Bali Kacang Bali Asin 75gr | B133: L001-052 | C133: L001 | D133: PCS | E133: =IFERROR(VLOOKUP(A133,'DATA PER 111225'!$A$2:$C$120,3),"") -> PRODUKSI STOK LUUCA
A134: Chocolate Sauce | B134: L001-053 | C134: L001 | D134: PRS | E134: =IFERROR(VLOOKUP(A134,'DATA PER 111225'!$A$2:$C$120,3),"") -> BAHAN BAKU LUUCA
A135: Cone Crumble | B135: L001-054 | C135: L001 | D135: PRS | E135: =IFERROR(VLOOKUP(A135,'DATA PER 111225'!$A$2:$C$120,3),"") -> BAHAN BAKU LUUCA
... A142: Strawberry Stick | B142: L001-061 | C142: L001 | D142: PRS | E142: =IFERROR(VLOOKUP(A142,'DATA PER 111225'!$A$2:$C$120,3),"") -> PRODUKSI STOK LUUCA
A143: Almond | B143: L001-062 | C143: L001 | D143: PRS | E143: BAHAN BAKU LUUCA
A144: Granola | B144: L001-063 | C144: L001 | D144: PRS | E144: =IFERROR(VLOOKUP(A144,'DATA PER 111225'!$A$2:$C$120,3),"") -> BAHAN BAKU LUUCA
A145: Longan | B145: L001-064 | C145: L001 | D145: PRS | E145: =IFERROR(VLOOKUP(A145,'DATA PER 111225'!$A$2:$C$120,3),"") -> BAHAN BAKU LUUCA
A146: Mix Fruit | B146: L001-065 | C146: L001 | D146: PRS | E146: =IFERROR(VLOOKUP(A146,'DATA PER 111225'!$A$2:$C$120,3),"") -> BAHAN BAKU LUUCA
A147: Nata De Coco | B147: L001-066 | C147: L001 | D147: PRS | E147: =IFERROR(VLOOKUP(A147,'DATA PER 111225'!$A$2:$C$120,3),"") -> BAHAN BAKU LUUCA
A148: Rainbow Ceres | B148: L001-067 | C148: L001 | D148: PRS | E148: =IFERROR(VLOOKUP(A148,'DATA PER 111225'!$A$2:$C$120,3),"") -> PRODUKSI STOK LUUCA
A149: Pistalato | B149: L001-068 | C149: L001 | D149: PRS | E149: =IFERROR(VLOOKUP(A149,'DATA PER 111225'!$A$2:$C$120,3),"") -> PRODUKSI STOK LUUCA
A150: Dolcetta | B150: L001-069 | C150: L001 | D150: PRS | E150: =IFERROR(VLOOKUP(A150,'DATA PER 111225'!$A$2:$C$120,3),"") -> BAHAN BAKU LUUCA
A151: Fiocco | B151: L001-070 | C151: L001 | D151: PRS | E151: =IFERROR(VLOOKUP(A151,'DATA PER 111225'!$A$2:$C$120,3),"") -> BAHAN BAKU LUUCA
A152: Fiochella | B152: L001-071 | C152: L001 | D152: PRS | E152: =IFERROR(VLOOKUP(A152,'DATA PER 111225'!$A$2:$C$120,3),"") -> BAHAN BAKU LUUCA
A153: Croissant Classico | B153: L001-072 | C153: L001 | D153: PRS | E153: =IFERROR(VLOOKUP(A153,'DATA PER 111225'!$A$2:$C$120,3),"") -> BAHAN BAKU LUUCA
A154: Quadro Dolce | B154: L001-073 | C154: L001 | D154: PRS | E154: =IFERROR(VLOOKUP(A154,'DATA PER 111225'!$A$2:$C$120,3),"") -> PRODUKSI STOK LUUCA
A155: Clacciola Made With Kitkat | B155: L001-074 | C155: L001 | D155: PRS | E155: =IFERROR(VLOOKUP(A155,'DATA PER 111225'!$A$2:$C$120,3),"") -> BAHAN BAKU LUUCA
... A183: Croissant Soft Serve Pair | B183: L001-102 | C183: L001 | D183: PRS | E183: =IFERROR(VLOOKUP(A183,'DATA PER 111225'!$A$2:$C$120,3),"") -> BAHAN BAKU LUUCA
E184: =IFERROR(VLOOKUP(A184,'DATA PER 111225'!$A$2:$C$120,3),"")
A185: SLEEVE CONE - LUUCA | B185: BB-100025 | C185: P005 | D185: PCS | E185: =IFERROR(VLOOKUP(A185,'DATA PER 111225'!$A$2:$C$120,3),"") -> PRODUKSI STOK LUUCA
A186: CUP PET 12OZ LUUCA | B186: BB-100026 | C186: P005 | D186: PCS | E186: =IFERROR(VLOOKUP(A186,'DATA PER 111225'!$A$2:$C$120,3),"") -> BAHAN BAKU LUUCA
A187: SENDOK ICE CREAM | B187: BB-100028 | C187: P005 | D187: PCS | E187: =IFERROR(VLOOKUP(A187,'DATA PER 111225'!$A$2:$C$120,3),"") -> PRODUKSI STOK LUUCA
A188: LID DOME PET | B188: BB-100030 | C188: P005 | D188: PCS | E188: =IFERROR(VLOOKUP(A188,'DATA PER 111225'!$A$2:$C$120,3),"") -> BAHAN BAKU LUUCA
A189: KANTONG SMALL - 15 | B189: BB-100031 | C189: P005 | D189: PCS | E189: =IFERROR(VLOOKUP(A189,'DATA PER 111225'!$A$2:$C$120,3),"") -> BAHAN BAKU LUUCA
A190: KANTONG MEDIUM - 20 | B190: BB-100032 | C190: P005 | D190: PCS | E190: =IFERROR(VLOOKUP(A190,'DATA PER 111225'!$A$2:$C$120,3),"") -> BAHAN BAKU LUUCA
A191: KANTONG LARGE - 25 | B191: BB-100033 | C191: P005 | D191: PCS | E191: =IFERROR(VLOOKUP(A191,'DATA PER 111225'!$A$2:$C$120,3),"") -> BAHAN BAKU LUUCA
A192: CUP PP 16OZ LUUCA | B192: BB-100136 | C192: P005 | D192: PCS | E192: =IFERROR(VLOOKUP(A192,'DATA PER 111225'!$A$2:$C$120,3),"") -> BAHAN BAKU LUUCA
A193: PAPERBAG | B193: BB-100194 | C193: P005 | D193: PCS | E193: =IFERROR(VLOOKUP(A193,'DATA PER 111225'!$A$2:$C$120,3),"") -> PRODUKSI STOK LUUCA
A194: LID KABEL BENING | B194: BB-100288 | C194: P005 | D194: PCS | E194: =IFERROR(VLOOKUP(A194,'DATA PER 111225'!$A$2:$C$120,3),"") -> BAHAN BAKU LUUCA
A195: PAPER CUP 12OZ LUUCA | B195: BB-100289 | C195: P005 | D195: PCS | E195: =IFERROR(VLOOKUP(A195,'DATA PER 111225'!$A$2:$C$120,3),"") -> PRODUKSI STOK LUUCA
A196: KARDUS PACKAGING PASTRY | B196: BB-100300 | C196: P005 | D196: PCS | E196: =IFERROR(VLOOKUP(A196,'DATA PER 111225'!$A$2:$C$120,3),"") -> BAHAN BAKU LUUCA
... A200: PLASTIK SEGITIGA | B200: BB-100516 | C200: P005 | D200: PCS | E200: =IFERROR(VLOOKUP(A200,'DATA PER 111225'!$A$2:$C$120,3),"") -> PRODUKSI STOK LUUCA
E201: =IFERROR(VLOOKUP(A201,'DATA PER 111225'!$A$2:$C$120,3),"")
...

Sheet DASHBOARD
A1: FORM ADJUSTMENT
A2: PT. KREASI LIMA CAHAYA
A3: LUUCA CILEDUG
A4: BULAN, TAHUN:
A6: TANGGAL | B6: NAMA PRODUK | C6: KODE CSA | D6: JENIS | E6: JUMLAH | F6: SATUAN CSA | G6: ALASAN WASTE | H6: USER | I6: KATEGORI | J6: AUDIT
B7: BUAH KIWI | C7: =IFERROR(VLOOKUP(B7,'MASTER DATA'!$A$1:$E$212,2,FALSE),"") -> BB-100502 | D7: =IFERROR(VLOOKUP(B7,'MASTER DATA'!$A$1:$E$212,5,FALSE),"") -> BAHAN BAKU LUUCA | F7: =IFERROR(VLOOKUP(B7,'MASTER DATA'!$A$1:$E$212,4,FALSE),"") -> GR | J7: FALSE
D8: =IFERROR(VLOOKUP(B8,'MASTER DATA'!$A$1:$E$212,5,FALSE),"") | F8: =IFERROR(VLOOKUP(B8,'MASTER DATA'!$A$1:$E$212,4,FALSE),"") | J8: FALSE
C9: =IFERROR(VLOOKUP(B9,'MASTER DATA'!$A$1:$E$212,2,FALSE),"") | D9: =IFERROR(VLOOKUP(B9,'MASTER DATA'!$A$1:$E$212,5,FALSE),"") | F9: =IFERROR(VLOOKUP(B9,'MASTER DATA'!$A$1:$E$212,4,FALSE),"") | J9: FALSE
C10: =IFERROR(VLOOKUP(B10,'MASTER DATA'!$A$1:$E$212,2,FALSE),"") | D10: =IFERROR(VLOOKUP(B10,'MASTER DATA'!$A$1:$E$212,5,FALSE),"") | F10: =IFERROR(VLOOKUP(B10,'MASTER DATA'!$A$1:$E$212,4,FALSE),"") | J10: FALSE
C11: =IFERROR(VLOOKUP(B11,'MASTER DATA'!$A$1:$E$212,2,FALSE),"") | D11: =IFERROR(VLOOKUP(B11,'MASTER DATA'!$A$1:$E$212,5,FALSE),"") | F11: =IFERROR(VLOOKUP(B11,'MASTER DATA'!$A$1:$E$212,4,FALSE),"") | J11: FALSE
C12: =IFERROR(VLOOKUP(B12,'MASTER DATA'!$A$1:$E$212,2,FALSE),"") | D12: =IFERROR(VLOOKUP(B12,'MASTER DATA'!$A$1:$E$212,5,FALSE),"") | F12: =IFERROR(VLOOKUP(B12,'MASTER DATA'!$A$1:$E$212,4,FALSE),"") | J12: FALSE
C13: =IFERROR(VLOOKUP(B13,'MASTER DATA'!$A$1:$E$212,2,FALSE),"") | D13: =IFERROR(VLOOKUP(B13,'MASTER DATA'!$A$1:$E$212,5,FALSE),"") | F13: =IFERROR(VLOOKUP(B13,'MASTER DATA'!$A$1:$E$212,4,FALSE),"") | J13: FALSE
C14: =IFERROR(VLOOKUP(B14,'MASTER DATA'!$A$1:$E$212,2,FALSE),"") | D14: =IFERROR(VLOOKUP(B14,'MASTER DATA'!$A$1:$E$212,5,FALSE),"") | F14: =IFERROR(VLOOKUP(B14,'MASTER DATA'!$A$1:$E$212,4,FALSE),"") | J14: FALSE
C15: =IFERROR(VLOOKUP(B15,'MASTER DATA'!$A$1:$E$212,2,FALSE),"") | D15: =IFERROR(VLOOKUP(B15,'MASTER DATA'!$A$1:$E$212,5,FALSE),"") | F15: =IFERROR(VLOOKUP(B15,'MASTER DATA'!$A$1:$E$212,4,FALSE),"") | J15: FALSE
C16: =IFERROR(VLOOKUP(B16,'MASTER DATA'!$A$1:$E$212,2,FALSE),"") | D16: =IFERROR(VLOOKUP(B16,'MASTER DATA'!$A$1:$E$212,5,FALSE),"") | F16: =IFERROR(VLOOKUP(B16,'MASTER DATA'!$A$1:$E$212,4,FALSE),"") | J16: FALSE
C17: =IFERROR(VLOOKUP(B17,'MASTER DATA'!$A$1:$E$212,2,FALSE),"") | D17: =IFERROR(VLOOKUP(B17,'MASTER DATA'!$A$1:$E$212,5,FALSE),"") | F17: =IFERROR(VLOOKUP(B17,'MASTER DATA'!$A$1:$E$212,4,FALSE),"") | J17: FALSE
C18: =IFERROR(VLOOKUP(B18,'MASTER DATA'!$A$1:$E$212,2,FALSE),"") | D18: =IFERROR(VLOOKUP(B18,'MASTER DATA'!$A$1:$E$212,5,FALSE),"") | F18: =IFERROR(VLOOKUP(B18,'MASTER DATA'!$A$1:$E$212,4,FALSE),"") | J18: FALSE
C19: =IFERROR(VLOOKUP(B19,'MASTER DATA'!$A$1:$E$212,2,FALSE),"") | D19: =IFERROR(VLOOKUP(B19,'MASTER DATA'!$A$1:$E$212,5,FALSE),"") | F19: =IFERROR(VLOOKUP(B19,'MASTER DATA'!$A$1:$E$212,4,FALSE),"") | J19: FALSE
C20: =IFERROR(VLOOKUP(B20,'MASTER DATA'!$A$1:$E$212,2,FALSE),"") | D20: =IFERROR(VLOOKUP(B20,'MASTER DATA'!$A$1:$E$212,5,FALSE),"") | F20: =IFERROR(VLOOKUP(B20,'MASTER DATA'!$A$1:$E$212,4,FALSE),"") | J20: FALSE
... C1000: =IFERROR(VLOOKUP(B1000,'MASTER DATA'!$A$1:$E$212,2,FALSE),"") | D1000: =IFERROR(VLOOKUP(B1000,'MASTER DATA'!$A$1:$E$212,5,FALSE),"") | F1000: =IFERROR(VLOOKUP(B1000,'MASTER DATA'!$A$1:$E$212,4,FALSE),"") | J1000: FALSE

Sheet Sheet3
A1: TANGGAL | B1: NAMA PRODUK | C1: KODE CSA | D1: JENIS | E1: SATUAN CSA | F1: JUMLAH | G1: ALASAN WASTE | H1: USER
B2: POWDER CHOCOLATE 1KG | C2: B004 | D2: BAHAN BAKU LUUCA | E2: GR
B3: POWDER YOGHURT | C3: B004 | D3: BAHAN BAKU LUUCA | E3: GR
B4: POWDER ICE CREAM YOGHURT | C4: B004 | D4: BAHAN BAKU LUUCA | E4: GR
B5: POWDER ICE CREAM CHOCOLATE | C5: B004 | D5: BAHAN BAKU LUUCA | E5: GR
B6: FRISIAN FLAG UHT FULL CREAM 946ML | C6: B004 | D6: BAHAN BAKU LUUCA | E6: ML
B7: SIMPLE SYRUP 3KG | C7: B004 | D7: BAHAN BAKU LUUCA | E7: GR
B8: GRANOLA | C8: B004 | D8: BAHAN BAKU LUUCA | E8: GR
B9: PEANUT 1 kg | C9: B004 | D9: BAHAN BAKU LUUCA | E9: GR
B10: PEPERO ALMOND 32GR | C10: B004 | D10: BAHAN BAKU LUUCA | E10: GR
B11: CARAMEL CHIP CALLEBAUT GOLD 2.5KG | C11: B004 | D11: BAHAN BAKU LUUCA | E11: GR
B12: CHOCO DIP SAUCE BELLA 1KG | C12: B004 | D12: BAHAN BAKU LUUCA | E12: GR
B13: BUAH LONGAN 565GR | C13: B004 | D13: BAHAN BAKU LUUCA | E13: GR
... B120: WIP CHOCOLATE BASE | C120: P006 | D120: PRODUKSI STOK LUUCA | E120: GR

Sheet ADJUSTMENT DESEMBER JC CILEDUG
A1: TANGGAL | B1: NAMA PRODUK | C1: KODE CSA | D1: JENIS | E1: SATUAN CSA | F1: JUMLAH | G1: ALASAN WASTE | H1: USER
A2: 45994 | B2: WIP BLENDED MILKY | C2: =VLOOKUP(B2,Sheet3!$B$2:$E$311,2,FALSE) -> #N/A | D2: =VLOOKUP(B2,Sheet3!$B$2:$E$311,3,) -> #N/A | E2: =VLOOKUP(B2,Sheet3!$B$2:$E$311,4,) -> #N/A | F2: 419 | G2: Training | H2: Fadli
A3: 45994 | B3: WIP MILK FOAM | C3: =VLOOKUP(B3,Sheet3!$B$2:$E$311,2,FALSE) -> #N/A | D3: =VLOOKUP(B3,Sheet3!$B$2:$E$311,3,) -> #N/A | E3: =VLOOKUP(B3,Sheet3!$B$2:$E$311,4,) -> #N/A | F3: 321 | G3: Training | H3: Fadli
A4: 45992 | B4: SIZZLING FRIED CHICKEN STEAK | C4: =VLOOKUP(B4,Sheet3!$B$2:$E$311,2,FALSE) -> #N/A | D4: =VLOOKUP(B4,Sheet3!$B$2:$E$311,3,) -> #N/A | E4: =VLOOKUP(B4,Sheet3!$B$2:$E$311,4,) -> #N/A | F4: 1 | G4: Training | H4: Fadli
A5: 45992 | B5: BEEF SAUSAGE PIZZA | C5: =VLOOKUP(B5,Sheet3!$B$2:$E$311,2,FALSE) -> #N/A | D5: =VLOOKUP(B5,Sheet3!$B$2:$E$311,3,) -> #N/A | E5: =VLOOKUP(B5,Sheet3!$B$2:$E$311,4,) -> #N/A | F5: 1 | G5: Training | H5: Fadli
A6: 45994 | B6: WIP NASI PUTIH | C6: =VLOOKUP(B6,Sheet3!$B$2:$E$311,2,FALSE) -> #N/A | D6: =VLOOKUP(B6,Sheet3!$B$2:$E$311,3,) -> #N/A | E6: =VLOOKUP(B6,Sheet3!$B$2:$E$311,4,) -> #N/A | F6: 1 | G6: Kering | H6: Dendi
A7: 45994 | B7: WIP NASI PUTIH | C7: =VLOOKUP(B7,Sheet3!$B$2:$E$311,2,FALSE) -> #N/A | D7: =VLOOKUP(B7,Sheet3!$B$2:$E$311,3,) -> #N/A | E7: =VLOOKUP(B7,Sheet3!$B$2:$E$311,4,) -> #N/A | F7: 19 | G7: Discard | H7: Dendi
A8: 45994 | B8: ORIGINAL TURBO CHICKEN | C8: =VLOOKUP(B8,Sheet3!$B$2:$E$311,2,FALSE) -> #N/A | D8: =VLOOKUP(B8,Sheet3!$B$2:$E$311,3,) -> #N/A | E8: =VLOOKUP(B8,Sheet3!$B$2:$E$311,4,) -> #N/A | F8: 2 | G8: Training | H8: Iqbal
A9: 45994 | B9: Paprika Hijau | C9: =VLOOKUP(B9,Sheet3!$B$2:$E$311,2,FALSE) -> #N/A | D9: =VLOOKUP(B9,Sheet3!$B$2:$E$311,3,) -> #N/A | E9: =VLOOKUP(B9,Sheet3!$B$2:$E$311,4,) -> #N/A | F9: 12 | G9: Discard | H9: Tegar
A10: 45994 | B10: Paprika Merah | C10: =VLOOKUP(B10,Sheet3!$B$2:$E$311,2,FALSE) -> #N/A | D10: =VLOOKUP(B10,Sheet3!$B$2:$E$311,3,) -> #N/A | E10: =VLOOKUP(B10,Sheet3!$B$2:$E$311,4,) -> #N/A | F10: 12 | G10: Discard | H10: Tegar
A11: 45994 | B11: WIP NASI PUTIH | C11: =VLOOKUP(B11,Sheet3!$B$2:$E$311,2,FALSE) -> #N/A | D11: =VLOOKUP(B11,Sheet3!$B$2:$E$311,3,) -> #N/A | E11: =VLOOKUP(B11,Sheet3!$B$2:$E$311,4,) -> #N/A | F11: 55 | G11: Discard | H11: Tegar
A12: 45994 | B12: WIP UNSWEERENED TEA BASE | C12: =VLOOKUP(B12,Sheet3!$B$2:$E$311,2,FALSE) -> #N/A | D12: =VLOOKUP(B12,Sheet3!$B$2:$E$311,3,) -> #N/A | E12: =VLOOKUP(B12,Sheet3!$B$2:$E$311,4,) -> #N/A | F12: 3500 | G12: Discard | H12: Fadli
A13: 45994 | B13: WIP RED TEA BASE | C13: =VLOOKUP(B13,Sheet3!$B$2:$E$311,2,FALSE) -> #N/A | D13: =VLOOKUP(B13,Sheet3!$B$2:$E$311,3,) -> #N/A | E13: =VLOOKUP(B13,Sheet3!$B$2:$E$311,4,) -> #N/A | F13: 1100 | G13: Discard | H13: Fadli
... A133: 46009 | B133: ORLEAN MEAT | C133: =VLOOKUP(B133,Sheet3!$B$2:$E$311,2,FALSE) -> #N/A | D133: =VLOOKUP(B133,Sheet3!$B$2:$E$311,3,) -> #N/A | E133: =VLOOKUP(B133,Sheet3!$B$2:$E$311,4,) -> #N/A | F133: 157 | G133: Discard | H133: Tegar
A134: 46009 | B134: Topping ayam sambal bali | C134: =VLOOKUP(B134,Sheet3!$B$2:$E$311,2,FALSE) -> #N/A | D134: =VLOOKUP(B134,Sheet3!$B$2:$E$311,3,) -> #N/A | E134: Gr | F134: 495 | G134: Discard | H134: Tegar
A135: 46009 | B135: WIP NASI PUTIH | C135: =VLOOKUP(B135,Sheet3!$B$2:$E$311,2,FALSE) -> #N/A | D135: =VLOOKUP(B135,Sheet3!$B$2:$E$311,3,) -> #N/A | E135: =VLOOKUP(B135,Sheet3!$B$2:$E$311,4,) -> #N/A | F135: 4 | G135: Discard | H135: Karin
A136: 46009 | B136: AMERICAN FRIES | C136: =VLOOKUP(B136,Sheet3!$B$2:$E$311,2,FALSE) -> #N/A | D136: =VLOOKUP(B136,Sheet3!$B$2:$E$311,3,) -> #N/A | E136: =VLOOKUP(B136,Sheet3!$B$2:$E$311,4,) -> #N/A | F136: 1 | G136: Discard | H136: Karin
A137: 46010 | B137: Sosis Sapi | C137: =VLOOKUP(B137,Sheet3!$B$2:$E$311,2,FALSE) -> #N/A | D137: =VLOOKUP(B137,Sheet3!$B$2:$E$311,3,) -> #N/A | E137: =VLOOKUP(B137,Sheet3!$B$2:$E$311,4,) -> #N/A | F137: 76 | G137: Discard | H137: Rosidin
A138: 46010 | B138: Telur | C138: =VLOOKUP(B138,Sheet3!$B$2:$E$311,2,FALSE) -> #N/A | D138: =VLOOKUP(B138,Sheet3!$B$2:$E$311,3,) -> #N/A | E138: =VLOOKUP(B138,Sheet3!$B$2:$E$311,4,) -> #N/A | F138: 1 | G138: pecah | H138: Rosidin
A139: 46010 | B139: Topping ayam sambal bali | C139: =VLOOKUP(B139,Sheet3!$B$2:$E$311,2,FALSE) -> #N/A | D139: =VLOOKUP(B139,Sheet3!$B$2:$E$311,3,) -> #N/A | E139: Gr | F139: 88 | G139: Discard | H139: Rosidin
A140: 46010 | B140: Telur | C140: =VLOOKUP(B140,Sheet3!$B$2:$E$311,2,FALSE) -> #N/A | D140: =VLOOKUP(B140,Sheet3!$B$2:$E$311,3,) -> #N/A | E140: =VLOOKUP(B140,Sheet3!$B$2:$E$311,4,) -> #N/A | F140: 1 | G140: Discard | H140: Karin
A141: 46010 | B141: WIP TELUR KOCOK | C141: =VLOOKUP(B141,Sheet3!$B$2:$E$311,2,FALSE) -> #N/A | D141: =VLOOKUP(B141,Sheet3!$B$2:$E$311,3,) -> #N/A | E141: =VLOOKUP(B141,Sheet3!$B$2:$E$311,4,) -> #N/A | F141: 186 | G141: Discard | H141: Karin
A142: 46010 | B142: WIP UNSWEERENED TEA BASE | C142: =VLOOKUP(B142,Sheet3!$B$2:$E$311,2,FALSE) -> #N/A | D142: =VLOOKUP(B142,Sheet3!$B$2:$E$311,3,) -> #N/A | E142: =VLOOKUP(B142,Sheet3!$B$2:$E$311,4,) -> #N/A | F142: 3500 | G142: Discard | H142: Neza
A143: 46010 | B143: WIP GREEN TEA BASE | C143: =VLOOKUP(B143,Sheet3!$B$2:$E$311,2,FALSE) -> #N/A | D143: =VLOOKUP(B143,Sheet3!$B$2:$E$311,3,) -> #N/A | E143: =VLOOKUP(B143,Sheet3!$B$2:$E$311,4,) -> #N/A | F143: 2000 | G143: Discard | H143: Neza
A144: 46010 | B144: WIP LEMON TEA BATCH | C144: =VLOOKUP(B144,Sheet3!$B$2:$E$311,2,FALSE) -> #N/A | D144: =VLOOKUP(B144,Sheet3!$B$2:$E$311,3,) -> #N/A | E144: =VLOOKUP(B144,Sheet3!$B$2:$E$311,4,) -> #N/A | F144: 700 | G144: Discard | H144: Neza
A145: 46010 | B145: WIP RED TEA BASE | C145: =VLOOKUP(B145,Sheet3!$B$2:$E$311,2,FALSE) -> #N/A | D145: =VLOOKUP(B145,Sheet3!$B$2:$E$311,3,) -> #N/A | E145: =VLOOKUP(B145,Sheet3!$B$2:$E$311,4,) -> #N/A | F145: 2500 | G145: Discard | H145: Neza
A146: 46010 | B146: SCRAMBLED EGG | C146: =VLOOKUP(B146,Sheet3!$B$2:$E$311,2,FALSE) -> #N/A | D146: =VLOOKUP(B146,Sheet3!$B$2:$E$311,3,) -> #N/A | E146: =VLOOKUP(B146,Sheet3!$B$2:$E$311,4,) -> #N/A | F146: 2 | G146: Discard | H146: Karin
A147: 46010 | B147: WIP NASI PUTIH | C147: =VLOOKUP(B147,Sheet3!$B$2:$E$311,2,FALSE) -> #N/A | D147: =VLOOKUP(B147,Sheet3!$B$2:$E$311,3,) -> #N/A | E147: =VLOOKUP(B147,Sheet3!$B$2:$E$311,4,) -> #N/A | F147: 13 | G147: Discard | H147: Karin
A148: 46010 | B148: WIP NASI PUTIH | C148: =VLOOKUP(B148,Sheet3!$B$2:$E$311,2,FALSE) -> #N/A | D148: =VLOOKUP(B148,Sheet3!$B$2:$E$311,3,) -> #N/A | E148: =VLOOKUP(B148,Sheet3!$B$2:$E$311,4,) -> #N/A | F148: 12 | G148: Discard | H148: Karin
A149: 46010 | B149: WIP NASI PUTIH | C149: =VLOOKUP(B149,Sheet3!$B$2:$E$311,2,FALSE) -> #N/A | D149: =VLOOKUP(B149,Sheet3!$B$2:$E$311,3,) -> #N/A | E149: =VLOOKUP(B149,Sheet3!$B$2:$E$311,4,) -> #N/A | F149: 16 | G149: Discard | H149: Karin
A150: 46011 | B150: WIP MILK FOAM | C150: =VLOOKUP(B150,Sheet3!$B$2:$E$311,2,FALSE) -> #N/A | D150: =VLOOKUP(B150,Sheet3!$B$2:$E$311,3,) -> #N/A | E150: =VLOOKUP(B150,Sheet3!$B$2:$E$311,4,) -> #N/A | F150: 249 | G150: Discard | H150: Neza
A151: 46011 | B151: WIP NASI PUTIH | C151: =VLOOKUP(B151,Sheet3!$B$2:$E$311,2,FALSE) -> #N/A | D151: =VLOOKUP(B151,Sheet3!$B$2:$E$311,3,) -> #N/A | E151: =VLOOKUP(B151,Sheet3!$B$2:$E$311,4,) -> #N/A | F151: 21 | G151: Discard | H151: Nagof
... A175: 46013 | B175: WIP GREEN TEA BASE | C175: =VLOOKUP(B175,Sheet3!$B$2:$E$311,2,FALSE) -> #N/A | D175: =VLOOKUP(B175,Sheet3!$B$2:$E$311,3,) -> #N/A | E175: =VLOOKUP(B175,Sheet3!$B$2:$E$311,4,) -> #N/A | F175: 3500 | G175: Discard | H175: Neza
A176: 46013 | B176: WIP NASI PUTIH | C176: =VLOOKUP(B176,Sheet3!$B$2:$E$311,2,FALSE) -> #N/A | D176: =VLOOKUP(B176,Sheet3!$B$2:$E$311,3,) -> #N/A | E176: =VLOOKUP(B176,Sheet3!$B$2:$E$311,4,) -> #N/A | F176: =4680/130 -> 36 | G176: Discard | H176: Karin
A177: 46013 | B177: WIP NASI PUTIH | C177: =VLOOKUP(B177,Sheet3!$B$2:$E$311,2,FALSE) -> #N/A | D177: =VLOOKUP(B177,Sheet3!$B$2:$E$311,3,) -> #N/A | E177: =VLOOKUP(B177,Sheet3!$B$2:$E$311,4,) -> #N/A | F177: 28 | G177: Discard | H177: Karin
A178: 46013 | B178: WIP TELUR KOCOK | C178: =VLOOKUP(B178,Sheet3!$B$2:$E$311,2,FALSE) -> #N/A | D178: =VLOOKUP(B178,Sheet3!$B$2:$E$311,3,) -> #N/A | E178: =VLOOKUP(B178,Sheet3!$B$2:$E$311,4,) -> #N/A | F178: 285 | G178: Discard | H178: Karin
A179: 46013 | B179: SCRAMBLED EGG | C179: =VLOOKUP(B179,Sheet3!$B$2:$E$311,2,FALSE) -> #N/A | D179: =VLOOKUP(B179,Sheet3!$B$2:$E$311,3,) -> #N/A | E179: =VLOOKUP(B179,Sheet3!$B$2:$E$311,4,) -> #N/A | F179: 3 | G179: Discard | H179: Karin
A180: 46013 | B180: AMERICAN FRIES | C180: =VLOOKUP(B180,Sheet3!$B$2:$E$311,2,FALSE) -> #N/A | D180: =VLOOKUP(B180,Sheet3!$B$2:$E$311,3,) -> #N/A | E180: =VLOOKUP(B180,Sheet3!$B$2:$E$311,4,) -> #N/A | F180: 1 | G180: Discard | H180: Karin
A181: 46014 | B181: WIP TOPPING AYAM SAMBAL BAWANG | C181: =VLOOKUP(B181,Sheet3!$B$2:$E$311,2,FALSE) -> #N/A | D181: =VLOOKUP(B181,Sheet3!$B$2:$E$311,3,) -> #N/A | E181: =VLOOKUP(B181,Sheet3!$B$2:$E$311,4,) -> #N/A | F181: 454 | G181: Discard | H181: Dendi
A182: 46014 | B182: WIP NASI PUTIH | C182: =VLOOKUP(B182,Sheet3!$B$2:$E$311,2,FALSE) -> #N/A | D182: =VLOOKUP(B182,Sheet3!$B$2:$E$311,3,) -> #N/A | E182: =VLOOKUP(B182,Sheet3!$B$2:$E$311,4,) -> #N/A | F182: 22 | G182: Discard | H182: Dendi
A183: 46014 | B183: WIP RED TEA BASE | C183: =VLOOKUP(B183,Sheet3!$B$2:$E$311,2,FALSE) -> #N/A | D183: =VLOOKUP(B183,Sheet3!$B$2:$E$311,3,) -> #N/A | E183: =VLOOKUP(B183,Sheet3!$B$2:$E$311,4,) -> #N/A | F183: 150 | G183: Discard | H183: Neza
A184: 46014 | B184: WIP LEMON TEA BATCH | C184: =VLOOKUP(B184,Sheet3!$B$2:$E$311,2,FALSE) -> #N/A | D184: =VLOOKUP(B184,Sheet3!$B$2:$E$311,3,) -> #N/A | E184: =VLOOKUP(B184,Sheet3!$B$2:$E$311,4,) -> #N/A | F184: 1000 | G184: Discard | H184: Neza
A185: 46014 | B185: WIP UNSWEERENED TEA BASE | C185: =VLOOKUP(B185,Sheet3!$B$2:$E$311,2,FALSE) -> #N/A | D185: =VLOOKUP(B185,Sheet3!$B$2:$E$311,3,) -> #N/A | E185: =VLOOKUP(B185,Sheet3!$B$2:$E$311,4,) -> #N/A | F185: 1000 | G185: Discard | H185: Neza
A186: 46014 | B186: WIP GREEN TEA BASE | C186: =VLOOKUP(B186,Sheet3!$B$2:$E$311,2,FALSE) -> #N/A | D186: =VLOOKUP(B186,Sheet3!$B$2:$E$311,3,) -> #N/A | E186: =VLOOKUP(B186,Sheet3!$B$2:$E$311,4,) -> #N/A | F186: 3400 | G186: Discard | H186: Neza
A187: 46015 | B187: FRESH MILK/SUSU MURNI | C187: =VLOOKUP(B187,Sheet3!$B$2:$E$311,2,FALSE) -> #N/A | D187: =VLOOKUP(B187,Sheet3!$B$2:$E$311,3,) -> #N/A | E187: =VLOOKUP(B187,Sheet3!$B$2:$E$311,4,) -> #N/A | F187: 300 | G187: Discard | H187: putra
A188: 46015 | B188: WIP MILK FOAM | C188: =VLOOKUP(B188,Sheet3!$B$2:$E$311,2,FALSE) -> #N/A | D188: =VLOOKUP(B188,Sheet3!$B$2:$E$311,3,) -> #N/A | E188: =VLOOKUP(B188,Sheet3!$B$2:$E$311,4,) -> #N/A | F188: 289 | G188: Discard | H188: Tegar
... A214: 46018 | B214: WIP SAUS GOLDEN | C214: =VLOOKUP(B214,Sheet3!$B$2:$E$311,2,FALSE) -> #N/A | D214: =VLOOKUP(B214,Sheet3!$B$2:$E$311,3,) -> #N/A | E214: =VLOOKUP(B214,Sheet3!$B$2:$E$311,4,) -> #N/A | F214: 378 | G214: Discard | H214: Tegar
A215: 46018 | B215: letuce | C215: =VLOOKUP(B215,Sheet3!$B$2:$E$311,2,FALSE) -> #N/A | D215: =VLOOKUP(B215,Sheet3!$B$2:$E$311,3,) -> #N/A | E215: Gr | F215: 128 | G215: Discard | H215: Tegar
A216: 46018 | B216: WIP BURGER BUN | C216: =VLOOKUP(B216,Sheet3!$B$2:$E$311,2,FALSE) -> #N/A | D216: =VLOOKUP(B216,Sheet3!$B$2:$E$311,3,) -> #N/A | E216: =VLOOKUP(B216,Sheet3!$B$2:$E$311,4,) -> #N/A | F216: 1 | G216: Gagal produksi | H216: Tegar
A217: 46018 | B217: WIP BURGER BUN | C217: =VLOOKUP(B217,Sheet3!$B$2:$E$311,2,FALSE) -> #N/A | D217: =VLOOKUP(B217,Sheet3!$B$2:$E$311,3,) -> #N/A | E217: =VLOOKUP(B217,Sheet3!$B$2:$E$311,4,) -> #N/A | F217: 4 | G217: Gagal produksi | H217: Tegar
A218: 46019 | B218: WIP GREEN TEA BASE | C218: =VLOOKUP(B218,Sheet3!$B$2:$E$311,2,FALSE) -> #N/A | D218: =VLOOKUP(B218,Sheet3!$B$2:$E$311,3,) -> #N/A | E218: =VLOOKUP(B218,Sheet3!$B$2:$E$311,4,) -> #N/A | F218: 1200 | G218: Discard | H218: Rifqi
A219: 46019 | B219: WIP LEMON TEA BATCH | C219: =VLOOKUP(B219,Sheet3!$B$2:$E$311,2,FALSE) -> #N/A | D219: =VLOOKUP(B219,Sheet3!$B$2:$E$311,3,) -> #N/A | E219: =VLOOKUP(B219,Sheet3!$B$2:$E$311,4,) -> #N/A | F219: 3000 | G219: Discard | H219: Rifqi
A220: 46019 | B220: WIP RED TEA BASE | C220: =VLOOKUP(B220,Sheet3!$B$2:$E$311,2,FALSE) -> #N/A | D220: =VLOOKUP(B220,Sheet3!$B$2:$E$311,3,) -> #N/A | E220: =VLOOKUP(B220,Sheet3!$B$2:$E$311,4,) -> #N/A | F220: 1800 | G220: Discard | H220: Rifqi
A221: 46019 | B221: WIP UNSWEERENED TEA BASE | C221: =VLOOKUP(B221,Sheet3!$B$2:$E$311,2,FALSE) -> #N/A | D221: =VLOOKUP(B221,Sheet3!$B$2:$E$311,3,) -> #N/A | E221: =VLOOKUP(B221,Sheet3!$B$2:$E$311,4,) -> #N/A | F221: 600 | G221: Discard | H221: Rifqi
A222: 46019 | B222: AMERICAN FRIES | C222: =VLOOKUP(B222,Sheet3!$B$2:$E$311,2,FALSE) -> #N/A | D222: =VLOOKUP(B222,Sheet3!$B$2:$E$311,3,) -> #N/A | E222: =VLOOKUP(B222,Sheet3!$B$2:$E$311,4,) -> #N/A | F222: 1 | G222: Discard | H222: arul
A223: 46019 | B223: ORIGINAL TURBO CHICKEN | C223: =VLOOKUP(B223,Sheet3!$B$2:$E$311,2,FALSE) -> #N/A | D223: =VLOOKUP(B223,Sheet3!$B$2:$E$311,3,) -> #N/A | E223: =VLOOKUP(B223,Sheet3!$B$2:$E$311,4,) -> #N/A | F223: 1 | G223: Discard | H223: arul
A224: 46019 | B224: WIP NASI PUTIH | C224: =VLOOKUP(B224,Sheet3!$B$2:$E$311,2,FALSE) -> #N/A | D224: =VLOOKUP(B224,Sheet3!$B$2:$E$311,3,) -> #N/A | E224: =VLOOKUP(B224,Sheet3!$B$2:$E$311,4,) -> #N/A | F224: 24 | G224: Discard | H224: Rosidin
A225: 46019 | B225: WIP NASI PUTIH | C225: =VLOOKUP(B225,Sheet3!$B$2:$E$311,2,FALSE) -> #N/A | D225: =VLOOKUP(B225,Sheet3!$B$2:$E$311,3,) -> #N/A | E225: =VLOOKUP(B225,Sheet3!$B$2:$E$311,4,) -> #N/A | F225: 19 | G225: Discard | H225: Rosidin
A226: 46019 | B226: Mixed Veggies | C226: =VLOOKUP(B226,Sheet3!$B$2:$E$311,2,FALSE) -> #N/A | D226: =VLOOKUP(B226,Sheet3!$B$2:$E$311,3,) -> #N/A | E226: =VLOOKUP(B226,Sheet3!$B$2:$E$311,4,) -> #N/A | F226: 20 | G226: Discard | H226: Neza
A227: 46019 | B227: Cabai Merah Keriting | C227: =VLOOKUP(B227,Sheet3!$B$2:$E$311,2,FALSE) -> #N/A | D227: =VLOOKUP(B227,Sheet3!$B$2:$E$311,3,) -> #N/A | E227: =VLOOKUP(B227,Sheet3!$B$2:$E$311,4,) -> #N/A | F227: 384 | G227: Discard | H227: Neza
... A238: 46022 | B238: Mushroom Sauce 25104E | C238: =VLOOKUP(B238,Sheet3!$B$2:$E$311,2,FALSE) -> #N/A | D238: =VLOOKUP(B238,Sheet3!$B$2:$E$311,3,) -> #N/A | E238: =VLOOKUP(B238,Sheet3!$B$2:$E$311,4,) -> #N/A | F238: 223 | G238: Discard | H238: Neza
C239: =VLOOKUP(B239,Sheet3!$B$2:$E$311,2,FALSE) -> #N/A | D239: =VLOOKUP(B239,Sheet3!$B$2:$E$311,3,) -> #N/A | E239: =VLOOKUP(B239,Sheet3!$B$2:$E$311,4,) -> #N/A
C240: =VLOOKUP(B240,Sheet3!$B$2:$E$311,2,FALSE) -> #N/A | D240: =VLOOKUP(B240,Sheet3!$B$2:$E$311,3,) -> #N/A | E240: =VLOOKUP(B240,Sheet3!$B$2:$E$311,4,) -> #N/A
C241: =VLOOKUP(B241,Sheet3!$B$2:$E$311,2,FALSE) -> #N/A | D241: =VLOOKUP(B241,Sheet3!$B$2:$E$311,3,) -> #N/A | E241: =VLOOKUP(B241,Sheet3!$B$2:$E$311,4,) -> #N/A
C242: =VLOOKUP(B242,Sheet3!$B$2:$E$311,2,FALSE) -> #N/A | D242: =VLOOKUP(B242,Sheet3!$B$2:$E$311,3,) -> #N/A | E242: =VLOOKUP(B242,Sheet3!$B$2:$E$311,4,) -> #N/A
C243: =VLOOKUP(B243,Sheet3!$B$2:$E$311,2,FALSE) -> #N/A | D243: =VLOOKUP(B243,Sheet3!$B$2:$E$311,3,) -> #N/A | E243: =VLOOKUP(B243,Sheet3!$B$2:$E$311,4,) -> #N/A
C244: =VLOOKUP(B244,Sheet3!$B$2:$E$311,2,FALSE) -> #N/A | D244: =VLOOKUP(B244,Sheet3!$B$2:$E$311,3,) -> #N/A | E244: =VLOOKUP(B244,Sheet3!$B$2:$E$311,4,) -> #N/A
C245: =VLOOKUP(B245,Sheet3!$B$2:$E$311,2,FALSE) -> #N/A | D245: =VLOOKUP(B245,Sheet3!$B$2:$E$311,3,) -> #N/A | E245: =VLOOKUP(B245,Sheet3!$B$2:$E$311,4,) -> #N/A
C246: =VLOOKUP(B246,Sheet3!$B$2:$E$311,2,FALSE) -> #N/A | D246: =VLOOKUP(B246,Sheet3!$B$2:$E$311,3,) -> #N/A | E246: =VLOOKUP(B246,Sheet3!$B$2:$E$311,4,) -> #N/A
C247: =VLOOKUP(B247,Sheet3!$B$2:$E$311,2,FALSE) -> #N/A | D247: =VLOOKUP(B247,Sheet3!$B$2:$E$311,3,) -> #N/A | E247: =VLOOKUP(B247,Sheet3!$B$2:$E$311,4,) -> #N/A
C248: =VLOOKUP(B248,Sheet3!$B$2:$E$311,2,FALSE) -> #N/A | D248: =VLOOKUP(B248,Sheet3!$B$2:$E$311,3,) -> #N/A | E248: =VLOOKUP(B248,Sheet3!$B$2:$E$311,4,) -> #N/A
C249: =VLOOKUP(B249,Sheet3!$B$2:$E$311,2,FALSE) -> #N/A | D249: =VLOOKUP(B249,Sheet3!$B$2:$E$311,3,) -> #N/A | E249: =VLOOKUP(B249,Sheet3!$B$2:$E$311,4,) -> #N/A
C250: =VLOOKUP(B250,Sheet3!$B$2:$E$311,2,FALSE) -> #N/A | D250: =VLOOKUP(B250,Sheet3!$B$2:$E$311,3,) -> #N/A | E250: =VLOOKUP(B250,Sheet3!$B$2:$E$311,4,) -> #N/A
... C737: =VLOOKUP(B737,Sheet3!$B$2:$E$311,2,FALSE) -> #N/A | D737: =VLOOKUP(B737,Sheet3!$B$2:$E$311,3,) -> #N/A | E737: =VLOOKUP(B737,Sheet3!$B$2:$E$311,4,) -> #N/A
C738: =VLOOKUP(B738,Sheet3!$B$2:$E$311,2,FALSE) -> #N/A | D738: =VLOOKUP(B738,Sheet3!$B$2:$E$311,3,) -> #N/A
C739: =VLOOKUP(B739,Sheet3!$B$2:$E$311,2,FALSE) -> #N/A | D739: =VLOOKUP(B739,Sheet3!$B$2:$E$311,3,) -> #N/A
C740: =VLOOKUP(B740,Sheet3!$B$2:$E$311,2,FALSE) -> #N/A | D740: =VLOOKUP(B740,Sheet3!$B$2:$E$311,3,) -> #N/A
C741: =VLOOKUP(B741,Sheet3!$B$2:$E$311,2,FALSE) -> #N/A | D741: =VLOOKUP(B741,Sheet3!$B$2:$E$311,3,) -> #N/A
C742: =VLOOKUP(B742,Sheet3!$B$2:$E$311,2,FALSE) -> #N/A | D742: =VLOOKUP(B742,Sheet3!$B$2:$E$311,3,) -> #N/A
C743: =VLOOKUP(B743,Sheet3!$B$2:$E$311,2,FALSE) -> #N/A | D743: =VLOOKUP(B743,Sheet3!$B$2:$E$311,3,) -> #N/A
C744: =VLOOKUP(B744,Sheet3!$B$2:$E$311,2,FALSE) -> #N/A | D744: =VLOOKUP(B744,Sheet3!$B$2:$E$311,3,) -> #N/A
C745: =VLOOKUP(B745,Sheet3!$B$2:$E$311,2,FALSE) -> #N/A | D745: =VLOOKUP(B745,Sheet3!$B$2:$E$311,3,) -> #N/A
C746: =VLOOKUP(B746,Sheet3!$B$2:$E$311,2,FALSE) -> #N/A
C747: =VLOOKUP(B747,Sheet3!$B$2:$E$311,2,FALSE) -> #N/A

Sheet PER APRIL TGL 5
A1: h | B1: NAMA PRODUK | C1: KODE CSA | D1: JENIS | E1: SATUAN CSA | F1: JUMLAH | G1: ALASAN WASTE | H1: USER | I1: Koreksi audit
B2: WAFFLE CONE | C2: =VLOOKUP(B2,Sheet3!$B$2:$E$311,2,FALSE) -> B004 | D2: =VLOOKUP(B2,Sheet3!$B$2:$E$311,3,) -> BAHAN BAKU LUUCA | E2: =VLOOKUP(B2,Sheet3!$B$2:$E$311,4,) -> PCS | F2: 20 | G2: Training | H2: Lidia
B3: SLEEVE CONE - LUUCA | C3: =VLOOKUP(B3,Sheet3!$B$2:$E$311,2,FALSE) -> P005 | D3: =VLOOKUP(B3,Sheet3!$B$2:$E$311,3,) -> PACKAGING LUUCA | E3: =VLOOKUP(B3,Sheet3!$B$2:$E$311,4,) -> PCS | F3: 20 | G3: Training | H3: Lidia
B4: SIMPLE SYRUP 3KG | C4: =VLOOKUP(B4,Sheet3!$B$2:$E$311,2,FALSE) -> B004 | D4: =VLOOKUP(B4,Sheet3!$B$2:$E$311,3,) -> BAHAN BAKU LUUCA | E4: =VLOOKUP(B4,Sheet3!$B$2:$E$311,4,) -> GR | F4: 15 | G4: Training
B5: SIMPLE SYRUP 3KG | C5: =VLOOKUP(B5,Sheet3!$B$2:$E$311,2,FALSE) -> B004 | D5: =VLOOKUP(B5,Sheet3!$B$2:$E$311,3,) -> BAHAN BAKU LUUCA | E5: =VLOOKUP(B5,Sheet3!$B$2:$E$311,4,) -> GR | F5: 21 | G5: Training
B6: Latte Amore (HOT) | C6: =VLOOKUP(B6,Sheet3!$B$2:$E$311,2,FALSE) -> L001 | D6: =VLOOKUP(B6,Sheet3!$B$2:$E$311,3,) -> LUCCA MENU | E6: =VLOOKUP(B6,Sheet3!$B$2:$E$311,4,) -> PRS | F6: 1 | G6: Training
B7: Latte Amore (Iced) | C7: =VLOOKUP(B7,Sheet3!$B$2:$E$311,2,FALSE) -> L001 | D7: =VLOOKUP(B7,Sheet3!$B$2:$E$311,3,) -> LUCCA MENU | E7: =VLOOKUP(B7,Sheet3!$B$2:$E$311,4,) -> PRS | F7: 1 | G7: Training
B8: Classico (Iced) | C8: =VLOOKUP(B8,Sheet3!$B$2:$E$311,2,FALSE) -> L001 | D8: =VLOOKUP(B8,Sheet3!$B$2:$E$311,3,) -> LUCCA MENU | E8: =VLOOKUP(B8,Sheet3!$B$2:$E$311,4,) -> PRS | F8: 1 | G8: Training
B9: Classico (HOT) | C9: =VLOOKUP(B9,Sheet3!$B$2:$E$311,2,FALSE) -> L001 | D9: =VLOOKUP(B9,Sheet3!$B$2:$E$311,3,) -> LUCCA MENU | E9: =VLOOKUP(B9,Sheet3!$B$2:$E$311,4,) -> PRS | F9: 1 | G9: Training
B10: CUP PP 16OZ LUUCA | C10: =VLOOKUP(B10,Sheet3!$B$2:$E$311,2,FALSE) -> P005 | D10: =VLOOKUP(B10,Sheet3!$B$2:$E$311,3,) -> PACKAGING LUUCA | E10: =VLOOKUP(B10,Sheet3!$B$2:$E$311,4,) -> PCS | F10: 1 | G10: Training
A11: 46092 | B11: Nutcracker Coffe (Iced) | C11: =VLOOKUP(B11,Sheet3!$B$2:$E$311,2,FALSE) -> L001 | D11: =VLOOKUP(B11,Sheet3!$B$2:$E$311,3,) -> LUCCA MENU | E11: =VLOOKUP(B11,Sheet3!$B$2:$E$311,4,) -> PRS | F11: 1 | G11: Training
A12: 46093 | B12: BUAH STRAWBERRY | D12: =VLOOKUP(B12,Sheet3!$B$2:$E$311,3,) -> BAHAN BAKU LUUCA | E12: =VLOOKUP(B12,Sheet3!$B$2:$E$311,4,) -> GR | F12: 5,2 | G12: Tidak bisa digunakan/Daun
B13: BUAH STRAWBERRY | D13: =VLOOKUP(B13,Sheet3!$B$2:$E$311,3,) -> BAHAN BAKU LUUCA | E13: =VLOOKUP(B13,Sheet3!$B$2:$E$311,4,) -> GR | F13: 11 | G13: Busuk
B14: PEPERO ALMOND 32GR | D14: =VLOOKUP(B14,Sheet3!$B$2:$E$311,3,) -> BAHAN BAKU LUUCA | E14: PCS | F14: 1 | G14: Patah
A15: 46094 | B15: Belgian Choco (Iced) | C15: =VLOOKUP(B15,Sheet3!$B$2:$E$311,2,FALSE) -> L001 | D15: =VLOOKUP(B15,Sheet3!$B$2:$E$311,3,) -> LUCCA MENU | E15: =VLOOKUP(B15,Sheet3!$B$2:$E$311,4,) -> PRS | F15: 1 | G15: Terjatuh
B16: WAFFLE CONE | C16: =VLOOKUP(B16,Sheet3!$B$2:$E$311,2,FALSE) -> B004 | D16: =VLOOKUP(B16,Sheet3!$B$2:$E$311,3,) -> BAHAN BAKU LUUCA | E16: =VLOOKUP(B16,Sheet3!$B$2:$E$311,4,) -> PCS | F16: 1 | G16: Terkontaminasi
B17: POCKY STRAWBERRY 45GR | C17: =VLOOKUP(B17,Sheet3!$B$2:$E$311,2,FALSE) -> B004 | D17: =VLOOKUP(B17,Sheet3!$B$2:$E$311,3,) -> BAHAN BAKU LUUCA | E17: PCS | F17: 1 | G17: Patah
B18: PEPERO ALMOND 32GR | C18: =VLOOKUP(B18,Sheet3!$B$2:$E$311,2,FALSE) -> B004 | D18: =VLOOKUP(B18,Sheet3!$B$2:$E$311,3,) -> BAHAN BAKU LUUCA | E18: =VLOOKUP(B18,Sheet3!$B$2:$E$311,4,) -> GR | F18: 5 | G18: Patah
B19: BUAH STRAWBERRY | C19: =VLOOKUP(B19,Sheet3!$B$2:$E$311,2,FALSE) -> B004 | D19: =VLOOKUP(B19,Sheet3!$B$2:$E$311,3,) -> BAHAN BAKU LUUCA | E19: =VLOOKUP(B19,Sheet3!$B$2:$E$311,4,) -> GR | F19: 10,5 | G19: Tidak bisa digunakan/Daun
A20: 46095 | B20: BUAH KIWI | C20: =VLOOKUP(B20,Sheet3!$B$2:$E$311,2,FALSE) -> B004 | D20: =VLOOKUP(B20,Sheet3!$B$2:$E$311,3,) -> BAHAN BAKU LUUCA | E20: =VLOOKUP(B20,Sheet3!$B$2:$E$311,4,) -> GR | F20: 49,9 | G20: Tidak bisa digunakan/Kulit
B21: BUAH STRAWBERRY | C21: =VLOOKUP(B21,Sheet3!$B$2:$E$311,2,FALSE) -> B004 | D21: =VLOOKUP(B21,Sheet3!$B$2:$E$311,3,) -> BAHAN BAKU LUUCA | E21: =VLOOKUP(B21,Sheet3!$B$2:$E$311,4,) -> GR | F21: 7,7 | G21: Tidak bisa digunakan/Daun
B22: BUAH KIWI | C22: =VLOOKUP(B22,Sheet3!$B$2:$E$311,2,FALSE) -> B004 | D22: =VLOOKUP(B22,Sheet3!$B$2:$E$311,3,) -> BAHAN BAKU LUUCA | E22: =VLOOKUP(B22,Sheet3!$B$2:$E$311,4,) -> GR | F22: 29,5 | G22: Tidak bisa digunakan/Kulit
B23: BUAH KIWI | C23: =VLOOKUP(B23,Sheet3!$B$2:$E$311,2,FALSE) -> B004 | D23: =VLOOKUP(B23,Sheet3!$B$2:$E$311,3,) -> BAHAN BAKU LUUCA | E23: =VLOOKUP(B23,Sheet3!$B$2:$E$311,4,) -> GR | F23: 21 | G23: Tidak Ada biji
B24: CORN FLAKES 150GR | C24: =VLOOKUP(B24,Sheet3!$B$2:$E$311,2,FALSE) -> B004 | D24: =VLOOKUP(B24,Sheet3!$B$2:$E$311,3,) -> BAHAN BAKU LUUCA | E24: =VLOOKUP(B24,Sheet3!$B$2:$E$311,4,) -> GR | F24: 6,1 | G24: Terkontaminasi
B25: PEPERO ALMOND 32GR | C25: =VLOOKUP(B25,Sheet3!$B$2:$E$311,2,FALSE) -> B004 | D25: =VLOOKUP(B25,Sheet3!$B$2:$E$311,3,) -> BAHAN BAKU LUUCA | E25: PCS | F25: 5 | G25: Patah
A26: 46096 | B26: POCKY STRAWBERRY 45GR | C26: =VLOOKUP(B26,Sheet3!$B$2:$E$311,2,FALSE) -> B004 | D26: =VLOOKUP(B26,Sheet3!$B$2:$E$311,3,) -> BAHAN BAKU LUUCA | E26: PCS | F26: 22 | G26: Patah
B27: BUAH STRAWBERRY | C27: =VLOOKUP(B27,Sheet3!$B$2:$E$311,2,FALSE) -> B004 | D27: =VLOOKUP(B27,Sheet3!$B$2:$E$311,3,) -> BAHAN BAKU LUUCA | E27: =VLOOKUP(B27,Sheet3!$B$2:$E$311,4,) -> GR | F27: 1,1 | G27: Tidak bisa digunakan/Daun
B28: BUAH STRAWBERRY | C28: =VLOOKUP(B28,Sheet3!$B$2:$E$311,2,FALSE) -> B004 | D28: =VLOOKUP(B28,Sheet3!$B$2:$E$311,3,) -> BAHAN BAKU LUUCA | E28: =VLOOKUP(B28,Sheet3!$B$2:$E$311,4,) -> GR | F28: 3,7 | G28: Tidak bisa digunakan/Daun
B29: PEPERO ALMOND 32GR | C29: =VLOOKUP(B29,Sheet3!$B$2:$E$311,2,FALSE) -> B004 | D29: =VLOOKUP(B29,Sheet3!$B$2:$E$311,3,) -> BAHAN BAKU LUUCA | E29: PCS | F29: 8 | G29: Patah
B30: COFFEE BEANS - LUUCA | C30: =VLOOKUP(B30,Sheet3!$B$2:$E$311,2,FALSE) -> B004 | D30: =VLOOKUP(B30,Sheet3!$B$2:$E$311,3,) -> BAHAN BAKU LUUCA | E30: =VLOOKUP(B30,Sheet3!$B$2:$E$311,4,) -> GR | F30: 18 | G30: Kalibrasi
B31: BUAH KIWI | C31: =VLOOKUP(B31,Sheet3!$B$2:$E$311,2,FALSE) -> B004 | D31: =VLOOKUP(B31,Sheet3!$B$2:$E$311,3,) -> BAHAN BAKU LUUCA | E31: =VLOOKUP(B31,Sheet3!$B$2:$E$311,4,) -> GR | F31: 24,4 | G31: Tidak bisa digunakan/Kulit
B32: BUAH KIWI | C32: =VLOOKUP(B32,Sheet3!$B$2:$E$311,2,FALSE) -> B004 | D32: =VLOOKUP(B32,Sheet3!$B$2:$E$311,3,) -> BAHAN BAKU LUUCA | E32: =VLOOKUP(B32,Sheet3!$B$2:$E$311,4,) -> GR | F32: 36,6 | G32: Tidak Ada biji
B33: FRISIAN FLAG UHT FULL CREAM 946ML | C33: =VLOOKUP(B33,Sheet3!$B$2:$E$311,2,FALSE) -> B004 | D33: =VLOOKUP(B33,Sheet3!$B$2:$E$311,3,) -> BAHAN BAKU LUUCA | E33: =VLOOKUP(B33,Sheet3!$B$2:$E$311,4,) -> ML | F33: 946 | G33: Basi Dari kiriman
B34: Juliet Yoghurt | C34: =VLOOKUP(B34,Sheet3!$B$2:$E$311,2,FALSE) -> L001 | D34: =VLOOKUP(B34,Sheet3!$B$2:$E$311,3,) -> LUCCA MENU | E34: =VLOOKUP(B34,Sheet3!$B$2:$E$311,4,) -> PRS | F34: 1 | G34: For Crew
B35: Juliet Yoghurt | C35: =VLOOKUP(B35,Sheet3!$B$2:$E$311,2,FALSE) -> L001 | D35: =VLOOKUP(B35,Sheet3!$B$2:$E$311,3,) -> LUCCA MENU | E35: =VLOOKUP(B35,Sheet3!$B$2:$E$311,4,) -> PRS | F35: 1 | G35: For Crew
B36: Juliet Yoghurt | C36: =VLOOKUP(B36,Sheet3!$B$2:$E$311,2,FALSE) -> L001 | D36: =VLOOKUP(B36,Sheet3!$B$2:$E$311,3,) -> LUCCA MENU | E36: =VLOOKUP(B36,Sheet3!$B$2:$E$311,4,) -> PRS | F36: 1 | G36: For Crew
B37: Romeo Chocolate | C37: =VLOOKUP(B37,Sheet3!$B$2:$E$311,2,FALSE) -> L001 | D37: =VLOOKUP(B37,Sheet3!$B$2:$E$311,3,) -> LUCCA MENU | E37: =VLOOKUP(B37,Sheet3!$B$2:$E$311,4,) -> PRS | F37: 1 | G37: For Crew
B38: Iora Strawberry | C38: =VLOOKUP(B38,Sheet3!$B$2:$E$311,2,FALSE) -> L001 | D38: =VLOOKUP(B38,Sheet3!$B$2:$E$311,3,) -> LUCCA MENU | E38: =VLOOKUP(B38,Sheet3!$B$2:$E$311,4,) -> PRS | F38: 1 | G38: For Crew
B39: Romeo Chocolate | C39: =VLOOKUP(B39,Sheet3!$B$2:$E$311,2,FALSE) -> L001 | D39: =VLOOKUP(B39,Sheet3!$B$2:$E$311,3,) -> LUCCA MENU | E39: =VLOOKUP(B39,Sheet3!$B$2:$E$311,4,) -> PRS | F39: 1 | G39: For Crew
A40: 46097 | B40: BUAH STRAWBERRY | C40: =VLOOKUP(B40,Sheet3!$B$2:$E$311,2,FALSE) -> B004 | D40: =VLOOKUP(B40,Sheet3!$B$2:$E$311,3,) -> BAHAN BAKU LUUCA | E40: =VLOOKUP(B40,Sheet3!$B$2:$E$311,4,) -> GR | F40: 2 | G40: Tidak bisa digunakan/Daun
B41: BUAH KIWI | C41: =VLOOKUP(B41,Sheet3!$B$2:$E$311,2,FALSE) -> B004 | D41: =VLOOKUP(B41,Sheet3!$B$2:$E$311,3,) -> BAHAN BAKU LUUCA | E41: =VLOOKUP(B41,Sheet3!$B$2:$E$311,4,) -> GR | F41: 62 | G41: Tidak bisa digunakan/Kulit
B42: BUAH STRAWBERRY | C42: =VLOOKUP(B42,Sheet3!$B$2:$E$311,2,FALSE) -> B004 | D42: =VLOOKUP(B42,Sheet3!$B$2:$E$311,3,) -> BAHAN BAKU LUUCA | E42: =VLOOKUP(B42,Sheet3!$B$2:$E$311,4,) -> GR | F42: 0,9 | G42: Tidak bisa digunakan/Daun
B43: BUAH STRAWBERRY | C43: =VLOOKUP(B43,Sheet3!$B$2:$E$311,2,FALSE) -> B004 | D43: =VLOOKUP(B43,Sheet3!$B$2:$E$311,3,) -> BAHAN BAKU LUUCA | E43: =VLOOKUP(B43,Sheet3!$B$2:$E$311,4,) -> GR | F43: 0,4 | G43: Tidak bisa digunakan/Daun
A44: 46098 | B44: PEPERO ALMOND 32GR | C44: =VLOOKUP(B44,Sheet3!$B$2:$E$311,2,FALSE) -> B004 | D44: =VLOOKUP(B44,Sheet3!$B$2:$E$311,3,) -> BAHAN BAKU LUUCA | E44: PCS | F44: 12 | G44: Patah
B45: WAFFLE CONE | C45: =VLOOKUP(B45,Sheet3!$B$2:$E$311,2,FALSE) -> B004 | D45: =VLOOKUP(B45,Sheet3!$B$2:$E$311,3,) -> BAHAN BAKU LUUCA | E45: =VLOOKUP(B45,Sheet3!$B$2:$E$311,4,) -> PCS | F45: 4 | G45: Basah
B46: SLEEVE CONE - LUUCA | C46: =VLOOKUP(B46,Sheet3!$B$2:$E$311,2,FALSE) -> P005 | D46: =VLOOKUP(B46,Sheet3!$B$2:$E$311,3,) -> PACKAGING LUUCA | E46: =VLOOKUP(B46,Sheet3!$B$2:$E$311,4,) -> PCS | F46: 20 | G46: Basah
B47: BUAH STRAWBERRY | C47: =VLOOKUP(B47,Sheet3!$B$2:$E$311,2,FALSE) -> B004 | D47: =VLOOKUP(B47,Sheet3!$B$2:$E$311,3,) -> BAHAN BAKU LUUCA | E47: =VLOOKUP(B47,Sheet3!$B$2:$E$311,4,) -> GR | F47: 11 | G47: Tidak bisa digunakan/Daun
B48: BUAH KIWI | C48: =VLOOKUP(B48,Sheet3!$B$2:$E$311,2,FALSE) -> B004 | D48: =VLOOKUP(B48,Sheet3!$B$2:$E$311,3,) -> BAHAN BAKU LUUCA | E48: =VLOOKUP(B48,Sheet3!$B$2:$E$311,4,) -> GR | F48: 10 | G48: Tidak Ada biji
B49: POCKY STRAWBERRY 45GR | C49: =VLOOKUP(B49,Sheet3!$B$2:$E$311,2,FALSE) -> B004 | D49: =VLOOKUP(B49,Sheet3!$B$2:$E$311,3,) -> BAHAN BAKU LUUCA | E49: PCS | F49: 2 | G49: Patah
B50: CUP PP 16OZ LUUCA | C50: =VLOOKUP(B50,Sheet3!$B$2:$E$311,2,FALSE) -> P005 | D50: =VLOOKUP(B50,Sheet3!$B$2:$E$311,3,) -> PACKAGING LUUCA | E50: =VLOOKUP(B50,Sheet3!$B$2:$E$311,4,) -> PCS | F50: 2 | G50: Untuk KOL
B51: Air Mineral | F51: 2 | G51: Untuk KOL
A52: 46099 | B52: BUAH STRAWBERRY | C52: =VLOOKUP(B52,Sheet3!$B$2:$E$311,2,FALSE) -> B004 | D52: =VLOOKUP(B52,Sheet3!$B$2:$E$311,3,) -> BAHAN BAKU LUUCA | E52: =VLOOKUP(B52,Sheet3!$B$2:$E$311,4,) -> GR | F52: 11,3 | G52: Tidak bisa digunakan/Daun
B53: PEPERO ALMOND 32GR | C53: =VLOOKUP(B53,Sheet3!$B$2:$E$311,2,FALSE) -> B004 | D53: =VLOOKUP(B53,Sheet3!$B$2:$E$311,3,) -> BAHAN BAKU LUUCA | E53: PCS | F53: 7 | G53: Patah
B54: BUAH KIWI | C54: =VLOOKUP(B54,Sheet3!$B$2:$E$311,2,FALSE) -> B004 | D54: =VLOOKUP(B54,Sheet3!$B$2:$E$311,3,) -> BAHAN BAKU LUUCA | E54: =VLOOKUP(B54,Sheet3!$B$2:$E$311,4,) -> GR | F54: 120,0 | G54: Busuk
B55: BUAH KIWI | C55: =VLOOKUP(B55,Sheet3!$B$2:$E$311,2,FALSE) -> B004 | D55: =VLOOKUP(B55,Sheet3!$B$2:$E$311,3,) -> BAHAN BAKU LUUCA | E55: =VLOOKUP(B55,Sheet3!$B$2:$E$311,4,) -> GR | F55: 87,4 | G55: Tidak bisa digunakan/Kulit
B56: BUAH KIWI | C56: =VLOOKUP(B56,Sheet3!$B$2:$E$311,2,FALSE) -> B004 | D56: =VLOOKUP(B56,Sheet3!$B$2:$E$311,3,) -> BAHAN BAKU LUUCA | E56: =VLOOKUP(B56,Sheet3!$B$2:$E$311,4,) -> GR | F56: 43 | G56: Tidak bisa digunakan/Kulit
B57: SLEEVE CONE - LUUCA | C57: =VLOOKUP(B57,Sheet3!$B$2:$E$311,2,FALSE) -> P005 | D57: =VLOOKUP(B57,Sheet3!$B$2:$E$311,3,) -> PACKAGING LUUCA | E57: =VLOOKUP(B57,Sheet3!$B$2:$E$311,4,) -> PCS | F57: 1 | G57: Rusak
B58: COFFEE BEANS - LUUCA | C58: =VLOOKUP(B58,Sheet3!$B$2:$E$311,2,FALSE) -> B004 | D58: =VLOOKUP(B58,Sheet3!$B$2:$E$311,3,) -> BAHAN BAKU LUUCA | E58: =VLOOKUP(B58,Sheet3!$B$2:$E$311,4,) -> GR | F58: 40 | G58: Terjatuh
B59: BUAH STRAWBERRY | C59: =VLOOKUP(B59,Sheet3!$B$2:$E$311,2,FALSE) -> B004 | D59: =VLOOKUP(B59,Sheet3!$B$2:$E$311,3,) -> BAHAN BAKU LUUCA | E59: =VLOOKUP(B59,Sheet3!$B$2:$E$311,4,) -> GR | F59: 40 | G59: Tidak bisa digunakan/Daun
B60: BUAH KIWI | C60: =VLOOKUP(B60,Sheet3!$B$2:$E$311,2,FALSE) -> B004 | D60: =VLOOKUP(B60,Sheet3!$B$2:$E$311,3,) -> BAHAN BAKU LUUCA | E60: =VLOOKUP(B60,Sheet3!$B$2:$E$311,4,) -> GR | F60: 36 | G60: Tidak Ada biji
B61: BUAH STRAWBERRY | C61: =VLOOKUP(B61,Sheet3!$B$2:$E$311,2,FALSE) -> B004 | D61: =VLOOKUP(B61,Sheet3!$B$2:$E$311,3,) -> BAHAN BAKU LUUCA | E61: =VLOOKUP(B61,Sheet3!$B$2:$E$311,4,) -> GR | F61: 28 | G61: Tidak bisa digunakan/Daun
A62: 46100 | B62: POCKY STRAWBERRY 45GR | C62: =VLOOKUP(B62,Sheet3!$B$2:$E$311,2,FALSE) -> B004 | D62: =VLOOKUP(B62,Sheet3!$B$2:$E$311,3,) -> BAHAN BAKU LUUCA | E62: PCS | F62: 8 | G62: Patah
B63: PEPERO ALMOND 32GR | C63: =VLOOKUP(B63,Sheet3!$B$2:$E$311,2,FALSE) -> B004 | D63: =VLOOKUP(B63,Sheet3!$B$2:$E$311,3,) -> BAHAN BAKU LUUCA | E63: PCS | F63: 8 | G63: Patah
B64: PEPERO ALMOND 32GR | C64: =VLOOKUP(B64,Sheet3!$B$2:$E$311,2,FALSE) -> B004 | D64: =VLOOKUP(B64,Sheet3!$B$2:$E$311,3,) -> BAHAN BAKU LUUCA | E64: PCS | F64: 9 | G64: Patah
A65: 46100 | B65: PEPERO ALMOND 32GR | C65: =VLOOKUP(B65,Sheet3!$B$2:$E$311,2,FALSE) -> B004 | D65: =VLOOKUP(B65,Sheet3!$B$2:$E$311,3,) -> BAHAN BAKU LUUCA | E65: PCS | F65: 9 | G65: Patah
B66: BUAH STRAWBERRY | C66: =VLOOKUP(B66,Sheet3!$B$2:$E$311,2,FALSE) -> B004 | D66: =VLOOKUP(B66,Sheet3!$B$2:$E$311,3,) -> BAHAN BAKU LUUCA | E66: =VLOOKUP(B66,Sheet3!$B$2:$E$311,4,) -> GR | F66: 7,6 | G66: Tidak bisa digunakan/Daun
B67: BUAH STRAWBERRY | C67: =VLOOKUP(B67,Sheet3!$B$2:$E$311,2,FALSE) -> B004 | D67: =VLOOKUP(B67,Sheet3!$B$2:$E$311,3,) -> BAHAN BAKU LUUCA | E67: =VLOOKUP(B67,Sheet3!$B$2:$E$311,4,) -> GR | F67: 57,6 | G67: Tidak bisa digunakan/Daun
B68: BUAH KIWI | C68: =VLOOKUP(B68,Sheet3!$B$2:$E$311,2,FALSE) -> B004 | D68: =VLOOKUP(B68,Sheet3!$B$2:$E$311,3,) -> BAHAN BAKU LUUCA | E68: =VLOOKUP(B68,Sheet3!$B$2:$E$311,4,) -> GR | F68: 58 | G68: Tidak bisa digunakan/Kulit
A69: 46101 | B69: BUAH STRAWBERRY | C69: =VLOOKUP(B69,Sheet3!$B$2:$E$311,2,FALSE) -> B004 | D69: =VLOOKUP(B69,Sheet3!$B$2:$E$311,3,) -> BAHAN BAKU LUUCA | E69: =VLOOKUP(B69,Sheet3!$B$2:$E$311,4,) -> GR | F69: 37,3 | G69: Busuk | H69: Raka
B70: BUAH STRAWBERRY | C70: =VLOOKUP(B70,Sheet3!$B$2:$E$311,2,FALSE) -> B004 | D70: =VLOOKUP(B70,Sheet3!$B$2:$E$311,3,) -> BAHAN BAKU LUUCA | E70: =VLOOKUP(B70,Sheet3!$B$2:$E$311,4,) -> GR | F70: 23,7 | G70: Tidak bisa digunakan/Daun | H70: Raka
B71: BUAH STRAWBERRY | C71: =VLOOKUP(B71,Sheet3!$B$2:$E$311,2,FALSE) -> B004 | D71: =VLOOKUP(B71,Sheet3!$B$2:$E$311,3,) -> BAHAN BAKU LUUCA | E71: =VLOOKUP(B71,Sheet3!$B$2:$E$311,4,) -> GR | F71: 60 | G71: Tidak bisa digunakan/Daun | H71: Raka
B72: WAFFLE CONE | C72: =VLOOKUP(B72,Sheet3!$B$2:$E$311,2,FALSE) -> B004 | D72: =VLOOKUP(B72,Sheet3!$B$2:$E$311,3,) -> BAHAN BAKU LUUCA | E72: =VLOOKUP(B72,Sheet3!$B$2:$E$311,4,) -> PCS | F72: 1 | G72: Basah | H72: Nickita
B73: PEPERO ALMOND 32GR | C73: =VLOOKUP(B73,Sheet3!$B$2:$E$311,2,FALSE) -> B004 | D73: =VLOOKUP(B73,Sheet3!$B$2:$E$311,3,) -> BAHAN BAKU LUUCA | E73: PCS | F73: 5 | G73: Patah | H73: Raka
B74: POCKY STRAWBERRY 45GR | C74: =VLOOKUP(B74,Sheet3!$B$2:$E$311,2,FALSE) -> B004 | D74: =VLOOKUP(B74,Sheet3!$B$2:$E$311,3,) -> BAHAN BAKU LUUCA | E74: PCS | F74: 1 | G74: Patah | H74: Raka | I74: ........
A75: 46102 | B75: WIP CHOCOLATE ICE CREAM | C75: =VLOOKUP(B75,Sheet3!$B$2:$E$311,2,FALSE) -> P006 | D75: =VLOOKUP(B75,Sheet3!$B$2:$E$311,3,) -> PRODUKSI STOK LUUCA | E75: =VLOOKUP(B75,Sheet3!$B$2:$E$311,4,) -> GR | F75: 146 | G75: Terkontaminasi | H75: Thia
B76: CERES RAINBOW 0.5 kg | C76: =VLOOKUP(B76,Sheet3!$B$2:$E$311,2,FALSE) -> B004 | D76: =VLOOKUP(B76,Sheet3!$B$2:$E$311,3,) -> BAHAN BAKU LUUCA | E76: =VLOOKUP(B76,Sheet3!$B$2:$E$311,4,) -> GR | F76: 5 | G76: Terkontaminasi | H76: Thia
B77: BUAH STRAWBERRY | C77: =VLOOKUP(B77,Sheet3!$B$2:$E$311,2,FALSE) -> B004 | D77: =VLOOKUP(B77,Sheet3!$B$2:$E$311,3,) -> BAHAN BAKU LUUCA | E77: =VLOOKUP(B77,Sheet3!$B$2:$E$311,4,) -> GR | F77: 98,8 | G77: Tidak bisa digunakan/Daun | H77: Thia
B78: BUAH KIWI | C78: =VLOOKUP(B78,Sheet3!$B$2:$E$311,2,FALSE) -> B004 | D78: =VLOOKUP(B78,Sheet3!$B$2:$E$311,3,) -> BAHAN BAKU LUUCA | E78: =VLOOKUP(B78,Sheet3!$B$2:$E$311,4,) -> GR | F78: 109 | G78: Tidak bisa digunakan/Kulit | H78: Thia
B79: BUAH KIWI | C79: =VLOOKUP(B79,Sheet3!$B$2:$E$311,2,FALSE) -> B004 | D79: =VLOOKUP(B79,Sheet3!$B$2:$E$311,3,) -> BAHAN BAKU LUUCA | E79: =VLOOKUP(B79,Sheet3!$B$2:$E$311,4,) -> GR | F79: 105,9 | G79: Tidak ada biji | H79: Thia
B80: CUP PET 12OZ LUUCA | C80: =VLOOKUP(B80,Sheet3!$B$2:$E$311,2,FALSE) -> P005 | D80: =VLOOKUP(B80,Sheet3!$B$2:$E$311,3,) -> PACKAGING LUUCA | E80: =VLOOKUP(B80,Sheet3!$B$2:$E$311,4,) -> PCS | F80: 1 | G80: Tempat Keju | H80: Thia
B81: POCKY STRAWBERRY 45GR | C81: =VLOOKUP(B81,Sheet3!$B$2:$E$311,2,FALSE) -> B004 | D81: =VLOOKUP(B81,Sheet3!$B$2:$E$311,3,) -> BAHAN BAKU LUUCA | E81: PCS | F81: 2 | G81: Patah | H81: Thia
B82: PEPERO ALMOND 32GR | C82: =VLOOKUP(B82,Sheet3!$B$2:$E$311,2,FALSE) -> B004 | D82: =VLOOKUP(B82,Sheet3!$B$2:$E$311,3,) -> BAHAN BAKU LUUCA | E82: PCS | F82: 2 | G82: Patah | H82: Thia
B83: BUAH KIWI | C83: =VLOOKUP(B83,Sheet3!$B$2:$E$311,2,FALSE) -> B004 | D83: =VLOOKUP(B83,Sheet3!$B$2:$E$311,3,) -> BAHAN BAKU LUUCA | E83: =VLOOKUP(B83,Sheet3!$B$2:$E$311,4,) -> GR | F83: 42,9 | G83: Tidak ada biji | H83: Thia
B84: COFFEE BEANS - LUUCA | C84: =VLOOKUP(B84,Sheet3!$B$2:$E$311,2,FALSE) -> B004 | D84: =VLOOKUP(B84,Sheet3!$B$2:$E$311,3,) -> BAHAN BAKU LUUCA | E84: =VLOOKUP(B84,Sheet3!$B$2:$E$311,4,) -> GR | F84: 17 | G84: Kalibrasi | H84: Faisal
B85: PEPERO ALMOND 32GR | C85: =VLOOKUP(B85,Sheet3!$B$2:$E$311,2,FALSE) -> B004 | D85: =VLOOKUP(B85,Sheet3!$B$2:$E$311,3,) -> BAHAN BAKU LUUCA | E85: PCS | F85: 13 | G85: Patah | H85: Nickita
B86: BUAH KIWI | C86: =VLOOKUP(B86,Sheet3!$B$2:$E$311,2,FALSE) -> B004 | D86: =VLOOKUP(B86,Sheet3!$B$2:$E$311,3,) -> BAHAN BAKU LUUCA | E86: =VLOOKUP(B86,Sheet3!$B$2:$E$311,4,) -> GR | F86: 45 | G86: Tidak bisa digunakan/Kulit | H86: Raka
A87: 46103 | B87: BUAH KIWI | C87: =VLOOKUP(B87,Sheet3!$B$2:$E$311,2,FALSE) -> B004 | D87: =VLOOKUP(B87,Sheet3!$B$2:$E$311,3,) -> BAHAN BAKU LUUCA | E87: =VLOOKUP(B87,Sheet3!$B$2:$E$311,4,) -> GR | F87: 50,6 | G87: Busuk | H87: Nickita
B88: BUAH STRAWBERRY | C88: =VLOOKUP(B88,Sheet3!$B$2:$E$311,2,FALSE) -> B004 | D88: =VLOOKUP(B88,Sheet3!$B$2:$E$311,3,) -> BAHAN BAKU LUUCA | E88: =VLOOKUP(B88,Sheet3!$B$2:$E$311,4,) -> GR | F88: 23,3 | G88: Tidak bisa digunakan/Daun | H88: Nickita
B89: BUAH STRAWBERRY | C89: =VLOOKUP(B89,Sheet3!$B$2:$E$311,2,FALSE) -> B004 | D89: =VLOOKUP(B89,Sheet3!$B$2:$E$311,3,) -> BAHAN BAKU LUUCA | E89: =VLOOKUP(B89,Sheet3!$B$2:$E$311,4,) -> GR | F89: 7,3 | G89: Busuk | H89: Nickita
B90: BUAH STRAWBERRY | C90: =VLOOKUP(B90,Sheet3!$B$2:$E$311,2,FALSE) -> B004 | D90: =VLOOKUP(B90,Sheet3!$B$2:$E$311,3,) -> BAHAN BAKU LUUCA | E90: =VLOOKUP(B90,Sheet3!$B$2:$E$311,4,) -> GR | F90: 35,4 | G90: Tidak bisa digunakan/Daun | H90: Nickita
B91: BUAH STRAWBERRY | C91: =VLOOKUP(B90,Sheet3!$B$2:$E$311,2,FALSE) -> B004 | D91: =VLOOKUP(B90,Sheet3!$B$2:$E$311,3,) -> BAHAN BAKU LUUCA | E91: =VLOOKUP(B90,Sheet3!$B$2:$E$311,4,) -> GR | F91: 24,1 | G91: Busuk | H91: Nickita
B92: BUAH STRAWBERRY | C92: =VLOOKUP(B92,Sheet3!$B$2:$E$311,2,FALSE) -> B004 | D92: =VLOOKUP(B92,Sheet3!$B$2:$E$311,3,) -> BAHAN BAKU LUUCA | E92: =VLOOKUP(B92,Sheet3!$B$2:$E$311,4,) -> GR | F92: 13,4 | G92: Tidak bisa digunakan/Daun | H92: Nickita
B93: POCKY STRAWBERRY 45GR | C93: =VLOOKUP(B93,Sheet3!$B$2:$E$311,2,FALSE) -> B004 | D93: =VLOOKUP(B93,Sheet3!$B$2:$E$311,3,) -> BAHAN BAKU LUUCA | E93: PCS | F93: 29 | G93: Patah | H93: Nickita
B94: BUAH STRAWBERRY | C94: =VLOOKUP(B94,Sheet3!$B$2:$E$311,2,FALSE) -> B004 | D94: =VLOOKUP(B94,Sheet3!$B$2:$E$311,3,) -> BAHAN BAKU LUUCA | E94: =VLOOKUP(B94,Sheet3!$B$2:$E$311,4,) -> GR | F94: 25,9 | G94: Tidak bisa digunakan/Daun | H94: Nickita
B95: BUAH STRAWBERRY | C95: =VLOOKUP(B95,Sheet3!$B$2:$E$311,2,FALSE) -> B004 | D95: =VLOOKUP(B95,Sheet3!$B$2:$E$311,3,) -> BAHAN BAKU LUUCA | E95: =VLOOKUP(B95,Sheet3!$B$2:$E$311,4,) -> GR | F95: 22,0 | G95: Tidak bisa digunakan/Daun | H95: Nickita
B96: BUAH STRAWBERRY | C96: =VLOOKUP(B96,Sheet3!$B$2:$E$311,2,FALSE) -> B004 | D96: =VLOOKUP(B96,Sheet3!$B$2:$E$311,3,) -> BAHAN BAKU LUUCA | E96: =VLOOKUP(B96,Sheet3!$B$2:$E$311,4,) -> GR | F96: 14,7 | G96: Busuk | H96: Nickita
B97: BUAH STRAWBERRY | C97: =VLOOKUP(B97,Sheet3!$B$2:$E$311,2,FALSE) -> B004 | D97: =VLOOKUP(B97,Sheet3!$B$2:$E$311,3,) -> BAHAN BAKU LUUCA | E97: =VLOOKUP(B97,Sheet3!$B$2:$E$311,4,) -> GR | F97: 42,7 | G97: Busuk | H97: Thia
B98: PEPERO ALMOND 32GR | C98: =VLOOKUP(B98,Sheet3!$B$2:$E$311,2,FALSE) -> B004 | D98: =VLOOKUP(B98,Sheet3!$B$2:$E$311,3,) -> BAHAN BAKU LUUCA | E98: PCS | F98: 7 | G98: Patah | H98: Thia
B99: WAFFLE CONE | C99: =VLOOKUP(B99,Sheet3!$B$2:$E$311,2,FALSE) -> B004 | D99: =VLOOKUP(B99,Sheet3!$B$2:$E$311,3,) -> BAHAN BAKU LUUCA | E99: =VLOOKUP(B99,Sheet3!$B$2:$E$311,4,) -> PCS | F99: 2 | G99: Terkena Lelehan | H99: Lidia
B100: SLEEVE CONE - LUUCA | C100: =VLOOKUP(B100,Sheet3!$B$2:$E$311,2,FALSE) -> P005 | D100: =VLOOKUP(B100,Sheet3!$B$2:$E$311,3,) -> PACKAGING LUUCA | E100: =VLOOKUP(B100,Sheet3!$B$2:$E$311,4,) -> PCS | F100: 2 | G100: Terkena Lelehan | H100: Lidia
...

Sheet 5 APRIL - 30 APRIL 2026
A1: TANGGAL | B1: NAMA PRODUK | C1: KODE CSA | D1: JENIS | E1: SATUAN CSA | F1: JUMLAH | G1: ALASAN WASTE | H1: USER | I1: koreksi audit
A2: 46117 | B2: BUAH KIWI | C2: =VLOOKUP(B2,Sheet3!$B$2:$E$311,2,FALSE) -> B004 | D2: =VLOOKUP(B2,Sheet3!$B$2:$E$311,3,) -> BAHAN BAKU LUUCA | E2: =VLOOKUP(B2,Sheet3!$B$2:$E$311,4,) -> GR | F2: 101,7 | G2: Tidak bisa digunakan | H2: Nickita
A3: 46117 | B3: BUAH KIWI | C3: =VLOOKUP(B3,Sheet3!$B$2:$E$311,2,FALSE) -> B004 | D3: =VLOOKUP(B3,Sheet3!$B$2:$E$311,3,) -> BAHAN BAKU LUUCA | E3: =VLOOKUP(B3,Sheet3!$B$2:$E$311,4,) -> GR | F3: 78,4 | G3: Tidak bisa digunakan | H3: Nickita
A4: 46117 | B4: BUAH ANGGUR | C4: =VLOOKUP(B4,Sheet3!$B$2:$E$311,2,FALSE) -> B004 | D4: =VLOOKUP(B4,Sheet3!$B$2:$E$311,3,) -> BAHAN BAKU LUUCA | E4: =VLOOKUP(B4,Sheet3!$B$2:$E$311,4,) -> GR | F4: 26,2 | G4: Busuk | H4: Nickita
A5: 04/05/202604/05/202 | B5: BUAH ANGGUR | C5: =VLOOKUP(B5,Sheet3!$B$2:$E$311,2,FALSE) -> B004 | D5: =VLOOKUP(B5,Sheet3!$B$2:$E$311,3,) -> BAHAN BAKU LUUCA | E5: =VLOOKUP(B5,Sheet3!$B$2:$E$311,4,) -> GR | F5: 14,7 | G5: Tidak bisa digunakan | H5: Nickita
A6: 04/05/202604/05/202 | B6: BUAH STRAWBERRY | C6: =VLOOKUP(B6,Sheet3!$B$2:$E$311,2,FALSE) -> B004 | D6: =VLOOKUP(B6,Sheet3!$B$2:$E$311,3,) -> BAHAN BAKU LUUCA | E6: =VLOOKUP(B6,Sheet3!$B$2:$E$311,4,) -> GR | F6: 336,6 | G6: Busuk | H6: Nickita
A7: 04/05/202604/05/202 | B7: BUAH STRAWBERRY | C7: =VLOOKUP(B7,Sheet3!$B$2:$E$311,2,FALSE) -> B004 | D7: =VLOOKUP(B7,Sheet3!$B$2:$E$311,3,) -> BAHAN BAKU LUUCA | E7: =VLOOKUP(B7,Sheet3!$B$2:$E$311,4,) -> GR | F7: 45 | G7: Tidak bisa digunakan | H7: Nickita
A8: 04/05/202604/05/202 | B8: BUAH STRAWBERRY | C8: =VLOOKUP(B8,Sheet3!$B$2:$E$311,2,FALSE) -> B004 | D8: =VLOOKUP(B8,Sheet3!$B$2:$E$311,3,) -> BAHAN BAKU LUUCA | E8: =VLOOKUP(B8,Sheet3!$B$2:$E$311,4,) -> GR | F8: 15 | G8: Tidak bisa digunakan | H8: Tian
A9: 04/05/202604/05/202 | B9: BUAH KIWI | C9: =VLOOKUP(B9,Sheet3!$B$2:$E$311,2,FALSE) -> B004 | D9: =VLOOKUP(B9,Sheet3!$B$2:$E$311,3,) -> BAHAN BAKU LUUCA | E9: =VLOOKUP(B9,Sheet3!$B$2:$E$311,4,) -> GR | F9: 35 | G9: Tidak bisa digunakan | H9: Tian
A10: 04/05/202604/05/202 | B10: PEPERO ALMOND 32GR | C10: =VLOOKUP(B10,Sheet3!$B$2:$E$311,2,FALSE) -> B004 | D10: =VLOOKUP(B10,Sheet3!$B$2:$E$311,3,) -> BAHAN BAKU LUUCA | E10: PCS | F10: 14 | G10: Patah | H10: Tian
A11: 04/05/202604/05/202 | B11: BUAH STRAWBERRY | C11: =VLOOKUP(B11,Sheet3!$B$2:$E$311,2,FALSE) -> B004 | D11: =VLOOKUP(B11,Sheet3!$B$2:$E$311,3,) -> BAHAN BAKU LUUCA | E11: =VLOOKUP(B11,Sheet3!$B$2:$E$311,4,) -> GR | F11: 25 | G11: Busuk | H11: Tian
A12: 46118 | B12: WIP CHOCOLATE BASE | C12: =VLOOKUP(B12,Sheet3!$B$2:$E$311,2,FALSE) -> P006 | D12: =VLOOKUP(B12,Sheet3!$B$2:$E$311,3,) -> PRODUKSI STOK LUUCA | E12: =VLOOKUP(B12,Sheet3!$B$2:$E$311,4,) -> GR | F12: 734 | G12: Basi | H12: Lidia
A13: 46118 | B13: BUAH KIWI | C13: =VLOOKUP(B13,Sheet3!$B$2:$E$311,2,FALSE) -> B004 | D13: =VLOOKUP(B13,Sheet3!$B$2:$E$311,3,) -> BAHAN BAKU LUUCA | E13: =VLOOKUP(B13,Sheet3!$B$2:$E$311,4,) -> GR | F13: 171 | G13: Tidak bisa digunakan | H13: Raka
A14: 46118 | B14: BUAH STRAWBERRY | C14: =VLOOKUP(B14,Sheet3!$B$2:$E$311,2,FALSE) -> B004 | D14: =VLOOKUP(B14,Sheet3!$B$2:$E$311,3,) -> BAHAN BAKU LUUCA | E14: =VLOOKUP(B14,Sheet3!$B$2:$E$311,4,) -> GR | F14: 122 | G14: Tidak bisa digunakan | H14: Raka
A15: 46118 | B15: DOUGH - CLASSIC RIBBON | C15: =VLOOKUP(B15,Sheet3!$B$2:$E$311,2,FALSE) -> B004 | D15: =VLOOKUP(B15,Sheet3!$B$2:$E$311,3,) -> BAHAN BAKU LUUCA | E15: =VLOOKUP(B15,Sheet3!$B$2:$E$311,4,) -> PCS | F15: 1 | G15: Tidak bisa digunakan | H15: Lidia
A16: 46118 | B16: PEPERO ALMOND 32GR | C16: =VLOOKUP(B16,Sheet3!$B$2:$E$311,2,FALSE) -> B004 | D16: =VLOOKUP(B16,Sheet3!$B$2:$E$311,3,) -> BAHAN BAKU LUUCA | E16: PCS | F16: 15 | G16: Patah | H16: Lidia
A17: 46118 | B17: BUAH STRAWBERRY | C17: =VLOOKUP(B17,Sheet3!$B$2:$E$311,2,FALSE) -> B004 | D17: =VLOOKUP(B17,Sheet3!$B$2:$E$311,3,) -> BAHAN BAKU LUUCA | E17: =VLOOKUP(B17,Sheet3!$B$2:$E$311,4,) -> GR | F17: 64 | G17: Busuk | H17: Tian
A18: 46118 | B18: BUAH STRAWBERRY | C18: =VLOOKUP(B18,Sheet3!$B$2:$E$311,2,FALSE) -> B004 | D18: =VLOOKUP(B18,Sheet3!$B$2:$E$311,3,) -> BAHAN BAKU LUUCA | E18: =VLOOKUP(B18,Sheet3!$B$2:$E$311,4,) -> GR | F18: 13 | G18: Tidak bisa digunakan/Daun | H18: Tian
A19: 46118 | B19: NATA DE COCO KARA 1KGX6 | C19: =VLOOKUP(B19,Sheet3!$B$2:$E$311,2,FALSE) -> B004 | D19: =VLOOKUP(B19,Sheet3!$B$2:$E$311,3,) -> BAHAN BAKU LUUCA | E19: =VLOOKUP(B19,Sheet3!$B$2:$E$311,4,) -> GR | F19: 352,6 | G19: Tidak bisa digunakan/Air | H19: Nickita
A20: 46118 | B20: TELUR | C20: =VLOOKUP(B20,Sheet3!$B$2:$E$311,2,FALSE) -> #N/A | D20: =VLOOKUP(B20,Sheet3!$B$2:$E$311,3,) -> #N/A | E20: =VLOOKUP(B20,Sheet3!$B$2:$E$311,4,) -> #N/A | F20: 74,1gr | G20: Putih telur | H20: Nickita
A21: 46119 | B21: BUAH STRAWBERRY | C21: =VLOOKUP(B21,Sheet3!$B$2:$E$311,2,FALSE) -> B004 | D21: =VLOOKUP(B21,Sheet3!$B$2:$E$311,3,) -> BAHAN BAKU LUUCA | E21: =VLOOKUP(B21,Sheet3!$B$2:$E$311,4,) -> GR | F21: 15 | G21: Tidak bisa digunakan/Daun | H21: Raka
A22: 46119 | B22: PEPERO ALMOND 32GR | C22: =VLOOKUP(B22,Sheet3!$B$2:$E$311,2,FALSE) -> B004 | D22: =VLOOKUP(B22,Sheet3!$B$2:$E$311,3,) -> BAHAN BAKU LUUCA | E22: PCS | F22: 4 | G22: Patah | H22: Lidia
A23: 46119 | B23: POCKY STRAWBERRY 45GR | C23: =VLOOKUP(B23,Sheet3!$B$2:$E$311,2,FALSE) -> B004 | D23: =VLOOKUP(B23,Sheet3!$B$2:$E$311,3,) -> BAHAN BAKU LUUCA | E23: PCS | F23: 13 | G23: Patah/Basah | H23: Lidia
A24: 46119 | B24: BUAH STRAWBERRY | C24: =VLOOKUP(B24,Sheet3!$B$2:$E$311,2,FALSE) -> B004 | D24: =VLOOKUP(B24,Sheet3!$B$2:$E$311,3,) -> BAHAN BAKU LUUCA | E24: =VLOOKUP(B24,Sheet3!$B$2:$E$311,4,) -> GR | F24: 63,6 | G24: Tidak bisa digunakan/Daun | H24: Nickita
A25: 46119 | B25: BUAH STRAWBERRY | C25: =VLOOKUP(B25,Sheet3!$B$2:$E$311,2,FALSE) -> B004 | D25: =VLOOKUP(B25,Sheet3!$B$2:$E$311,3,) -> BAHAN BAKU LUUCA | E25: =VLOOKUP(B25,Sheet3!$B$2:$E$311,4,) -> GR | F25: 114 | G25: Busuk | H25: Nickita
A26: 46119 | B26: TELUR | C26: =VLOOKUP(B26,Sheet3!$B$2:$E$311,2,FALSE) -> #N/A | D26: =VLOOKUP(B26,Sheet3!$B$2:$E$311,3,) -> #N/A | E26: =VLOOKUP(B26,Sheet3!$B$2:$E$311,4,) -> #N/A | F26: 111 | G26: Putih telur | H26: Lidia
A27: 46120 | B27: TELUR | C27: =VLOOKUP(B27,Sheet3!$B$2:$E$311,2,FALSE) -> #N/A | D27: =VLOOKUP(B27,Sheet3!$B$2:$E$311,3,) -> #N/A | E27: =VLOOKUP(B27,Sheet3!$B$2:$E$311,4,) -> #N/A | F27: 78,7 | G27: Putih telur | H27: Nickita
A28: 46120 | B28: BUAH KIWI | C28: =VLOOKUP(B28,Sheet3!$B$2:$E$311,2,FALSE) -> B004 | D28: =VLOOKUP(B28,Sheet3!$B$2:$E$311,3,) -> BAHAN BAKU LUUCA | E28: =VLOOKUP(B28,Sheet3!$B$2:$E$311,4,) -> GR | F28: 29,3 | G28: Busuk | H28: Nickita
A29: 46120 | B29: BUAH KIWI | C29: =VLOOKUP(B29,Sheet3!$B$2:$E$311,2,FALSE) -> B004 | D29: =VLOOKUP(B29,Sheet3!$B$2:$E$311,3,) -> BAHAN BAKU LUUCA | E29: =VLOOKUP(B29,Sheet3!$B$2:$E$311,4,) -> GR | F29: 26,8 | G29: Tidak bisa digunakan/ Kulit | H29: Nickita
A30: 46120 | B30: BUAH STRAWBERRY | C30: =VLOOKUP(B30,Sheet3!$B$2:$E$311,2,FALSE) -> B004 | D30: =VLOOKUP(B30,Sheet3!$B$2:$E$311,3,) -> BAHAN BAKU LUUCA | E30: =VLOOKUP(B30,Sheet3!$B$2:$E$311,4,) -> GR | F30: 10,2 | G30: Tidak bisa digunakan/Kulit | H30: Nickita
A31: 46120 | B31: BUAH ANGGUR | C31: =VLOOKUP(B31,Sheet3!$B$2:$E$311,2,FALSE) -> B004 | D31: =VLOOKUP(B31,Sheet3!$B$2:$E$311,3,) -> BAHAN BAKU LUUCA | E31: =VLOOKUP(B31,Sheet3!$B$2:$E$311,4,) -> GR | F31: 43,5 | G31: Busuk | H31: Nickita
A32: 46120 | B32: BUAH ANGGUR | D32: =VLOOKUP(B32,Sheet3!$B$2:$E$311,3,) -> BAHAN BAKU LUUCA | E32: =VLOOKUP(B32,Sheet3!$B$2:$E$311,4,) -> GR | F32: 18 | G32: Tangkai Anggur | H32: Nickita
A33: 46120 | B33: BUAH KIWI | C33: =VLOOKUP(B33,Sheet3!$B$2:$E$311,2,FALSE) -> B004 | D33: =VLOOKUP(B33,Sheet3!$B$2:$E$311,3,) -> BAHAN BAKU LUUCA | E33: =VLOOKUP(B33,Sheet3!$B$2:$E$311,4,) -> GR | F33: 93 | G33: Tidak bisa digunakan/Kulit | H33: Lidia
A34: 46120 | B34: BUAH LONGAN 565GR | C34: =VLOOKUP(B34,Sheet3!$B$2:$E$311,2,FALSE) -> B004 | D34: =VLOOKUP(B34,Sheet3!$B$2:$E$311,3,) -> BAHAN BAKU LUUCA | E34: =VLOOKUP(B34,Sheet3!$B$2:$E$311,4,) -> GR | F34: 358 | G34: Air | H34: Lidia
A35: 46120 | B35: NATA DE COCO KARA 1KGX6 | C35: =VLOOKUP(B35,Sheet3!$B$2:$E$311,2,FALSE) -> B004 | D35: =VLOOKUP(B35,Sheet3!$B$2:$E$311,3,) -> BAHAN BAKU LUUCA | E35: =VLOOKUP(B35,Sheet3!$B$2:$E$311,4,) -> GR | F35: 1103 | G35: Air | H35: Lidia
A36: 46120 | B36: POCKY STRAWBERRY 45GR | C36: =VLOOKUP(B36,Sheet3!$B$2:$E$311,2,FALSE) -> B004 | D36: =VLOOKUP(B36,Sheet3!$B$2:$E$311,3,) -> BAHAN BAKU LUUCA | E36: PCS | F36: 10 | G36: Patah/Basah | H36: Lidia
A37: 46120 | B37: PEPERO ALMOND 32GR | C37: =VLOOKUP(B37,Sheet3!$B$2:$E$311,2,FALSE) -> B004 | D37: =VLOOKUP(B37,Sheet3!$B$2:$E$311,3,) -> BAHAN BAKU LUUCA | E37: PCS | F37: 14 | G37: Patah | H37: Lidia
A38: 46120 | B38: BUAH STRAWBERRY | C38: =VLOOKUP(B38,Sheet3!$B$2:$E$311,2,FALSE) -> B004 | D38: =VLOOKUP(B38,Sheet3!$B$2:$E$311,3,) -> BAHAN BAKU LUUCA | E38: =VLOOKUP(B38,Sheet3!$B$2:$E$311,4,) -> GR | F38: 14 | G38: Tidak bisa digunakan/Daun | H38: Lidia
A39: 46120 | B39: BUAH STRAWBERRY | C39: =VLOOKUP(B39,Sheet3!$B$2:$E$311,2,FALSE) -> B004 | D39: =VLOOKUP(B39,Sheet3!$B$2:$E$311,3,) -> BAHAN BAKU LUUCA | E39: =VLOOKUP(B39,Sheet3!$B$2:$E$311,4,) -> GR | F39: 67 | G39: Busuk | H39: Lidia
A40: 46120 | B40: DOUGH - PAIN AU CHOCOLATE | C40: =VLOOKUP(B40,Sheet3!$B$2:$E$311,2,FALSE) -> B004 | D40: =VLOOKUP(B40,Sheet3!$B$2:$E$311,3,) -> BAHAN BAKU LUUCA | E40: =VLOOKUP(B40,Sheet3!$B$2:$E$311,4,) -> PCS | F40: 1 | G40: Tertimpa barang saat thwing | H40: Alif
A41: 46120 | B41: Latte Amore (HOT) | C41: =VLOOKUP(B41,Sheet3!$B$2:$E$311,2,FALSE) -> L001 | D41: =VLOOKUP(B41,Sheet3!$B$2:$E$311,3,) -> LUCCA MENU | E41: =VLOOKUP(B41,Sheet3!$B$2:$E$311,4,) -> PRS | F41: 1 | G41: Tercampur Serbuk kopi | H41: Alif
A42: 46120 | B42: BUAH ANGGUR | C42: =VLOOKUP(B42,Sheet3!$B$2:$E$311,2,FALSE) -> B004 | D42: =VLOOKUP(B42,Sheet3!$B$2:$E$311,3,) -> BAHAN BAKU LUUCA | E42: =VLOOKUP(B42,Sheet3!$B$2:$E$311,4,) -> GR | F42: 3,7 | G42: Tangkai Anggur | H42: Alif
A43: 46121 | B43: NATA DE COCO KARA 1KGX6 | C43: =VLOOKUP(B43,Sheet3!$B$2:$E$311,2,FALSE) -> B004 | D43: =VLOOKUP(B43,Sheet3!$B$2:$E$311,3,) -> BAHAN BAKU LUUCA | E43: =VLOOKUP(B43,Sheet3!$B$2:$E$311,4,) -> GR | F43: 704 | G43: Air | H43: Tian
A44: 46121 | B44: PEPERO ALMOND 32GR | C44: =VLOOKUP(B44,Sheet3!$B$2:$E$311,2,FALSE) -> B004 | D44: =VLOOKUP(B44,Sheet3!$B$2:$E$311,3,) -> BAHAN BAKU LUUCA | E44: PCS | F44: 20 | G44: Patah | H44: Raka
A45: 46121 | B45: BUAH STRAWBERRY | C45: =VLOOKUP(B45,Sheet3!$B$2:$E$311,2,FALSE) -> B004 | D45: =VLOOKUP(B45,Sheet3!$B$2:$E$311,3,) -> BAHAN BAKU LUUCA | E45: =VLOOKUP(B45,Sheet3!$B$2:$E$311,4,) -> GR | F45: 14 | G45: Tidak bisa digunakan/Daun | H45: Raka
A46: 46121 | B46: TELUR | E46: GR | F46: 69 | G46: Putih telur | H46: Alif
A47: 46122 | B47: NATA DE COCO KARA 1KGX6 | C47: =VLOOKUP(B47,Sheet3!$B$2:$E$311,2,FALSE) -> B004 | D47: =VLOOKUP(B47,Sheet3!$B$2:$E$311,3,) -> BAHAN BAKU LUUCA | E47: =VLOOKUP(B47,Sheet3!$B$2:$E$311,4,) -> GR | F47: 319,1 | G47: Air | H47: Nickita
A48: 46122 | B48: BUAH LONGAN 565GR | C48: =VLOOKUP(B48,Sheet3!$B$2:$E$311,2,FALSE) -> B004 | D48: =VLOOKUP(B48,Sheet3!$B$2:$E$311,3,) -> BAHAN BAKU LUUCA | E48: =VLOOKUP(B48,Sheet3!$B$2:$E$311,4,) -> GR | F48: 321,6 | G48: Air | H48: Nickita
A49: 46122 | B49: BUAH STRAWBERRY | C49: =VLOOKUP(B49,Sheet3!$B$2:$E$311,2,FALSE) -> B004 | D49: =VLOOKUP(B49,Sheet3!$B$2:$E$311,3,) -> BAHAN BAKU LUUCA | E49: =VLOOKUP(B49,Sheet3!$B$2:$E$311,4,) -> GR | F49: 12,3 | G49: Tidak bisa digunakan/ Daun | H49: Nickita
A50: 46122 | B50: BUAH STRAWBERRY | C50: =VLOOKUP(B50,Sheet3!$B$2:$E$311,2,FALSE) -> B004 | D50: =VLOOKUP(B50,Sheet3!$B$2:$E$311,3,) -> BAHAN BAKU LUUCA | E50: =VLOOKUP(B50,Sheet3!$B$2:$E$311,4,) -> GR | F50: 3,6 | G50: Busuk | H50: Nickita
A51: 46122 | B51: BUAH KIWI | C51: =VLOOKUP(B51,Sheet3!$B$2:$E$311,2,FALSE) -> B004 | D51: =VLOOKUP(B51,Sheet3!$B$2:$E$311,3,) -> BAHAN BAKU LUUCA | E51: =VLOOKUP(B51,Sheet3!$B$2:$E$311,4,) -> GR | F51: 147,9 | G51: Tidak bisa digunakan/Kulit | H51: Nickita
A52: 46122 | B52: BUAH KIWI | C52: =VLOOKUP(B52,Sheet3!$B$2:$E$311,2,FALSE) -> B004 | D52: =VLOOKUP(B52,Sheet3!$B$2:$E$311,3,) -> BAHAN BAKU LUUCA | E52: =VLOOKUP(B52,Sheet3!$B$2:$E$311,4,) -> GR | F52: 401,9 | G52: Busuk | H52: Nickita
A53: 46122 | B53: BUAH KIWI | C53: =VLOOKUP(B53,Sheet3!$B$2:$E$311,2,FALSE) -> B004 | D53: =VLOOKUP(B53,Sheet3!$B$2:$E$311,3,) -> BAHAN BAKU LUUCA | E53: =VLOOKUP(B53,Sheet3!$B$2:$E$311,4,) -> GR | F53: 69,3 | G53: Tidak bisa digunakan/Kulit | H53: Raka
A54: 46122 | B54: BUAH STRAWBERRY | C54: =VLOOKUP(B54,Sheet3!$B$2:$E$311,2,FALSE) -> B004 | D54: =VLOOKUP(B54,Sheet3!$B$2:$E$311,3,) -> BAHAN BAKU LUUCA | E54: =VLOOKUP(B54,Sheet3!$B$2:$E$311,4,) -> GR | F54: 32,1 | G54: Tidak bisa digunakan/Daun | H54: Raka
A55: 46122 | B55: PEPERO ALMOND 32GR | C55: =VLOOKUP(B55,Sheet3!$B$2:$E$311,2,FALSE) -> B004 | D55: =VLOOKUP(B55,Sheet3!$B$2:$E$311,3,) -> BAHAN BAKU LUUCA | E55: =VLOOKUP(B55,Sheet3!$B$2:$E$311,4,) -> GR | F55: 15 | G55: Patah | H55: Raka
A56: 46122 | B56: MINI COOKIE | C56: =VLOOKUP(B56,Sheet3!$B$2:$E$311,2,FALSE) -> B004 | D56: =VLOOKUP(B56,Sheet3!$B$2:$E$311,3,) -> BAHAN BAKU LUUCA | E56: =VLOOKUP(B56,Sheet3!$B$2:$E$311,4,) -> GR | F56: 6 | G56: Terjatuh | H56: Lidia
A57: 46122 | B57: TELUR | C57: =VLOOKUP(B57,Sheet3!$B$2:$E$311,2,FALSE) -> #N/A | D57: =VLOOKUP(B57,Sheet3!$B$2:$E$311,3,) -> #N/A | E57: GR | F57: 49 | G57: Putih telur | H57: Lidia
A58: 46122 | B58: PEPERO ALMOND 32GR | C58: =VLOOKUP(B58,Sheet3!$B$2:$E$311,2,FALSE) -> B004 | D58: =VLOOKUP(B58,Sheet3!$B$2:$E$311,3,) -> BAHAN BAKU LUUCA | E58: PCS | F58: 9 | G58: Patah | H58: Lidia
A59: 46123 | B59: BUAH LONGAN 565GR | C59: =VLOOKUP(B59,Sheet3!$B$2:$E$311,2,FALSE) -> B004 | D59: =VLOOKUP(B59,Sheet3!$B$2:$E$311,3,) -> BAHAN BAKU LUUCA | E59: =VLOOKUP(B59,Sheet3!$B$2:$E$311,4,) -> GR | F59: 687 | G59: Air | H59: Nickita
A60: 46123 | B60: NATA DE COCO KARA 1KGX6 | C60: =VLOOKUP(B60,Sheet3!$B$2:$E$311,2,FALSE) -> B004 | D60: =VLOOKUP(B60,Sheet3!$B$2:$E$311,3,) -> BAHAN BAKU LUUCA | E60: =VLOOKUP(B60,Sheet3!$B$2:$E$311,4,) -> GR | F60: 218,2 | G60: Air | H60: Nickita
A61: 46123 | B61: POCKY STRAWBERRY 45GR | C61: =VLOOKUP(B61,Sheet3!$B$2:$E$311,2,FALSE) -> B004 | D61: =VLOOKUP(B61,Sheet3!$B$2:$E$311,3,) -> BAHAN BAKU LUUCA | E61: PCS | F61: 25 | G61: Patah | H61: Nickita
A62: 46123 | B62: CHOCO DIP SAUCE BELLA 1KG | C62: =VLOOKUP(B62,Sheet3!$B$2:$E$311,2,FALSE) -> B004 | D62: =VLOOKUP(B62,Sheet3!$B$2:$E$311,3,) -> BAHAN BAKU LUUCA | E62: =VLOOKUP(B62,Sheet3!$B$2:$E$311,4,) -> GR | F62: 403,5 | G62: Terkontaminasi minyak | H62: Admin Luuca
A63: 46123 | B63: PEPERO ALMOND 32GR | C63: =VLOOKUP(B63,Sheet3!$B$2:$E$311,2,FALSE) -> B004 | D63: =VLOOKUP(B63,Sheet3!$B$2:$E$311,3,) -> BAHAN BAKU LUUCA | E63: PCS | F63: 16 | G63: Patah | H63: Raka
A64: 46123 | B64: BUAH KIWI | C64: =VLOOKUP(B64,Sheet3!$B$2:$E$311,2,FALSE) -> B004 | D64: =VLOOKUP(B64,Sheet3!$B$2:$E$311,3,) -> BAHAN BAKU LUUCA | E64: =VLOOKUP(B64,Sheet3!$B$2:$E$311,4,) -> GR | F64: 44 | G64: Busuk | H64: Raka
A65: 46123 | B65: BUAH KIWI | C65: =VLOOKUP(B65,Sheet3!$B$2:$E$311,2,FALSE) -> B004 | D65: =VLOOKUP(B65,Sheet3!$B$2:$E$311,3,) -> BAHAN BAKU LUUCA | E65: =VLOOKUP(B65,Sheet3!$B$2:$E$311,4,) -> GR | F65: 53 | G65: Tidak bisa digunakan/Kulit | H65: Raka
A66: 46123 | B66: NATA DE COCO KARA 1KGX6 | C66: =VLOOKUP(B66,Sheet3!$B$2:$E$311,2,FALSE) -> B004 | D66: =VLOOKUP(B66,Sheet3!$B$2:$E$311,3,) -> BAHAN BAKU LUUCA | E66: =VLOOKUP(B66,Sheet3!$B$2:$E$311,4,) -> GR | F66: 821 | G66: Air | H66: Lidia
A67: 46123 | B67: BUAH KIWI | C67: =VLOOKUP(B67,Sheet3!$B$2:$E$311,2,FALSE) -> B004 | D67: =VLOOKUP(B67,Sheet3!$B$2:$E$311,3,) -> BAHAN BAKU LUUCA | E67: =VLOOKUP(B67,Sheet3!$B$2:$E$311,4,) -> GR | F67: 28 | G67: Busuk | H67: Lidia
A68: 46123 | B68: BUAH KIWI | C68: =VLOOKUP(B68,Sheet3!$B$2:$E$311,2,FALSE) -> B004 | D68: =VLOOKUP(B68,Sheet3!$B$2:$E$311,3,) -> BAHAN BAKU LUUCA | E68: =VLOOKUP(B68,Sheet3!$B$2:$E$311,4,) -> GR | F68: 59 | G68: Tidak bisa digunakan/Kulit | H68: Lidia
A69: 46123 | B69: BUAH LONGAN 565GR | C69: =VLOOKUP(B69,Sheet3!$B$2:$E$311,2,FALSE) -> B004 | D69: =VLOOKUP(B69,Sheet3!$B$2:$E$311,3,) -> BAHAN BAKU LUUCA | E69: =VLOOKUP(B69,Sheet3!$B$2:$E$311,4,) -> GR | F69: 775 | G69: Air | H69: Lidia
A70: 46123 | B70: TELUR | C70: =VLOOKUP(B70,Sheet3!$B$2:$E$311,2,FALSE) -> #N/A | D70: =VLOOKUP(B70,Sheet3!$B$2:$E$311,3,) -> #N/A | E70: GR | F70: 86 | G70: Putih telur | H70: Lidia
A71: 46123 | B71: PEPERO ALMOND 32GR | C71: =VLOOKUP(B71,Sheet3!$B$2:$E$311,2,FALSE) -> B004 | D71: =VLOOKUP(B71,Sheet3!$B$2:$E$311,3,) -> BAHAN BAKU LUUCA | E71: =VLOOKUP(B71,Sheet3!$B$2:$E$311,4,) -> GR | F71: 11 | G71: Patah | H71: Lidia
A72: 46123 | B72: BUAH KIWI | C72: =VLOOKUP(B72,Sheet3!$B$2:$E$311,2,FALSE) -> B004 | D72: =VLOOKUP(B72,Sheet3!$B$2:$E$311,3,) -> BAHAN BAKU LUUCA | E72: =VLOOKUP(B72,Sheet3!$B$2:$E$311,4,) -> GR | F72: 64 | G72: Busuk | H72: Lidia
A73: 46123 | B73: BUAH STRAWBERRY | C73: =VLOOKUP(B73,Sheet3!$B$2:$E$311,2,FALSE) -> B004 | D73: =VLOOKUP(B73,Sheet3!$B$2:$E$311,3,) -> BAHAN BAKU LUUCA | E73: =VLOOKUP(B73,Sheet3!$B$2:$E$311,4,) -> GR | F73: 111 | G73: Tidak bisa digunakan/Daun | H73: Lidia
A74: 46123 | B74: BUAH STRAWBERRY | C74: =VLOOKUP(B74,Sheet3!$B$2:$E$311,2,FALSE) -> B004 | D74: =VLOOKUP(B74,Sheet3!$B$2:$E$311,3,) -> BAHAN BAKU LUUCA | E74: =VLOOKUP(B74,Sheet3!$B$2:$E$311,4,) -> GR | F74: 70 | G74: Tidak bisa digunakan/Daun | H74: Lidia
A75: 46123 | B75: BUAH STRAWBERRY | C75: =VLOOKUP(B75,Sheet3!$B$2:$E$311,2,FALSE) -> B004 | D75: =VLOOKUP(B75,Sheet3!$B$2:$E$311,3,) -> BAHAN BAKU LUUCA | E75: =VLOOKUP(B75,Sheet3!$B$2:$E$311,4,) -> GR | F75: 581 | G75: Busuk | H75: Lidia
A76: 46123 | B76: WIP CHOCOLATE ICE CREAM | C76: =VLOOKUP(B76,Sheet3!$B$2:$E$311,2,FALSE) -> P006 | D76: =VLOOKUP(B76,Sheet3!$B$2:$E$311,3,) -> PRODUKSI STOK LUUCA | E76: =VLOOKUP(B76,Sheet3!$B$2:$E$311,4,) -> GR | F76: 382 | G76: Trouble mesin/Tercampur | H76: Lidia
A77: 46123 | B77: WIP CHOCOLATE ICE CREAM | C77: =VLOOKUP(B77,Sheet3!$B$2:$E$311,2,FALSE) -> P006 | D77: =VLOOKUP(B77,Sheet3!$B$2:$E$311,3,) -> PRODUKSI STOK LUUCA | E77: =VLOOKUP(B77,Sheet3!$B$2:$E$311,4,) -> GR | F77: 386 | G77: Trouble mesin/Tercampur | H77: Lidia
A78: 46123 | B78: WIP YOGURT ICE CREAM | C78: =VLOOKUP(B78,Sheet3!$B$2:$E$311,2,FALSE) -> P006 | D78: =VLOOKUP(B78,Sheet3!$B$2:$E$311,3,) -> PRODUKSI STOK LUUCA | E78: =VLOOKUP(B78,Sheet3!$B$2:$E$311,4,) -> GR | F78: 241 | G78: Trouble mesin/Tercampur | H78: Lidia
A79: 46123 | B79: PEPERO ALMOND 32GR | C79: =VLOOKUP(B79,Sheet3!$B$2:$E$311,2,FALSE) -> B004 | D79: =VLOOKUP(B79,Sheet3!$B$2:$E$311,3,) -> BAHAN BAKU LUUCA | E79: PCS | F79: 10 | G79: Patah | H79: Alif
A80: 46124 | B80: POCKY STRAWBERRY 45GR | C80: =VLOOKUP(B80,Sheet3!$B$2:$E$311,2,FALSE) -> B004 | D80: =VLOOKUP(B80,Sheet3!$B$2:$E$311,3,) -> BAHAN BAKU LUUCA | E80: PCSS | F80: 11 | G80: Patah/Basah | H80: Alif
A81: 46124 | B81: BUAH KIWI | C81: =VLOOKUP(B81,Sheet3!$B$2:$E$311,2,FALSE) -> B004 | D81: =VLOOKUP(B81,Sheet3!$B$2:$E$311,3,) -> BAHAN BAKU LUUCA | E81: =VLOOKUP(B81,Sheet3!$B$2:$E$311,4,) -> GR | F81: 151 | G81: Tidak bisa digunakan/Kulit | H81: Alif
A82: 46124 | B82: BUAH ANGGUR | C82: =VLOOKUP(B82,Sheet3!$B$2:$E$311,2,FALSE) -> B004 | D82: =VLOOKUP(B82,Sheet3!$B$2:$E$311,3,) -> BAHAN BAKU LUUCA | E82: =VLOOKUP(B82,Sheet3!$B$2:$E$311,4,) -> GR | F82: 30 | G82: Tangkai Anggur | H82: Alif
A83: 46124 | B83: NATA DE COCO KARA 1KGX6 | C83: =VLOOKUP(B83,Sheet3!$B$2:$E$311,2,FALSE) -> B004 | D83: =VLOOKUP(B83,Sheet3!$B$2:$E$311,3,) -> BAHAN BAKU LUUCA | E83: =VLOOKUP(B83,Sheet3!$B$2:$E$311,4,) -> GR | F83: 718 | G83: Air | H83: Alif
A84: 46124 | B84: BUAH STRAWBERRY | C84: =VLOOKUP(B84,Sheet3!$B$2:$E$311,2,FALSE) -> B004 | D84: =VLOOKUP(B84,Sheet3!$B$2:$E$311,3,) -> BAHAN BAKU LUUCA | E84: =VLOOKUP(B84,Sheet3!$B$2:$E$311,4,) -> GR | F84: 1,4 | G84: Tidak bisa digunakan/Daun | H84: Alif
A85: 46124 | B85: POCKY STRAWBERRY 45GR | C85: =VLOOKUP(B85,Sheet3!$B$2:$E$311,2,FALSE) -> B004 | D85: =VLOOKUP(B85,Sheet3!$B$2:$E$311,3,) -> BAHAN BAKU LUUCA | E85: PCS | F85: 5 | G85: Patah | H85: Raka
A86: 46124 | B86: WIP STRAWBERRY ICE CREAM | C86: =VLOOKUP(B86,Sheet3!$B$2:$E$311,2,FALSE) -> P006 | D86: =VLOOKUP(B86,Sheet3!$B$2:$E$311,3,) -> PRODUKSI STOK LUUCA | E86: =VLOOKUP(B86,Sheet3!$B$2:$E$311,4,) -> GR | F86: 577 | G86: Basi | H86: Raka
A87: 46125 | B87: PEPERO ALMOND 32GR | C87: =VLOOKUP(B87,Sheet3!$B$2:$E$311,2,FALSE) -> B004 | D87: =VLOOKUP(B87,Sheet3!$B$2:$E$311,3,) -> BAHAN BAKU LUUCA | E87: PCS | F87: 5 | G87: Patah | H87: Raka
A88: 46126 | B88: BUAH KIWI | C88: =VLOOKUP(B88,Sheet3!$B$2:$E$311,2,FALSE) -> B004 | D88: =VLOOKUP(B88,Sheet3!$B$2:$E$311,3,) -> BAHAN BAKU LUUCA | E88: =VLOOKUP(B88,Sheet3!$B$2:$E$311,4,) -> GR | F88: 123 | G88: Tidak bisa digunakan/Kulit | H88: Lidia | I88: V TRI
A89: 46126 | B89: PEPERO ALMOND 32GR | C89: =VLOOKUP(B89,Sheet3!$B$2:$E$311,2,FALSE) -> B004 | D89: =VLOOKUP(B89,Sheet3!$B$2:$E$311,3,) -> BAHAN BAKU LUUCA | E89: PCS | F89: 5 | G89: Patah | H89: Lidia | I89: V TRI
A90: 46126 | B90: POCKY STRAWBERRY 45GR | C90: =VLOOKUP(B90,Sheet3!$B$2:$E$311,2,FALSE) -> B004 | D90: =VLOOKUP(B90,Sheet3!$B$2:$E$311,3,) -> BAHAN BAKU LUUCA | E90: PCS | F90: 12 | G90: Patah/Basah | H90: Lidia | I90: V TRI
A91: 46126 | B91: PEPERO ALMOND 32GR | C91: =VLOOKUP(B91,Sheet3!$B$2:$E$311,2,FALSE) -> B004 | D91: =VLOOKUP(B91,Sheet3!$B$2:$E$311,3,) -> BAHAN BAKU LUUCA | E91: PCS | F91: 12 | G91: Patah | H91: Lidia | I91: V TRI
A92: 46126 | B92: BUAH STRAWBERRY | C92: =VLOOKUP(B92,Sheet3!$B$2:$E$311,2,FALSE) -> B004 | D92: =VLOOKUP(B92,Sheet3!$B$2:$E$311,3,) -> BAHAN BAKU LUUCA | E92: =VLOOKUP(B92,Sheet3!$B$2:$E$311,4,) -> GR | F92: 56,9 | G92: Tidak bisa digunakan/Daun | H92: Lidia | I92: V TRI
A93: 46126 | B93: BUAH STRAWBERRY | C93: =VLOOKUP(B93,Sheet3!$B$2:$E$311,2,FALSE) -> B004 | D93: =VLOOKUP(B93,Sheet3!$B$2:$E$311,3,) -> BAHAN BAKU LUUCA | E93: =VLOOKUP(B93,Sheet3!$B$2:$E$311,4,) -> GR | F93: 71,4 | G93: Busuk | H93: Nickita | I93: V TRI
A94: 46127 | B94: PEPERO ALMOND 32GR | C94: =VLOOKUP(B94,Sheet3!$B$2:$E$311,2,FALSE) -> B004 | D94: =VLOOKUP(B94,Sheet3!$B$2:$E$311,3,) -> BAHAN BAKU LUUCA | E94: =VLOOKUP(B94,Sheet3!$B$2:$E$311,4,) -> GR | F94: 9 | G94: Patah | H94: Raka | I94: V TRI
A95: 46127 | B95: BUAH STRAWBERRY | C95: =VLOOKUP(B95,Sheet3!$B$2:$E$311,2,FALSE) -> B004 | D95: =VLOOKUP(B95,Sheet3!$B$2:$E$311,3,) -> BAHAN BAKU LUUCA | E95: =VLOOKUP(B95,Sheet3!$B$2:$E$311,4,) -> GR | F95: 11,3 | G95: Tidak bisa digunakan/Daun | H95: Raka | I95: V TRI
A96: 46127 | B96: BUAH KIWI | C96: =VLOOKUP(B96,Sheet3!$B$2:$E$311,2,FALSE) -> B004 | D96: =VLOOKUP(B96,Sheet3!$B$2:$E$311,3,) -> BAHAN BAKU LUUCA | E96: =VLOOKUP(B96,Sheet3!$B$2:$E$311,4,) -> GR | F96: 19,3 | G96: Tidak bisa digunakan/Kulit | H96: Faisal | I96: V TRI
A97: 46127 | B97: BUAH ANGGUR | C97: =VLOOKUP(B97,Sheet3!$B$2:$E$311,2,FALSE) -> B004 | D97: =VLOOKUP(B97,Sheet3!$B$2:$E$311,3,) -> BAHAN BAKU LUUCA | E97: =VLOOKUP(B97,Sheet3!$B$2:$E$311,4,) -> GR | F97: 5 | G97: Tangkai Anggur | H97: Faisal | I97: V TRI
A98: 46128 | B98: WIP YOGURT ICE CREAM | C98: =VLOOKUP(B98,Sheet3!$B$2:$E$311,2,FALSE) -> P006 | D98: =VLOOKUP(B98,Sheet3!$B$2:$E$311,3,) -> PRODUKSI STOK LUUCA | E98: =VLOOKUP(B98,Sheet3!$B$2:$E$311,4,) -> GR | F98: 1486 | G98: Terkontaminasi/Trouble mesin | H98: Alif | I98: X 1486GR | J98: V
A99: 46128 | B99: PEPERO ALMOND 32GR | C99: =VLOOKUP(B99,Sheet3!$B$2:$E$311,2,FALSE) -> B004 | D99: =VLOOKUP(B99,Sheet3!$B$2:$E$311,3,) -> BAHAN BAKU LUUCA | E99: PCS | F99: 3 | G99: Patah | H99: Tian | I99: X 6PCS
A100: 46128 | B100: WIP CHOCOLATE BASE | C100: =VLOOKUP(B100,Sheet3!$B$2:$E$311,2,FALSE) -> P006 | D100: =VLOOKUP(B100,Sheet3!$B$2:$E$311,3,) -> PRODUKSI STOK LUUCA | E100: =VLOOKUP(B100,Sheet3!$B$2:$E$311,4,) -> GR | F100: 190 | G100: Basi | H100: Alif | I100: V TRI
...

Sheet 1 MEI - 30 MEI
A1: TANGGAL | B1: NAMA PRODUK | C1: KODE CSA | D1: JENIS | F1: JUMLAH | G1: ALASAN WASTE | H1: USER | I1: koreksi audit
A2: 46027 | B2: NATA DE COCO KARA 1KGX6 | C2: =VLOOKUP(B2,Sheet3!$B$2:$E$311,2,FALSE) -> B004 | D2: =VLOOKUP(B2,Sheet3!$B$2:$E$311,3,) -> BAHAN BAKU LUUCA | E2: =VLOOKUP(B2,Sheet3!$B$2:$E$311,4,) -> GR | F2: 197 | G2: Air | H2: Thia | I2: v | J2: Ilyas
B3: TELUR | C3: =VLOOKUP(B3,Sheet3!$B$2:$E$311,2,FALSE) -> #N/A | D3: BAHAN BAKU LUUCA | E3: PCS/GR | F3: 296,3/3 | G3: Putih telur | H3: Nickita | I3: v | J3: Ilyas
B4: BUAH ANGGUR | C4: =VLOOKUP(B4,Sheet3!$B$2:$E$311,2,FALSE) -> B004 | D4: =VLOOKUP(B4,Sheet3!$B$2:$E$311,3,) -> BAHAN BAKU LUUCA | E4: =VLOOKUP(B4,Sheet3!$B$2:$E$311,4,) -> GR | F4: 251.9 | G4: Busuk | H4: Nickita | I4: v | J4: Ilyas
B5: BUAH STRAWBERRY | C5: =VLOOKUP(B5,Sheet3!$B$2:$E$311,2,FALSE) -> B004 | D5: =VLOOKUP(B5,Sheet3!$B$2:$E$311,3,) -> BAHAN BAKU LUUCA | E5: =VLOOKUP(B5,Sheet3!$B$2:$E$311,4,) -> GR | F5: 11.4 | G5: Daun | H5: Nickita | I5: v | J5: Ilyas
B6: BUAH KIWI | C6: =VLOOKUP(B6,Sheet3!$B$2:$E$311,2,FALSE) -> B004 | D6: =VLOOKUP(B6,Sheet3!$B$2:$E$311,3,) -> BAHAN BAKU LUUCA | E6: =VLOOKUP(B6,Sheet3!$B$2:$E$311,4,) -> GR | F6: 14.1 | G6: Busuk | H6: Nickita | I6: v | J6: Ilyas
B7: BUAH KIWI | C7: =VLOOKUP(B7,Sheet3!$B$2:$E$311,2,FALSE) -> B004 | D7: =VLOOKUP(B7,Sheet3!$B$2:$E$311,3,) -> BAHAN BAKU LUUCA | E7: =VLOOKUP(B7,Sheet3!$B$2:$E$311,4,) -> GR | F7: 63.1 | G7: Kulit | H7: Nickita | I7: v | J7: Ilyas
B8: BUAH ANGGUR | C8: =VLOOKUP(B8,Sheet3!$B$2:$E$311,2,FALSE) -> B004 | D8: =VLOOKUP(B8,Sheet3!$B$2:$E$311,3,) -> BAHAN BAKU LUUCA | E8: =VLOOKUP(B8,Sheet3!$B$2:$E$311,4,) -> GR | F8: 12.9 | G8: Tangkai Anggur | H8: Nickita | I8: v | J8: Ilyas
B9: BUAH KIWI | C9: =VLOOKUP(B9,Sheet3!$B$2:$E$311,2,FALSE) -> B004 | D9: =VLOOKUP(B9,Sheet3!$B$2:$E$311,3,) -> BAHAN BAKU LUUCA | E9: =VLOOKUP(B9,Sheet3!$B$2:$E$311,4,) -> GR | F9: 74.6 | G9: Kulit | H9: Nickita | I9: v | J9: Ilyas
B10: BUAH STRAWBERRY | C10: =VLOOKUP(B10,Sheet3!$B$2:$E$311,2,FALSE) -> B004 | D10: =VLOOKUP(B10,Sheet3!$B$2:$E$311,3,) -> BAHAN BAKU LUUCA | E10: =VLOOKUP(B10,Sheet3!$B$2:$E$311,4,) -> GR | F10: 19.7 | G10: Daun | H10: Lidia | I10: v | J10: Ilyas
B11: BUAH ANGGUR | C11: =VLOOKUP(B11,Sheet3!$B$2:$E$311,2,FALSE) -> B004 | D11: =VLOOKUP(B11,Sheet3!$B$2:$E$311,3,) -> BAHAN BAKU LUUCA | E11: =VLOOKUP(B11,Sheet3!$B$2:$E$311,4,) -> GR | F11: 8.6 | G11: Tangkai Anggur | H11: Lidia | I11: v | J11: Ilyas
B12: BUAH ANGGUR | C12: =VLOOKUP(B12,Sheet3!$B$2:$E$311,2,FALSE) -> B004 | D12: =VLOOKUP(B12,Sheet3!$B$2:$E$311,3,) -> BAHAN BAKU LUUCA | E12: =VLOOKUP(B12,Sheet3!$B$2:$E$311,4,) -> GR | F12: 88.4 | G12: Busuk | H12: Lidia | I12: v | J12: Ilyas
B13: NATA DE COCO KARA 1KGX6 | C13: =VLOOKUP(B13,Sheet3!$B$2:$E$311,2,FALSE) -> B004 | D13: =VLOOKUP(B13,Sheet3!$B$2:$E$311,3,) -> BAHAN BAKU LUUCA | E13: =VLOOKUP(B13,Sheet3!$B$2:$E$311,4,) -> GR | F13: 1219 | G13: Air | H13: Lidia | I13: v | J13: Ilyas
B14: BUAH STRAWBERRY | C14: =VLOOKUP(B14,Sheet3!$B$2:$E$311,2,FALSE) -> B004 | D14: =VLOOKUP(B14,Sheet3!$B$2:$E$311,3,) -> BAHAN BAKU LUUCA | E14: =VLOOKUP(B14,Sheet3!$B$2:$E$311,4,) -> GR | F14: 181.7 | G14: Busuk | H14: Lidia | I14: v | J14: Ilyas
B15: BUAH STRAWBERRY | C15: =VLOOKUP(B15,Sheet3!$B$2:$E$311,2,FALSE) -> B004 | D15: =VLOOKUP(B15,Sheet3!$B$2:$E$311,3,) -> BAHAN BAKU LUUCA | E15: =VLOOKUP(B15,Sheet3!$B$2:$E$311,4,) -> GR | F15: 167.3 | G15: Busuk | H15: Lidia | I15: v | J15: Ilyas
B16: BUAH STRAWBERRY | C16: =VLOOKUP(B16,Sheet3!$B$2:$E$311,2,FALSE) -> B004 | D16: =VLOOKUP(B16,Sheet3!$B$2:$E$311,3,) -> BAHAN BAKU LUUCA | E16: =VLOOKUP(B16,Sheet3!$B$2:$E$311,4,) -> GR | F16: 30.6 | G16: Daun | H16: Lidia | I16: v | J16: Ilyas
A17: 46058 | B17: NATA DE COCO KARA 1KGX6 | C17: =VLOOKUP(B17,Sheet3!$B$2:$E$311,2,FALSE) -> B004 | D17: =VLOOKUP(B17,Sheet3!$B$2:$E$311,3,) -> BAHAN BAKU LUUCA | E17: =VLOOKUP(B17,Sheet3!$B$2:$E$311,4,) -> GR | F17: 483.5 | G17: Air | H17: Nickita | I17: v | J17: Ilyas
B18: BUAH LONGAN 565GR | C18: =VLOOKUP(B18,Sheet3!$B$2:$E$311,2,FALSE) -> B004 | D18: =VLOOKUP(B18,Sheet3!$B$2:$E$311,3,) -> BAHAN BAKU LUUCA | E18: =VLOOKUP(B18,Sheet3!$B$2:$E$311,4,) -> GR | F18: 944 | G18: Air | H18: Nickita | I18: v | J18: Ilyas
B19: TELUR | C19: =VLOOKUP(B19,Sheet3!$B$2:$E$311,2,FALSE) -> #N/A | D19: BAHAN BAKU LUUCA | E19: PCS/GR | F19: 75,5/2 | G19: Putih telur | H19: Thia | I19: v | J19: Ilyas
B20: PEPERO ALMOND 32GR | C20: =VLOOKUP(B20,Sheet3!$B$2:$E$311,2,FALSE) -> B004 | D20: =VLOOKUP(B20,Sheet3!$B$2:$E$311,3,) -> BAHAN BAKU LUUCA | E20: =VLOOKUP(B20,Sheet3!$B$2:$E$311,4,) -> GR | F20: 2 | G20: Terkontaminasi air | H20: Thia | I20: v | J20: Ilyas
B21: BUAH STRAWBERRY | C21: =VLOOKUP(B21,Sheet3!$B$2:$E$311,2,FALSE) -> B004 | D21: =VLOOKUP(B21,Sheet3!$B$2:$E$311,3,) -> BAHAN BAKU LUUCA | E21: =VLOOKUP(B21,Sheet3!$B$2:$E$311,4,) -> GR | F21: 316 | G21: Busuk | H21: Lidia | I21: v | J21: Ilyas
B22: BUAH KIWI | C22: =VLOOKUP(B22,Sheet3!$B$2:$E$311,2,FALSE) -> B004 | D22: =VLOOKUP(B22,Sheet3!$B$2:$E$311,3,) -> BAHAN BAKU LUUCA | E22: =VLOOKUP(B22,Sheet3!$B$2:$E$311,4,) -> GR | F22: 49.5 | G22: Kulit | H22: Thia | I22: v | J22: Ilyas
B23: BUAH STRAWBERRY | C23: =VLOOKUP(B23,Sheet3!$B$2:$E$311,2,FALSE) -> B004 | D23: =VLOOKUP(B23,Sheet3!$B$2:$E$311,3,) -> BAHAN BAKU LUUCA | E23: =VLOOKUP(B23,Sheet3!$B$2:$E$311,4,) -> GR | F23: 13.5 | G23: Daun | H23: Thia | I23: v | J23: Ilyas
B24: NATA DE COCO KARA 1KGX6 | C24: =VLOOKUP(B24,Sheet3!$B$2:$E$311,2,FALSE) -> B004 | D24: =VLOOKUP(B24,Sheet3!$B$2:$E$311,3,) -> BAHAN BAKU LUUCA | E24: =VLOOKUP(B24,Sheet3!$B$2:$E$311,4,) -> GR | F24: 303 | G24: Air | H24: Thia | I24: v | J24: Ilyas
A25: 46145 | B25: BUAH LONGAN 565GR | C25: =VLOOKUP(B25,Sheet3!$B$2:$E$311,2,FALSE) -> B004 | D25: =VLOOKUP(B25,Sheet3!$B$2:$E$311,3,) -> BAHAN BAKU LUUCA | E25: =VLOOKUP(B25,Sheet3!$B$2:$E$311,4,) -> GR | F25: 333 | G25: Air | H25: Thia | I25: V | J25: Tri
B26: BUAH STRAWBERRY | C26: =VLOOKUP(B26,Sheet3!$B$2:$E$311,2,FALSE) -> B004 | D26: =VLOOKUP(B26,Sheet3!$B$2:$E$311,3,) -> BAHAN BAKU LUUCA | E26: =VLOOKUP(B26,Sheet3!$B$2:$E$311,4,) -> GR | F26: 7,3 | G26: Daun | H26: Thia | I26: V | J26: Tri
B27: BUAH KIWI | C27: =VLOOKUP(B27,Sheet3!$B$2:$E$311,2,FALSE) -> B004 | D27: =VLOOKUP(B27,Sheet3!$B$2:$E$311,3,) -> BAHAN BAKU LUUCA | E27: =VLOOKUP(B27,Sheet3!$B$2:$E$311,4,) -> GR | F27: 22,6 | G27: Kulit | H27: Thia | I27: V | J27: Tri
A28: 46146 | B28: BUAH KIWI | C28: =VLOOKUP(B28,Sheet3!$B$2:$E$311,2,FALSE) -> B004 | D28: =VLOOKUP(B28,Sheet3!$B$2:$E$311,3,) -> BAHAN BAKU LUUCA | E28: =VLOOKUP(B28,Sheet3!$B$2:$E$311,4,) -> GR | F28: 19,4 | G28: Busuk | H28: Nickita | I28: V | J28: Tri
B29: NATA DE COCO KARA 1KGX6 | C29: =VLOOKUP(B29,Sheet3!$B$2:$E$311,2,FALSE) -> B004 | D29: =VLOOKUP(B29,Sheet3!$B$2:$E$311,3,) -> BAHAN BAKU LUUCA | E29: =VLOOKUP(B29,Sheet3!$B$2:$E$311,4,) -> GR | F29: 1530 | G29: Air | H29: Lidia | I29: V | J29: Tri
B30: BUAH LONGAN 565GR | C30: =VLOOKUP(B30,Sheet3!$B$2:$E$311,2,FALSE) -> B004 | D30: =VLOOKUP(B30,Sheet3!$B$2:$E$311,3,) -> BAHAN BAKU LUUCA | E30: =VLOOKUP(B30,Sheet3!$B$2:$E$311,4,) -> GR | F30: 1402 | G30: Air | H30: Lidia | I30: V | J30: Tri
B31: SLEEVE CONE - LUUCA | C31: =VLOOKUP(B31,Sheet3!$B$2:$E$311,2,FALSE) -> P005 | D31: =VLOOKUP(B31,Sheet3!$B$2:$E$311,3,) -> PACKAGING LUUCA | E31: =VLOOKUP(B31,Sheet3!$B$2:$E$311,4,) -> PCS | F31: 2 | G31: Rusak | H31: Lidia | I31: V | J31: Tri
A32: 46147 | B32: BUAH ANGGUR | C32: =VLOOKUP(B32,Sheet3!$B$2:$E$311,2,FALSE) -> B004 | D32: =VLOOKUP(B32,Sheet3!$B$2:$E$311,3,) -> BAHAN BAKU LUUCA | E32: =VLOOKUP(B32,Sheet3!$B$2:$E$311,4,) -> GR | F32: 3,6 | G32: Tangkai Anggur | H32: Lidia | I32: V | J32: Tri
B33: Filling biscotti crema | C33: =VLOOKUP(B33,Sheet3!$B$2:$E$311,2,FALSE) -> #N/A | D33: BAHAN BAKU LUUCA | E33: GR | F33: 206,1 | G33: Tidak bisa digunakan | H33: Lidia | I33: V | J33: Tri
B34: Whipping cream | C34: =VLOOKUP(B34,Sheet3!$B$2:$E$311,2,FALSE) -> #N/A | D34: BAHAN BAKU LUUCA | E34: GR | F34: 235,4 | G34: Gagal produksi | H34: Lidia | I34: V | J34: Tri
A35: 45843 | B35: BUAH STRAWBERRY | C35: =VLOOKUP(B35,Sheet3!$B$2:$E$311,2,FALSE) -> B004 | D35: =VLOOKUP(B35,Sheet3!$B$2:$E$311,3,) -> BAHAN BAKU LUUCA | E35: =VLOOKUP(B35,Sheet3!$B$2:$E$311,4,) -> GR | F35: 9,4 | G35: Daun | H35: Faisal | I35: V | J35: Tri
B36: BUAH KIWI | C36: =VLOOKUP(B36,Sheet3!$B$2:$E$311,2,FALSE) -> B004 | D36: =VLOOKUP(B36,Sheet3!$B$2:$E$311,3,) -> BAHAN BAKU LUUCA | E36: =VLOOKUP(B36,Sheet3!$B$2:$E$311,4,) -> GR | F36: 39,4 | G36: Kulit | H36: Raka | I36: V | J36: Tri
B37: NATA DE COCO KARA 1KGX6 | C37: =VLOOKUP(B37,Sheet3!$B$2:$E$311,2,FALSE) -> B004 | D37: =VLOOKUP(B37,Sheet3!$B$2:$E$311,3,) -> BAHAN BAKU LUUCA | E37: =VLOOKUP(B37,Sheet3!$B$2:$E$311,4,) -> GR | F37: 589 | G37: Air | H37: Alif | I37: V | J37: Tri
B38: TELUR | D38: BAHAN BAKU LUUCA | E38: GR/PCS | F38: 27,3/1 | G38: Putih telur | H38: Nickita | I38: V | J38: Tri
B39: BUAH LONGAN 565GR | C39: =VLOOKUP(B39,Sheet3!$B$2:$E$311,2,FALSE) -> B004 | D39: =VLOOKUP(B39,Sheet3!$B$2:$E$311,3,) -> BAHAN BAKU LUUCA | E39: =VLOOKUP(B39,Sheet3!$B$2:$E$311,4,) -> GR | F39: 1162 | G39: Air | H39: Lidia | I39: V | J39: Tri
A40: 46239 | B40: BUAH ANGGUR | C40: =VLOOKUP(B40,Sheet3!$B$2:$E$311,2,FALSE) -> B004 | D40: =VLOOKUP(B40,Sheet3!$B$2:$E$311,3,) -> BAHAN BAKU LUUCA | E40: =VLOOKUP(B40,Sheet3!$B$2:$E$311,4,) -> GR | F40: 26,1 | G40: Busuk | H40: Lidia | I40: V | J40: Tri
B41: BUAH STRAWBERRY | C41: =VLOOKUP(B41,Sheet3!$B$2:$E$311,2,FALSE) -> B004 | D41: =VLOOKUP(B41,Sheet3!$B$2:$E$311,3,) -> BAHAN BAKU LUUCA | E41: =VLOOKUP(B41,Sheet3!$B$2:$E$311,4,) -> GR | F41: 299,4 | G41: Daun&Busuk | H41: Lidia | I41: V | J41: Tri
B42: BUAH KIWI | C42: =VLOOKUP(B42,Sheet3!$B$2:$E$311,2,FALSE) -> B004 | D42: =VLOOKUP(B42,Sheet3!$B$2:$E$311,3,) -> BAHAN BAKU LUUCA | E42: =VLOOKUP(B42,Sheet3!$B$2:$E$311,4,) -> GR | F42: 93,6 | G42: Kulit | H42: Lidia | I42: V | J42: Tri
B43: BUAH ANGGUR | C43: =VLOOKUP(B43,Sheet3!$B$2:$E$311,2,FALSE) -> B004 | D43: =VLOOKUP(B43,Sheet3!$B$2:$E$311,3,) -> BAHAN BAKU LUUCA | E43: =VLOOKUP(B43,Sheet3!$B$2:$E$311,4,) -> GR | F43: 12,3 | G43: Tangkai Anggur | H43: Lidia | I43: V | J43: Tri
B44: BUAH STRAWBERRY | C44: =VLOOKUP(B44,Sheet3!$B$2:$E$311,2,FALSE) -> B004 | D44: =VLOOKUP(B44,Sheet3!$B$2:$E$311,3,) -> BAHAN BAKU LUUCA | E44: =VLOOKUP(B44,Sheet3!$B$2:$E$311,4,) -> GR | F44: 18,4 | G44: Daun | H44: Raka | I44: V | J44: Tri
A45: 46151 | B45: TELUR | C45: =VLOOKUP(B45,Sheet3!$B$2:$E$311,2,FALSE) -> #N/A | D45: BAHAN BAKU LUUCA | E45: PCS/GR | F45: 59,8 | G45: Putih telur | H45: Nickita | I45: V | J45: Tri
B46: BUAH STRAWBERRY | C46: =VLOOKUP(B46,Sheet3!$B$2:$E$311,2,FALSE) -> B004 | D46: =VLOOKUP(B46,Sheet3!$B$2:$E$311,3,) -> BAHAN BAKU LUUCA | E46: =VLOOKUP(B46,Sheet3!$B$2:$E$311,4,) -> GR | F46: 107,9 | G46: Daun | H46: Lidia | I46: V | J46: Tri
B47: DOUGH - CLASSIC RIBBON | C47: =VLOOKUP(B47,Sheet3!$B$2:$E$311,2,FALSE) -> B004 | D47: =VLOOKUP(B47,Sheet3!$B$2:$E$311,3,) -> BAHAN BAKU LUUCA | E47: =VLOOKUP(B47,Sheet3!$B$2:$E$311,4,) -> PCS | F47: 1 | G47: Patah | H47: Lidia | I47: V | J47: Tri
B48: BUAH LONGAN 565GR | C48: =VLOOKUP(B48,Sheet3!$B$2:$E$311,2,FALSE) -> B004 | D48: =VLOOKUP(B48,Sheet3!$B$2:$E$311,3,) -> BAHAN BAKU LUUCA | E48: =VLOOKUP(B48,Sheet3!$B$2:$E$311,4,) -> GR | F48: 864 | G48: Air | H48: Lidia | I48: V | J48: Tri
B49: BUAH STRAWBERRY | C49: =VLOOKUP(B49,Sheet3!$B$2:$E$311,2,FALSE) -> B004 | D49: =VLOOKUP(B49,Sheet3!$B$2:$E$311,3,) -> BAHAN BAKU LUUCA | E49: =VLOOKUP(B49,Sheet3!$B$2:$E$311,4,) -> GR | F49: 62,9 | G49: Busuk | H49: Lidia | I49: V | J49: Tri
B50: BUAH ANGGUR | C50: =VLOOKUP(B50,Sheet3!$B$2:$E$311,2,FALSE) -> B004 | D50: =VLOOKUP(B50,Sheet3!$B$2:$E$311,3,) -> BAHAN BAKU LUUCA | E50: =VLOOKUP(B50,Sheet3!$B$2:$E$311,4,) -> GR | F50: 8,2 | G50: Tangkai Anggur | H50: Lidia | I50: V | J50: Tri
B51: BUAH KIWI | C51: =VLOOKUP(B51,Sheet3!$B$2:$E$311,2,FALSE) -> B004 | D51: =VLOOKUP(B51,Sheet3!$B$2:$E$311,3,) -> BAHAN BAKU LUUCA | E51: =VLOOKUP(B51,Sheet3!$B$2:$E$311,4,) -> GR | F51: 111,7 | G51: Kulit | H51: Lidia | I51: V | J51: Tri
B52: BUAH ANGGUR | C52: =VLOOKUP(B52,Sheet3!$B$2:$E$311,2,FALSE) -> B004 | D52: =VLOOKUP(B52,Sheet3!$B$2:$E$311,3,) -> BAHAN BAKU LUUCA | E52: =VLOOKUP(B52,Sheet3!$B$2:$E$311,4,) -> GR | F52: 40 | G52: Busuk | H52: Lidia | I52: V | J52: Tri
B53: BUAH STRAWBERRY | C53: =VLOOKUP(B53,Sheet3!$B$2:$E$311,2,FALSE) -> B004 | D53: =VLOOKUP(B53,Sheet3!$B$2:$E$311,3,) -> BAHAN BAKU LUUCA | E53: =VLOOKUP(B53,Sheet3!$B$2:$E$311,4,) -> GR | F53: 55,6 | G53: Busuk | H53: Lidia | I53: V | J53: Tri
B54: NATA DE COCO KARA 1KGX6 | C54: =VLOOKUP(B54,Sheet3!$B$2:$E$311,2,FALSE) -> B004 | D54: =VLOOKUP(B54,Sheet3!$B$2:$E$311,3,) -> BAHAN BAKU LUUCA | E54: =VLOOKUP(B54,Sheet3!$B$2:$E$311,4,) -> GR | F54: 385,4 | G54: Air | H54: Lidia | I54: V | J54: Tri
B55: BUAH LONGAN 565GR | C55: =VLOOKUP(B55,Sheet3!$B$2:$E$311,2,FALSE) -> B004 | D55: =VLOOKUP(B55,Sheet3!$B$2:$E$311,3,) -> BAHAN BAKU LUUCA | E55: =VLOOKUP(B55,Sheet3!$B$2:$E$311,4,) -> GR | F55: 696 | G55: Air | H55: Lidia | I55: V | J55: Tri
B56: TELUR | D56: BAHAN BAKU LUUCA | E56: PCS/GR | F56: 37,7/2 | G56: Putih telur | H56: TOKO | I56: V | J56: Tri
A57: 46152 | B57: BUAH LONGAN 565GR | C57: =VLOOKUP(B57,Sheet3!$B$2:$E$311,2,FALSE) -> B004 | D57: =VLOOKUP(B57,Sheet3!$B$2:$E$311,3,) -> BAHAN BAKU LUUCA | E57: =VLOOKUP(B57,Sheet3!$B$2:$E$311,4,) -> GR | F57: 617 | G57: Air | H57: Lidia | I57: V | J57: Tri
B58: TELUR | C58: =VLOOKUP(B58,Sheet3!$B$2:$E$311,2,FALSE) -> #N/A | D58: BAHAN BAKU LUUCA | E58: PCS/GR | F58: 1PCS | G58: Putih telur | H58: Lidia | I58: V | J58: Tri
B59: BUAH KIWI | C59: =VLOOKUP(B59,Sheet3!$B$2:$E$311,2,FALSE) -> B004 | D59: =VLOOKUP(B59,Sheet3!$B$2:$E$311,3,) -> BAHAN BAKU LUUCA | E59: =VLOOKUP(B59,Sheet3!$B$2:$E$311,4,) -> GR | F59: 114,9 | G59: Kulit | H59: Lidia | I59: V | J59: Tri
B60: BUAH STRAWBERRY | C60: =VLOOKUP(B60,Sheet3!$B$2:$E$311,2,FALSE) -> B004 | D60: =VLOOKUP(B60,Sheet3!$B$2:$E$311,3,) -> BAHAN BAKU LUUCA | E60: =VLOOKUP(B60,Sheet3!$B$2:$E$311,4,) -> GR | F60: 47,3 | G60: Daun | H60: Lidia | I60: V | J60: Tri
B61: BUAH ANGGUR | C61: =VLOOKUP(B61,Sheet3!$B$2:$E$311,2,FALSE) -> B004 | D61: =VLOOKUP(B61,Sheet3!$B$2:$E$311,3,) -> BAHAN BAKU LUUCA | E61: =VLOOKUP(B61,Sheet3!$B$2:$E$311,4,) -> GR | F61: 17,6 | G61: Busuk | H61: Lidia | I61: V | J61: Tri
B62: BUAH ANGGUR | C62: =VLOOKUP(B62,Sheet3!$B$2:$E$311,2,FALSE) -> B004 | D62: =VLOOKUP(B62,Sheet3!$B$2:$E$311,3,) -> BAHAN BAKU LUUCA | E62: =VLOOKUP(B62,Sheet3!$B$2:$E$311,4,) -> GR | F62: 16,2 | G62: Tangkai Anggur | H62: Lidia | I62: V | J62: Tri
A63: 46153 | B63: BUAH KIWI | C63: =VLOOKUP(B63,Sheet3!$B$2:$E$311,2,FALSE) -> B004 | D63: =VLOOKUP(B63,Sheet3!$B$2:$E$311,3,) -> BAHAN BAKU LUUCA | E63: =VLOOKUP(B63,Sheet3!$B$2:$E$311,4,) -> GR | F63: 152,3 | G63: TIDAK TERPAKAI | H63: TOKO | I63: V | J63: Tri
B64: BUAH LONGAN 565GR | C64: =VLOOKUP(B64,Sheet3!$B$2:$E$311,2,FALSE) -> B004 | D64: =VLOOKUP(B64,Sheet3!$B$2:$E$311,3,) -> BAHAN BAKU LUUCA | E64: =VLOOKUP(B64,Sheet3!$B$2:$E$311,4,) -> GR | F64: 589 | G64: AIR BUAH LONGAN | H64: TOKO | I64: V | J64: Tri
B65: BUAH STRAWBERRY | C65: =VLOOKUP(B65,Sheet3!$B$2:$E$311,2,FALSE) -> B004 | D65: =VLOOKUP(B65,Sheet3!$B$2:$E$311,3,) -> BAHAN BAKU LUUCA | E65: =VLOOKUP(B65,Sheet3!$B$2:$E$311,4,) -> GR | F65: 40,2 | G65: DAUN | H65: TOKO | I65: V | J65: Tri
B66: BUAH ANGGUR | C66: =VLOOKUP(B66,Sheet3!$B$2:$E$311,2,FALSE) -> B004 | D66: =VLOOKUP(B66,Sheet3!$B$2:$E$311,3,) -> BAHAN BAKU LUUCA | E66: =VLOOKUP(B66,Sheet3!$B$2:$E$311,4,) -> GR | F66: 4,3 | G66: BATANG | H66: TOKO | I66: V | J66: Tri
B67: NATA DE COCO KARA 1KGX6 | C67: =VLOOKUP(B67,Sheet3!$B$2:$E$311,2,FALSE) -> B004 | D67: =VLOOKUP(B67,Sheet3!$B$2:$E$311,3,) -> BAHAN BAKU LUUCA | E67: =VLOOKUP(B67,Sheet3!$B$2:$E$311,4,) -> GR | F67: 1079 | G67: AIR NATA | H67: TOKO | I67: V | J67: Tri
B68: NATA DE COCO KARA 1KGX6 | C68: =VLOOKUP(B68,Sheet3!$B$2:$E$311,2,FALSE) -> B004 | D68: =VLOOKUP(B68,Sheet3!$B$2:$E$311,3,) -> BAHAN BAKU LUUCA | E68: =VLOOKUP(B68,Sheet3!$B$2:$E$311,4,) -> GR | F68: 1051 | G68: AIR NATA | H68: TOKO | I68: V | J68: Tri
A69: 46154 | B69: BUAH KIWI | C69: =VLOOKUP(B69,Sheet3!$B$2:$E$311,2,FALSE) -> B004 | D69: BAHAN BAKU LUUCA | E69: =VLOOKUP(B70,Sheet3!$B$2:$E$311,4,) -> GR | F69: 24 | G69: Kulit | H69: TOKO | I69: v | J69: ilyas
B70: BUAH STRAWBERRY | C70: =VLOOKUP(B70,Sheet3!$B$2:$E$311,2,FALSE) -> B004 | D70: =VLOOKUP(B70,Sheet3!$B$2:$E$311,3,) -> BAHAN BAKU LUUCA | E70: =VLOOKUP(B70,Sheet3!$B$2:$E$311,4,) -> GR | F70: 86,1 | G70: Daun | H70: Lidia | I70: v | J70: ilyas
B71: BUAH LONGAN 565GR | C71: =VLOOKUP(B71,Sheet3!$B$2:$E$311,2,FALSE) -> B004 | D71: =VLOOKUP(B71,Sheet3!$B$2:$E$311,3,) -> BAHAN BAKU LUUCA | E71: =VLOOKUP(B71,Sheet3!$B$2:$E$311,4,) -> GR | F71: 606,5 | G71: Air | H71: Lidia | I71: v | J71: ilyas
B72: CUP PP 16OZ LUUCA | C72: =VLOOKUP(B72,Sheet3!$B$2:$E$311,2,FALSE) -> P005 | D72: =VLOOKUP(B72,Sheet3!$B$2:$E$311,3,) -> PACKAGING LUUCA | E72: =VLOOKUP(B72,Sheet3!$B$2:$E$311,4,) -> PCS | F72: 3 | G72: Konsumsi Tukang | H72: Lidia | I72: v | J72: ilyas
A73: 46155 | B73: BUAH STRAWBERRY | C73: =VLOOKUP(B73,Sheet3!$B$2:$E$311,2,FALSE) -> B004 | D73: =VLOOKUP(B73,Sheet3!$B$2:$E$311,3,) -> BAHAN BAKU LUUCA | E73: =VLOOKUP(B73,Sheet3!$B$2:$E$311,4,) -> GR | F73: 21,8 | G73: Daun | H73: Toko | I73: v | J73: ilyas
B74: BUAH KIWI | C74: =VLOOKUP(B74,Sheet3!$B$2:$E$311,2,FALSE) -> B004 | D74: =VLOOKUP(B74,Sheet3!$B$2:$E$311,3,) -> BAHAN BAKU LUUCA | E74: =VLOOKUP(B74,Sheet3!$B$2:$E$311,4,) -> GR | F74: 105,5 | G74: Kulit | H74: Toko | I74: v | J74: ilyas
B75: BUAH STRAWBERRY | C75: =VLOOKUP(B75,Sheet3!$B$2:$E$311,2,FALSE) -> B004 | D75: =VLOOKUP(B75,Sheet3!$B$2:$E$311,3,) -> BAHAN BAKU LUUCA | E75: =VLOOKUP(B75,Sheet3!$B$2:$E$311,4,) -> GR | F75: 44,7 | G75: Daun | H75: Toko | I75: v | J75: ilyas
B76: WIP STRAWBERRY ICE CREAM | C76: =VLOOKUP(B76,Sheet3!$B$2:$E$311,2,FALSE) -> P006 | D76: =VLOOKUP(B76,Sheet3!$B$2:$E$311,3,) -> PRODUKSI STOK LUUCA | E76: =VLOOKUP(B76,Sheet3!$B$2:$E$311,4,) -> GR | F76: 2988 | G76: Basi | H76: Toko | I76: v | J76: ilyas
B77: WIP STRAWBERRY ICE CREAM | C77: =VLOOKUP(B77,Sheet3!$B$2:$E$311,2,FALSE) -> P006 | D77: =VLOOKUP(B77,Sheet3!$B$2:$E$311,3,) -> PRODUKSI STOK LUUCA | E77: =VLOOKUP(B77,Sheet3!$B$2:$E$311,4,) -> GR | F77: 2959 | G77: Basi | H77: Toko | I77: v | J77: ilyas
B78: WIP STRAWBERRY ICE CREAM | C78: =VLOOKUP(B78,Sheet3!$B$2:$E$311,2,FALSE) -> P006 | D78: =VLOOKUP(B78,Sheet3!$B$2:$E$311,3,) -> PRODUKSI STOK LUUCA | E78: =VLOOKUP(B78,Sheet3!$B$2:$E$311,4,) -> GR | F78: 301 | G78: Basi | H78: Toko | I78: v | J78: ilyas
B79: WIP CHOCOLATE BASE | C79: =VLOOKUP(B79,Sheet3!$B$2:$E$311,2,FALSE) -> P006 | D79: =VLOOKUP(B79,Sheet3!$B$2:$E$311,3,) -> PRODUKSI STOK LUUCA | E79: =VLOOKUP(B79,Sheet3!$B$2:$E$311,4,) -> GR | F79: 17,9 | G79: Menggumpal | H79: Toko | I79: v | J79: ilyas
A80: 46156 | B80: BUAH KIWI | C80: =VLOOKUP(B80,Sheet3!$B$2:$E$311,2,FALSE) -> B004 | D80: =VLOOKUP(B80,Sheet3!$B$2:$E$311,3,) -> BAHAN BAKU LUUCA | E80: =VLOOKUP(B80,Sheet3!$B$2:$E$311,4,) -> GR | F80: 87,6 | G80: Kulit | H80: Toko | I80: v | J80: ilyas
B81: BUAH STRAWBERRY | C81: =VLOOKUP(B81,Sheet3!$B$2:$E$311,2,FALSE) -> B004 | D81: =VLOOKUP(B81,Sheet3!$B$2:$E$311,3,) -> BAHAN BAKU LUUCA | E81: =VLOOKUP(B81,Sheet3!$B$2:$E$311,4,) -> GR | F81: 21,3 | G81: Daun | H81: Toko | I81: v | J81: ilyas
B82: BUAH LONGAN 565GR | C82: =VLOOKUP(B82,Sheet3!$B$2:$E$311,2,FALSE) -> B004 | D82: =VLOOKUP(B82,Sheet3!$B$2:$E$311,3,) -> BAHAN BAKU LUUCA | E82: =VLOOKUP(B82,Sheet3!$B$2:$E$311,4,) -> GR | F82: 897,5 | G82: Air | H82: Lidia | I82: v | J82: ilyas
B83: NATA DE COCO KARA 1KGX6 | C83: =VLOOKUP(B83,Sheet3!$B$2:$E$311,2,FALSE) -> B004 | D83: =VLOOKUP(B83,Sheet3!$B$2:$E$311,3,) -> BAHAN BAKU LUUCA | E83: =VLOOKUP(B83,Sheet3!$B$2:$E$311,4,) -> GR | F83: 1398 | G83: Air | H83: Lidia | I83: v | J83: ilyas
B84: BUAH KIWI | C84: =VLOOKUP(B84,Sheet3!$B$2:$E$311,2,FALSE) -> B004 | D84: =VLOOKUP(B84,Sheet3!$B$2:$E$311,3,) -> BAHAN BAKU LUUCA | E84: =VLOOKUP(B84,Sheet3!$B$2:$E$311,4,) -> GR | F84: 47,4 | G84: Kulit | H84: thia | I84: v | J84: ilyas
B85: BUAH STRAWBERRY | C85: =VLOOKUP(B85,Sheet3!$B$2:$E$311,2,FALSE) -> B004 | D85: =VLOOKUP(B85,Sheet3!$B$2:$E$311,3,) -> BAHAN BAKU LUUCA | E85: =VLOOKUP(B85,Sheet3!$B$2:$E$311,4,) -> GR | F85: 16,9 | G85: Daun | H85: Thia | I85: v | J85: ilyas
B86: BUAH STRAWBERRY | C86: =VLOOKUP(B86,Sheet3!$B$2:$E$311,2,FALSE) -> B004 | D86: =VLOOKUP(B86,Sheet3!$B$2:$E$311,3,) -> BAHAN BAKU LUUCA | E86: =VLOOKUP(B86,Sheet3!$B$2:$E$311,4,) -> GR | F86: 16,4 | G86: Daun | H86: Thia | I86: v | J86: ilyas
B87: BUAH ANGGUR | C87: =VLOOKUP(B87,Sheet3!$B$2:$E$311,2,FALSE) -> B004 | D87: =VLOOKUP(B87,Sheet3!$B$2:$E$311,3,) -> BAHAN BAKU LUUCA | E87: =VLOOKUP(B87,Sheet3!$B$2:$E$311,4,) -> GR | F87: 10,9 | G87: Tangkai Anggur | H87: Thia | I87: v | J87: ilyas
B88: BUAH ANGGUR | C88: =VLOOKUP(B88,Sheet3!$B$2:$E$311,2,FALSE) -> B004 | D88: =VLOOKUP(B88,Sheet3!$B$2:$E$311,3,) -> BAHAN BAKU LUUCA | E88: =VLOOKUP(B88,Sheet3!$B$2:$E$311,4,) -> GR | F88: 296,8 | G88: Tangkai Anggur& Busuk | H88: Thia | I88: v | J88: ilyas
B89: PEPERO ALMOND 32GR | C89: =VLOOKUP(B89,Sheet3!$B$2:$E$311,2,FALSE) -> B004 | D89: =VLOOKUP(B89,Sheet3!$B$2:$E$311,3,) -> BAHAN BAKU LUUCA | E89: PCS | F89: 8 | G89: Patah | H89: Thia | I89: v | J89: ilyas
A90: 46157 | B90: BUAH STRAWBERRY | C90: =VLOOKUP(B90,Sheet3!$B$2:$E$311,2,FALSE) -> B004 | D90: =VLOOKUP(B90,Sheet3!$B$2:$E$311,3,) -> BAHAN BAKU LUUCA | E90: =VLOOKUP(B90,Sheet3!$B$2:$E$311,4,) -> GR | F90: 7,3 | G90: Daun | H90: Raka | I90: v | J90: ilyas
B91: TELUR | C91: =VLOOKUP(B91,Sheet3!$B$2:$E$311,2,FALSE) -> #N/A | D91: BAHAN BAKU LUUCA | E91: PCS/GR | F91: 97,6/3 | G91: Putih telur | H91: Nickita | I91: v | J91: ilyas
A92: 46158 | B92: BUAH STRAWBERRY | C92: =VLOOKUP(B92,Sheet3!$B$2:$E$311,2,FALSE) -> B004 | D92: =VLOOKUP(B92,Sheet3!$B$2:$E$311,3,) -> BAHAN BAKU LUUCA | E92: =VLOOKUP(B92,Sheet3!$B$2:$E$311,4,) -> GR | F92: 9,8 | G92: Daun | H92: Alif | I92: v | J92: ilyas
B93: BUAH ANGGUR | C93: =VLOOKUP(B93,Sheet3!$B$2:$E$311,2,FALSE) -> B004 | D93: =VLOOKUP(B93,Sheet3!$B$2:$E$311,3,) -> BAHAN BAKU LUUCA | E93: =VLOOKUP(B93,Sheet3!$B$2:$E$311,4,) -> GR | F93: 5,6 | G93: Tangkai Anggur | H93: Alif' | I93: v | J93: ilyas
B94: BUAH LONGAN 565GR | C94: =VLOOKUP(B94,Sheet3!$B$2:$E$311,2,FALSE) -> B004 | D94: =VLOOKUP(B94,Sheet3!$B$2:$E$311,3,) -> BAHAN BAKU LUUCA | E94: =VLOOKUP(B94,Sheet3!$B$2:$E$311,4,) -> GR | F94: 651,5 | G94: Air | H94: Alif | I94: v | J94: ilyas
B95: BUAH STRAWBERRY | C95: =VLOOKUP(B95,Sheet3!$B$2:$E$311,2,FALSE) -> B004 | D95: =VLOOKUP(B95,Sheet3!$B$2:$E$311,3,) -> BAHAN BAKU LUUCA | E95: =VLOOKUP(B95,Sheet3!$B$2:$E$311,4,) -> GR | F95: 20,7 | G95: Daun | H95: Raka | I95: v | J95: ilyas
B96: BUAH STRAWBERRY | C96: =VLOOKUP(B96,Sheet3!$B$2:$E$311,2,FALSE) -> B004 | D96: =VLOOKUP(B96,Sheet3!$B$2:$E$311,3,) -> BAHAN BAKU LUUCA | E96: =VLOOKUP(B96,Sheet3!$B$2:$E$311,4,) -> GR | F96: 3,7 | G96: Daun | H96: Alif | I96: v | J96: ilyas
B97: CUP PP 16OZ LUUCA | C97: =VLOOKUP(B97,Sheet3!$B$2:$E$311,2,FALSE) -> P005 | D97: =VLOOKUP(B97,Sheet3!$B$2:$E$311,3,) -> PACKAGING LUUCA | E97: =VLOOKUP(B97,Sheet3!$B$2:$E$311,4,) -> PCS | F97: 3 | G97: Konsumsi tukang ac | H97: Lidia | I97: v | J97: ilyas
B98: TELUR | C98: =VLOOKUP(B98,Sheet3!$B$2:$E$311,2,FALSE) -> #N/A | D98: BAHAN BAKU LUUCA | E98: PCS/GR | F98: 2/78,9 | G98: Putih telur | H98: Thia | I98: V | J98: TRI
A99: 46159 | B99: BUAH STRAWBERRY | C99: =VLOOKUP(B99,Sheet3!$B$2:$E$311,2,FALSE) -> B004 | D99: =VLOOKUP(B99,Sheet3!$B$2:$E$311,3,) -> BAHAN BAKU LUUCA | E99: =VLOOKUP(B99,Sheet3!$B$2:$E$311,4,) -> GR | F99: 9,8 | G99: Daun | H99: Toko | I99: V | J99: TRI
B100: TELUR | C100: =VLOOKUP(B100,Sheet3!$B$2:$E$311,2,FALSE) -> #N/A | D100: BAHAN BAKU LUUCA | E100: PCS/GR | F100: 3/142,6 | G100: Putih telur | H100: Faisal | I100: V | J100: TRI
...

Sheet JUNI 2026
A1: FORM ADJUSTMENT
A2: PT. KREASI LIMA CAHAYA
A3: LUUCA CILEDUG
A4: BULAN, TAHUN:
A6: TANGGAL | B6: NAMA PRODUK | C6: KODE CSA | D6: JENIS | E6: JUMLAH | F6: SATUAN CSA | G6: ALASAN WASTE | H6: USER | I6: KATEGORI | J6: AUDIT
A7: 46028 | B7: BUAH STRAWBERRY | C7: =IFERROR(VLOOKUP(B7,'MASTER DATA'!$A$1:$E$212,2,FALSE),"") -> BB-100500 | D7: =IFERROR(VLOOKUP(B7,'MASTER DATA'!$A$1:$E$212,5,FALSE),"") -> BAHAN BAKU LUUCA | E7: 89,2 | F7: =IFERROR(VLOOKUP(B7,'MASTER DATA'!$A$1:$E$212,4,FALSE),"") -> GR | G7: Busuk/Berair | H7: Raka | J7: TRUE
B8: BUAH KIWI | C8: =IFERROR(VLOOKUP(B8,'MASTER DATA'!$A$1:$E$212,2,FALSE),"") -> BB-100502 | D8: =IFERROR(VLOOKUP(B8,'MASTER DATA'!$A$1:$E$212,5,FALSE),"") -> BAHAN BAKU LUUCA | E8: 98 | F8: =IFERROR(VLOOKUP(B8,'MASTER DATA'!$A$1:$E$212,4,FALSE),"") -> GR | G8: Kulit | H8: Raka | J8: TRUE
B9: BUAH STRAWBERRY | C9: =IFERROR(VLOOKUP(B9,'MASTER DATA'!$A$1:$E$212,2,FALSE),"") -> BB-100500 | D9: =IFERROR(VLOOKUP(B9,'MASTER DATA'!$A$1:$E$212,5,FALSE),"") -> BAHAN BAKU LUUCA | E9: 36,5 | F9: =IFERROR(VLOOKUP(B9,'MASTER DATA'!$A$1:$E$212,4,FALSE),"") -> GR | G9: Daun | H9: Raka | J9: TRUE
B10: BUAH LONGAN 565GR | C10: =IFERROR(VLOOKUP(B10,'MASTER DATA'!$A$1:$E$212,2,FALSE),"") -> BB-100022 | D10: =IFERROR(VLOOKUP(B10,'MASTER DATA'!$A$1:$E$212,5,FALSE),"") -> BAHAN BAKU LUUCA | E10: 448 | F10: =IFERROR(VLOOKUP(B10,'MASTER DATA'!$A$1:$E$212,4,FALSE),"") -> GR | G10: Air | H10: Raka | J10: TRUE
B11: BUAH STRAWBERRY | C11: =IFERROR(VLOOKUP(B11,'MASTER DATA'!$A$1:$E$212,2,FALSE),"") -> BB-100500 | D11: =IFERROR(VLOOKUP(B11,'MASTER DATA'!$A$1:$E$212,5,FALSE),"") -> BAHAN BAKU LUUCA | E11: 7,3 | F11: =IFERROR(VLOOKUP(B11,'MASTER DATA'!$A$1:$E$212,4,FALSE),"") -> GR | G11: Daun | H11: Nickita | J11: TRUE
B12: BUAH KIWI | C12: =IFERROR(VLOOKUP(B12,'MASTER DATA'!$A$1:$E$212,2,FALSE),"") -> BB-100502 | D12: =IFERROR(VLOOKUP(B12,'MASTER DATA'!$A$1:$E$212,5,FALSE),"") -> BAHAN BAKU LUUCA | E12: 31,2 | F12: =IFERROR(VLOOKUP(B12,'MASTER DATA'!$A$1:$E$212,4,FALSE),"") -> GR | G12: Daun& Ujung kiwi | H12: Nickita | J12: TRUE
A13: 46059 | B13: BUAH STRAWBERRY | C13: =IFERROR(VLOOKUP(B13,'MASTER DATA'!$A$1:$E$212,2,FALSE),"") -> BB-100500 | D13: =IFERROR(VLOOKUP(B13,'MASTER DATA'!$A$1:$E$212,5,FALSE),"") -> BAHAN BAKU LUUCA | E13: 42,7 | F13: =IFERROR(VLOOKUP(B13,'MASTER DATA'!$A$1:$E$212,4,FALSE),"") -> GR | G13: Daun | H13: Lidia | J13: TRUE
B14: BUAH ANGGUR | C14: =IFERROR(VLOOKUP(B14,'MASTER DATA'!$A$1:$E$212,2,FALSE),"") -> BB-100501 | D14: =IFERROR(VLOOKUP(B14,'MASTER DATA'!$A$1:$E$212,5,FALSE),"") -> BAHAN BAKU LUUCA | E14: 10 | F14: =IFERROR(VLOOKUP(B14,'MASTER DATA'!$A$1:$E$212,4,FALSE),"") -> GR | G14: Tangkai Anggur | H14: Lidia | J14: TRUE
B15: BUAH STRAWBERRY | C15: =IFERROR(VLOOKUP(B15,'MASTER DATA'!$A$1:$E$212,2,FALSE),"") -> BB-100500 | D15: =IFERROR(VLOOKUP(B15,'MASTER DATA'!$A$1:$E$212,5,FALSE),"") -> BAHAN BAKU LUUCA | E15: 111,6 | F15: =IFERROR(VLOOKUP(B15,'MASTER DATA'!$A$1:$E$212,4,FALSE),"") -> GR | G15: Busuk/Berair | H15: Lidia | J15: TRUE
B16: BUAH ANGGUR | C16: =IFERROR(VLOOKUP(B16,'MASTER DATA'!$A$1:$E$212,2,FALSE),"") -> BB-100501 | D16: =IFERROR(VLOOKUP(B16,'MASTER DATA'!$A$1:$E$212,5,FALSE),"") -> BAHAN BAKU LUUCA | E16: 59,8 | F16: =IFERROR(VLOOKUP(B16,'MASTER DATA'!$A$1:$E$212,4,FALSE),"") -> GR | G16: Busuk/Berair | H16: Lidia | J16: TRUE
B17: BUAH LONGAN 565GR | C17: =IFERROR(VLOOKUP(B17,'MASTER DATA'!$A$1:$E$212,2,FALSE),"") -> BB-100022 | D17: =IFERROR(VLOOKUP(B17,'MASTER DATA'!$A$1:$E$212,5,FALSE),"") -> BAHAN BAKU LUUCA | E17: 647 | F17: =IFERROR(VLOOKUP(B17,'MASTER DATA'!$A$1:$E$212,4,FALSE),"") -> GR | G17: Air | H17: Lidia | J17: TRUE
B18: WIP MATCHA ICE CREAM | C18: =IFERROR(VLOOKUP(B18,'MASTER DATA'!$A$1:$E$212,2,FALSE),"") -> P006-003 | D18: =IFERROR(VLOOKUP(B18,'MASTER DATA'!$A$1:$E$212,5,FALSE),"") -> PRODUKSI STOK LUUCA | E18: 150 | F18: =IFERROR(VLOOKUP(B18,'MASTER DATA'!$A$1:$E$212,4,FALSE),"") -> GR | G18: Terkontaminasi | H18: Nickita | J18: TRUE
B19: STRAWBERRY JAM 1,2KG | C19: =IFERROR(VLOOKUP(B19,'MASTER DATA'!$A$1:$E$212,2,FALSE),"") -> BB-100345 | D19: =IFERROR(VLOOKUP(B19,'MASTER DATA'!$A$1:$E$212,5,FALSE),"") -> PRODUKSI STOK LUUCA | E19: 27,5 | F19: =IFERROR(VLOOKUP(B19,'MASTER DATA'!$A$1:$E$212,4,FALSE),"") -> GR | G19: Terkontaminasi | H19: Nickita | J19: TRUE
A20: 46087 | B20: WIP MATCHA ICE CREAM | C20: =IFERROR(VLOOKUP(B20,'MASTER DATA'!$A$1:$E$212,2,FALSE),"") -> P006-003 | D20: =IFERROR(VLOOKUP(B20,'MASTER DATA'!$A$1:$E$212,5,FALSE),"") -> PRODUKSI STOK LUUCA | E20: 2129 | F20: =IFERROR(VLOOKUP(B20,'MASTER DATA'!$A$1:$E$212,4,FALSE),"") -> GR | G20: Basi | H20: Lidia | J20: TRUE
B21: NATA DE COCO KARA 1KGX6 | C21: =IFERROR(VLOOKUP(B21,'MASTER DATA'!$A$1:$E$212,2,FALSE),"") -> BB-100023 | D21: =IFERROR(VLOOKUP(B21,'MASTER DATA'!$A$1:$E$212,5,FALSE),"") -> BAHAN BAKU LUUCA | E21: 230 | F21: =IFERROR(VLOOKUP(B21,'MASTER DATA'!$A$1:$E$212,4,FALSE),"") -> GR | G21: Air | H21: Lidia | J21: TRUE
B22: BUAH KIWI | C22: =IFERROR(VLOOKUP(B22,'MASTER DATA'!$A$1:$E$212,2,FALSE),"") -> BB-100502 | D22: =IFERROR(VLOOKUP(B22,'MASTER DATA'!$A$1:$E$212,5,FALSE),"") -> BAHAN BAKU LUUCA | E22: 116,1 | F22: =IFERROR(VLOOKUP(B22,'MASTER DATA'!$A$1:$E$212,4,FALSE),"") -> GR | G22: Kulit | H22: Lidia | J22: TRUE
B23: COFFEE BEANS - LUUCA | C23: =IFERROR(VLOOKUP(B23,'MASTER DATA'!$A$1:$E$212,2,FALSE),"") -> BB-100400 | D23: =IFERROR(VLOOKUP(B23,'MASTER DATA'!$A$1:$E$212,5,FALSE),"") -> BAHAN BAKU LUUCA | E23: 18 | F23: =IFERROR(VLOOKUP(B23,'MASTER DATA'!$A$1:$E$212,4,FALSE),"") -> GR | G23: Kalibrasi | H23: Lidia | J23: TRUE
A24: 46118 | B24: NATA DE COCO KARA 1KGX6 | C24: =IFERROR(VLOOKUP(B24,'MASTER DATA'!$A$1:$E$212,2,FALSE),"") -> BB-100023 | D24: =IFERROR(VLOOKUP(B24,'MASTER DATA'!$A$1:$E$212,5,FALSE),"") -> BAHAN BAKU LUUCA | E24: 555 | F24: =IFERROR(VLOOKUP(B24,'MASTER DATA'!$A$1:$E$212,4,FALSE),"") -> GR | G24: Air | H24: Tian | J24: TRUE
A25: 46148 | B25: WAFFLE CONE | C25: =IFERROR(VLOOKUP(B25,'MASTER DATA'!$A$1:$E$212,2,FALSE),"") -> BB-100024 | D25: =IFERROR(VLOOKUP(B25,'MASTER DATA'!$A$1:$E$212,5,FALSE),"") -> PRODUKSI STOK LUUCA | E25: 1 | F25: =IFERROR(VLOOKUP(B25,'MASTER DATA'!$A$1:$E$212,4,FALSE),"") -> PCS | G25: Cek Gramasi | H25: Lidia | J25: TRUE
B26: CHOCO DIP SAUCE BELLA 1KG | C26: =IFERROR(VLOOKUP(B26,'MASTER DATA'!$A$1:$E$212,2,FALSE),"") -> BB-100021 | D26: =IFERROR(VLOOKUP(B26,'MASTER DATA'!$A$1:$E$212,5,FALSE),"") -> BAHAN BAKU LUUCA | E26: 12 | F26: =IFERROR(VLOOKUP(B26,'MASTER DATA'!$A$1:$E$212,4,FALSE),"") -> GR | G26: Cek Gramasi | H26: Lidia | J26: TRUE
B27: BUAH STRAWBERRY | C27: =IFERROR(VLOOKUP(B27,'MASTER DATA'!$A$1:$E$212,2,FALSE),"") -> BB-100500 | D27: =IFERROR(VLOOKUP(B27,'MASTER DATA'!$A$1:$E$212,5,FALSE),"") -> BAHAN BAKU LUUCA | E27: 156,3 | F27: =IFERROR(VLOOKUP(B27,'MASTER DATA'!$A$1:$E$212,4,FALSE),"") -> GR | G27: Busuk | H27: Lidia | J27: TRUE
B28: BUAH STRAWBERRY | C28: =IFERROR(VLOOKUP(B28,'MASTER DATA'!$A$1:$E$212,2,FALSE),"") -> BB-100500 | D28: =IFERROR(VLOOKUP(B28,'MASTER DATA'!$A$1:$E$212,5,FALSE),"") -> BAHAN BAKU LUUCA | E28: 3 | F28: =IFERROR(VLOOKUP(B28,'MASTER DATA'!$A$1:$E$212,4,FALSE),"") -> GR | G28: Daun | H28: Tian | J28: TRUE
B29: Bologna Yogurt | C29: =IFERROR(VLOOKUP(B29,'MASTER DATA'!$A$1:$E$212,2,FALSE),"") -> L001-013 | D29: =IFERROR(VLOOKUP(B29,'MASTER DATA'!$A$1:$E$212,5,FALSE),"") -> BAHAN BAKU LUUCA | E29: 1 | F29: =IFERROR(VLOOKUP(B29,'MASTER DATA'!$A$1:$E$212,4,FALSE),"") -> PRS | G29: Kompensasi | H29: Lidia | J29: TRUE
B30: BUAH ANGGUR | C30: =IFERROR(VLOOKUP(B30,'MASTER DATA'!$A$1:$E$212,2,FALSE),"") -> BB-100501 | D30: =IFERROR(VLOOKUP(B30,'MASTER DATA'!$A$1:$E$212,5,FALSE),"") -> BAHAN BAKU LUUCA | E30: 37.5 | F30: =IFERROR(VLOOKUP(B30,'MASTER DATA'!$A$1:$E$212,4,FALSE),"") -> GR | G30: Tangkai | H30: Lidia | J30: TRUE
A31: 46179 | B31: BUAH KIWI | C31: =IFERROR(VLOOKUP(B31,'MASTER DATA'!$A$1:$E$212,2,FALSE),"") -> BB-100502 | D31: =IFERROR(VLOOKUP(B31,'MASTER DATA'!$A$1:$E$212,5,FALSE),"") -> BAHAN BAKU LUUCA | E31: 73.2 | F31: =IFERROR(VLOOKUP(B31,'MASTER DATA'!$A$1:$E$212,4,FALSE),"") -> GR | G31: Kulit | H31: Allif | J31: TRUE
B32: BUAH KIWI | C32: =IFERROR(VLOOKUP(B32,'MASTER DATA'!$A$1:$E$212,2,FALSE),"") -> BB-100502 | D32: =IFERROR(VLOOKUP(B32,'MASTER DATA'!$A$1:$E$212,5,FALSE),"") -> BAHAN BAKU LUUCA | E32: 68 | F32: =IFERROR(VLOOKUP(B32,'MASTER DATA'!$A$1:$E$212,4,FALSE),"") -> GR | G32: Busuk | H32: Alif | J32: TRUE
B33: BUAH STRAWBERRY | C33: =IFERROR(VLOOKUP(B33,'MASTER DATA'!$A$1:$E$212,2,FALSE),"") -> BB-100500 | D33: =IFERROR(VLOOKUP(B33,'MASTER DATA'!$A$1:$E$212,5,FALSE),"") -> BAHAN BAKU LUUCA | E33: 12.9 | F33: =IFERROR(VLOOKUP(B33,'MASTER DATA'!$A$1:$E$212,4,FALSE),"") -> GR | G33: Daun | H33: Tian | J33: TRUE
B34: BUAH STRAWBERRY | C34: =IFERROR(VLOOKUP(B34,'MASTER DATA'!$A$1:$E$212,2,FALSE),"") -> BB-100500 | D34: =IFERROR(VLOOKUP(B34,'MASTER DATA'!$A$1:$E$212,5,FALSE),"") -> BAHAN BAKU LUUCA | E34: 39.7 | F34: =IFERROR(VLOOKUP(B34,'MASTER DATA'!$A$1:$E$212,4,FALSE),"") -> GR | G34: Daun | H34: Tian | J34: TRUE
B35: BUAH LONGAN 565GR | C35: =IFERROR(VLOOKUP(B35,'MASTER DATA'!$A$1:$E$212,2,FALSE),"") -> BB-100022 | D35: =IFERROR(VLOOKUP(B35,'MASTER DATA'!$A$1:$E$212,5,FALSE),"") -> BAHAN BAKU LUUCA | E35: 1137 | F35: =IFERROR(VLOOKUP(B35,'MASTER DATA'!$A$1:$E$212,4,FALSE),"") -> GR | G35: Air | H35: Lidia | J35: TRUE
B36: NATA DE COCO KARA 1KGX6 | C36: =IFERROR(VLOOKUP(B36,'MASTER DATA'!$A$1:$E$212,2,FALSE),"") -> BB-100023 | D36: =IFERROR(VLOOKUP(B36,'MASTER DATA'!$A$1:$E$212,5,FALSE),"") -> BAHAN BAKU LUUCA | E36: 1294 | F36: =IFERROR(VLOOKUP(B36,'MASTER DATA'!$A$1:$E$212,4,FALSE),"") -> GR | G36: Air | H36: Tian | J36: TRUE
A37: 46209 | B37: BUAH KIWI | C37: =IFERROR(VLOOKUP(B37,'MASTER DATA'!$A$1:$E$212,2,FALSE),"") -> BB-100502 | D37: =IFERROR(VLOOKUP(B37,'MASTER DATA'!$A$1:$E$212,5,FALSE),"") -> BAHAN BAKU LUUCA | E37: 78.9 | F37: =IFERROR(VLOOKUP(B37,'MASTER DATA'!$A$1:$E$212,4,FALSE),"") -> GR | G37: Kulit | H37: Alif | J37: TRUE
B38: BUAH STRAWBERRY | C38: =IFERROR(VLOOKUP(B38,'MASTER DATA'!$A$1:$E$212,2,FALSE),"") -> BB-100500 | D38: =IFERROR(VLOOKUP(B38,'MASTER DATA'!$A$1:$E$212,5,FALSE),"") -> BAHAN BAKU LUUCA | E38: 15.2 | F38: =IFERROR(VLOOKUP(B38,'MASTER DATA'!$A$1:$E$212,4,FALSE),"") -> GR | G38: Daun | H38: Tian | J38: TRUE
B39: BUAH LONGAN 565GR | C39: =IFERROR(VLOOKUP(B39,'MASTER DATA'!$A$1:$E$212,2,FALSE),"") -> BB-100022 | D39: =IFERROR(VLOOKUP(B39,'MASTER DATA'!$A$1:$E$212,5,FALSE),"") -> BAHAN BAKU LUUCA | E39: 404.7 | F39: =IFERROR(VLOOKUP(B39,'MASTER DATA'!$A$1:$E$212,4,FALSE),"") -> GR | G39: Air | H39: Lidia | J39: TRUE
A40: 46240 | B40: BUAH STRAWBERRY | C40: =IFERROR(VLOOKUP(B40,'MASTER DATA'!$A$1:$E$212,2,FALSE),"") -> BB-100500 | D40: =IFERROR(VLOOKUP(B40,'MASTER DATA'!$A$1:$E$212,5,FALSE),"") -> BAHAN BAKU LUUCA | E40: 5.7 | F40: =IFERROR(VLOOKUP(B40,'MASTER DATA'!$A$1:$E$212,4,FALSE),"") -> GR | G40: Daun | H40: Alif | J40: TRUE
B41: BUAH KIWI | C41: =IFERROR(VLOOKUP(B41,'MASTER DATA'!$A$1:$E$212,2,FALSE),"") -> BB-100502 | D41: =IFERROR(VLOOKUP(B41,'MASTER DATA'!$A$1:$E$212,5,FALSE),"") -> BAHAN BAKU LUUCA | E41: 51,9 | F41: =IFERROR(VLOOKUP(B41,'MASTER DATA'!$A$1:$E$212,4,FALSE),"") -> GR | G41: Kulit | H41: Nickita | J41: TRUE
B42: BUAH LONGAN 565GR | C42: =IFERROR(VLOOKUP(B42,'MASTER DATA'!$A$1:$E$212,2,FALSE),"") -> BB-100022 | D42: =IFERROR(VLOOKUP(B42,'MASTER DATA'!$A$1:$E$212,5,FALSE),"") -> BAHAN BAKU LUUCA | E42: 1072 | F42: =IFERROR(VLOOKUP(B42,'MASTER DATA'!$A$1:$E$212,4,FALSE),"") -> GR | G42: Air | H42: Lidia | J42: TRUE
A43: 46271 | B43: BUAH KIWI | C43: =IFERROR(VLOOKUP(B43,'MASTER DATA'!$A$1:$E$212,2,FALSE),"") -> BB-100502 | D43: =IFERROR(VLOOKUP(B43,'MASTER DATA'!$A$1:$E$212,5,FALSE),"") -> BAHAN BAKU LUUCA | E43: 91,2 | F43: =IFERROR(VLOOKUP(B43,'MASTER DATA'!$A$1:$E$212,4,FALSE),"") -> GR | G43: Kulit | H43: Lidia | J43: TRUE
B44: BUAH KIWI | C44: =IFERROR(VLOOKUP(B44,'MASTER DATA'!$A$1:$E$212,2,FALSE),"") -> BB-100502 | D44: =IFERROR(VLOOKUP(B44,'MASTER DATA'!$A$1:$E$212,5,FALSE),"") -> BAHAN BAKU LUUCA | E44: 39,5 | F44: =IFERROR(VLOOKUP(B44,'MASTER DATA'!$A$1:$E$212,4,FALSE),"") -> GR | G44: Kulit | H44: Lidia | J44: TRUE
B45: BUAH KIWI | C45: =IFERROR(VLOOKUP(B45,'MASTER DATA'!$A$1:$E$212,2,FALSE),"") -> BB-100502 | D45: =IFERROR(VLOOKUP(B45,'MASTER DATA'!$A$1:$E$212,5,FALSE),"") -> BAHAN BAKU LUUCA | E45: 32 | F45: =IFERROR(VLOOKUP(B45,'MASTER DATA'!$A$1:$E$212,4,FALSE),"") -> GR | G45: Kulit | H45: Lidia | J45: TRUE
A46: 46332 | B46: NATA DE COCO KARA 1KGX6 | C46: =IFERROR(VLOOKUP(B46,'MASTER DATA'!$A$1:$E$212,2,FALSE),"") -> BB-100023 | D46: =IFERROR(VLOOKUP(B46,'MASTER DATA'!$A$1:$E$212,5,FALSE),"") -> BAHAN BAKU LUUCA | E46: 343 | F46: =IFERROR(VLOOKUP(B46,'MASTER DATA'!$A$1:$E$212,4,FALSE),"") -> GR | G46: Air | H46: Raka | J46: TRUE
B47: BUAH STRAWBERRY | C47: =IFERROR(VLOOKUP(B47,'MASTER DATA'!$A$1:$E$212,2,FALSE),"") -> BB-100500 | D47: =IFERROR(VLOOKUP(B47,'MASTER DATA'!$A$1:$E$212,5,FALSE),"") -> BAHAN BAKU LUUCA | E47: 12,5 | F47: =IFERROR(VLOOKUP(B47,'MASTER DATA'!$A$1:$E$212,4,FALSE),"") -> GR | G47: Daun | H47: Tian | J47: TRUE
B48: BUAH KIWI | C48: =IFERROR(VLOOKUP(B48,'MASTER DATA'!$A$1:$E$212,2,FALSE),"") -> BB-100502 | D48: =IFERROR(VLOOKUP(B48,'MASTER DATA'!$A$1:$E$212,5,FALSE),"") -> BAHAN BAKU LUUCA | E48: 46,5 | F48: =IFERROR(VLOOKUP(B48,'MASTER DATA'!$A$1:$E$212,4,FALSE),"") -> GR | G48: Kuilit | H48: Nickita | J48: TRUE
B49: BUAH STRAWBERRY | C49: =IFERROR(VLOOKUP(B49,'MASTER DATA'!$A$1:$E$212,2,FALSE),"") -> BB-100500 | D49: =IFERROR(VLOOKUP(B49,'MASTER DATA'!$A$1:$E$212,5,FALSE),"") -> BAHAN BAKU LUUCA | E49: 40,2 | F49: =IFERROR(VLOOKUP(B49,'MASTER DATA'!$A$1:$E$212,4,FALSE),"") -> GR | G49: Busuk | H49: Niclita | J49: TRUE
A50: 46362 | B50: BUAH STRAWBERRY | C50: =IFERROR(VLOOKUP(B50,'MASTER DATA'!$A$1:$E$212,2,FALSE),"") -> BB-100500 | D50: =IFERROR(VLOOKUP(B50,'MASTER DATA'!$A$1:$E$212,5,FALSE),"") -> BAHAN BAKU LUUCA | E50: 85 | F50: =IFERROR(VLOOKUP(B50,'MASTER DATA'!$A$1:$E$212,4,FALSE),"") -> GR | G50: Busuk | H50: Thia | J50: TRUE
B51: BUAH STRAWBERRY | C51: =IFERROR(VLOOKUP(B51,'MASTER DATA'!$A$1:$E$212,2,FALSE),"") -> BB-100500 | D51: =IFERROR(VLOOKUP(B51,'MASTER DATA'!$A$1:$E$212,5,FALSE),"") -> BAHAN BAKU LUUCA | E51: 111,1 | F51: =IFERROR(VLOOKUP(B51,'MASTER DATA'!$A$1:$E$212,4,FALSE),"") -> GR | G51: Busuk | H51: Thia | J51: TRUE
B52: NATA DE COCO KARA 1KGX6 | C52: =IFERROR(VLOOKUP(B52,'MASTER DATA'!$A$1:$E$212,2,FALSE),"") -> BB-100023 | D52: =IFERROR(VLOOKUP(B52,'MASTER DATA'!$A$1:$E$212,5,FALSE),"") -> BAHAN BAKU LUUCA | E52: 756 | F52: =IFERROR(VLOOKUP(B52,'MASTER DATA'!$A$1:$E$212,4,FALSE),"") -> GR | G52: Air | H52: Thia | J52: TRUE
B53: BUAH STRAWBERRY | C53: =IFERROR(VLOOKUP(B53,'MASTER DATA'!$A$1:$E$212,2,FALSE),"") -> BB-100500 | D53: =IFERROR(VLOOKUP(B53,'MASTER DATA'!$A$1:$E$212,5,FALSE),"") -> BAHAN BAKU LUUCA | E53: 60,8 | F53: =IFERROR(VLOOKUP(B53,'MASTER DATA'!$A$1:$E$212,4,FALSE),"") -> GR | G53: Busuk | H53: Raka | J53: TRUE
B54: BUAH STRAWBERRY | C54: =IFERROR(VLOOKUP(B54,'MASTER DATA'!$A$1:$E$212,2,FALSE),"") -> BB-100500 | D54: =IFERROR(VLOOKUP(B54,'MASTER DATA'!$A$1:$E$212,5,FALSE),"") -> BAHAN BAKU LUUCA | E54: 12 | F54: =IFERROR(VLOOKUP(B54,'MASTER DATA'!$A$1:$E$212,4,FALSE),"") -> GR | G54: Daun | H54: Raka | J54: TRUE
B55: BUAH LONGAN 565GR | C55: =IFERROR(VLOOKUP(B55,'MASTER DATA'!$A$1:$E$212,2,FALSE),"") -> BB-100022 | D55: =IFERROR(VLOOKUP(B55,'MASTER DATA'!$A$1:$E$212,5,FALSE),"") -> BAHAN BAKU LUUCA | E55: 567,5 | F55: =IFERROR(VLOOKUP(B55,'MASTER DATA'!$A$1:$E$212,4,FALSE),"") -> GR | G55: Air | H55: Raka | J55: TRUE
B56: NATA DE COCO KARA 1KGX6 | C56: =IFERROR(VLOOKUP(B56,'MASTER DATA'!$A$1:$E$212,2,FALSE),"") -> BB-100023 | D56: =IFERROR(VLOOKUP(B56,'MASTER DATA'!$A$1:$E$212,5,FALSE),"") -> BAHAN BAKU LUUCA | E56: 670 | F56: =IFERROR(VLOOKUP(B56,'MASTER DATA'!$A$1:$E$212,4,FALSE),"") -> GR | G56: Air | H56: Thia | J56: TRUE
B57: BUAH ANGGUR | C57: =IFERROR(VLOOKUP(B57,'MASTER DATA'!$A$1:$E$212,2,FALSE),"") -> BB-100501 | D57: =IFERROR(VLOOKUP(B57,'MASTER DATA'!$A$1:$E$212,5,FALSE),"") -> BAHAN BAKU LUUCA | E57: 72,6 | F57: =IFERROR(VLOOKUP(B57,'MASTER DATA'!$A$1:$E$212,4,FALSE),"") -> GR | G57: Busuk | H57: Raka | J57: TRUE
B58: PEPERO ALMOND 32GR | C58: =IFERROR(VLOOKUP(B58,'MASTER DATA'!$A$1:$E$212,2,FALSE),"") | D58: =IFERROR(VLOOKUP(B58,'MASTER DATA'!$A$1:$E$212,5,FALSE),"") | E58: 7 | F58: =IFERROR(VLOOKUP(B58,'MASTER DATA'!$A$1:$E$212,4,FALSE),"") | G58: Patah | H58: Raka | J58: TRUE
B59: CUP PP 16OZ LUUCA | C59: =IFERROR(VLOOKUP(B59,'MASTER DATA'!$A$1:$E$212,2,FALSE),"") -> BB-100136 | D59: =IFERROR(VLOOKUP(B59,'MASTER DATA'!$A$1:$E$212,5,FALSE),"") -> BAHAN BAKU LUUCA | E59: 3 | F59: =IFERROR(VLOOKUP(B59,'MASTER DATA'!$A$1:$E$212,4,FALSE),"") -> PCS | G59: Kunsumsi tukang | H59: Lidia | J59: TRUE
B60: SEDOTAN HITAM KECIL 250 PCS/PACK | C60: =IFERROR(VLOOKUP(B60,'MASTER DATA'!$A$1:$E$212,2,FALSE),"") -> BB-100340 | D60: =IFERROR(VLOOKUP(B60,'MASTER DATA'!$A$1:$E$212,5,FALSE),"") -> PRODUKSI STOK LUUCA | E60: 3 | F60: =IFERROR(VLOOKUP(B60,'MASTER DATA'!$A$1:$E$212,4,FALSE),"") -> PCS | G60: Kunsumsi tukang | H60: Lidia | J60: TRUE
B61: LID DOME PET | C61: =IFERROR(VLOOKUP(B61,'MASTER DATA'!$A$1:$E$212,2,FALSE),"") -> BB-100030 | D61: =IFERROR(VLOOKUP(B61,'MASTER DATA'!$A$1:$E$212,5,FALSE),"") -> BAHAN BAKU LUUCA | E61: 3 | F61: =IFERROR(VLOOKUP(B61,'MASTER DATA'!$A$1:$E$212,4,FALSE),"") -> PCS | G61: Kunsumsi tukang | H61: Lidia | J61: TRUE
A62: 46186 | B62: BUAH STRAWBERRY | C62: =IFERROR(VLOOKUP(B62,'MASTER DATA'!$A$1:$E$212,2,FALSE),"") -> BB-100500 | D62: =IFERROR(VLOOKUP(B62,'MASTER DATA'!$A$1:$E$212,5,FALSE),"") -> BAHAN BAKU LUUCA | E62: 20 | F62: =IFERROR(VLOOKUP(B62,'MASTER DATA'!$A$1:$E$212,4,FALSE),"") -> GR | G62: Daun | H62: Nickita | J62: TRUE
B63: BUAH ANGGUR | C63: =IFERROR(VLOOKUP(B63,'MASTER DATA'!$A$1:$E$212,2,FALSE),"") -> BB-100501 | D63: =IFERROR(VLOOKUP(B63,'MASTER DATA'!$A$1:$E$212,5,FALSE),"") -> BAHAN BAKU LUUCA | E63: 15 | F63: =IFERROR(VLOOKUP(B63,'MASTER DATA'!$A$1:$E$212,4,FALSE),"") -> GR | G63: Tangkai Anggur | H63: Nickita | J63: TRUE
B64: BUAH ANGGUR | C64: =IFERROR(VLOOKUP(B64,'MASTER DATA'!$A$1:$E$212,2,FALSE),"") -> BB-100501 | D64: =IFERROR(VLOOKUP(B64,'MASTER DATA'!$A$1:$E$212,5,FALSE),"") -> BAHAN BAKU LUUCA | E64: 115,7 | F64: =IFERROR(VLOOKUP(B64,'MASTER DATA'!$A$1:$E$212,4,FALSE),"") -> GR | G64: Busuk | H64: Nickita | J64: TRUE
B65: NATA DE COCO KARA 1KGX6 | C65: =IFERROR(VLOOKUP(B65,'MASTER DATA'!$A$1:$E$212,2,FALSE),"") -> BB-100023 | D65: =IFERROR(VLOOKUP(B65,'MASTER DATA'!$A$1:$E$212,5,FALSE),"") -> BAHAN BAKU LUUCA | E65: 628,5 | F65: =IFERROR(VLOOKUP(B65,'MASTER DATA'!$A$1:$E$212,4,FALSE),"") -> GR | G65: Air | H65: Niclita | J65: TRUE
B66: WIP CHOCOLATE ICE CREAM | C66: =IFERROR(VLOOKUP(B66,'MASTER DATA'!$A$1:$E$212,2,FALSE),"") -> P006-001 | D66: =IFERROR(VLOOKUP(B66,'MASTER DATA'!$A$1:$E$212,5,FALSE),"") -> PRODUKSI STOK LUUCA | E66: 3455,5 | F66: =IFERROR(VLOOKUP(B66,'MASTER DATA'!$A$1:$E$212,4,FALSE),"") -> GR | G66: Terjatuh | H66: Raka | J66: TRUE
B67: BUAH LONGAN 565GR | C67: =IFERROR(VLOOKUP(B67,'MASTER DATA'!$A$1:$E$212,2,FALSE),"") -> BB-100022 | D67: =IFERROR(VLOOKUP(B67,'MASTER DATA'!$A$1:$E$212,5,FALSE),"") -> BAHAN BAKU LUUCA | E67: 459,4 | F67: =IFERROR(VLOOKUP(B67,'MASTER DATA'!$A$1:$E$212,4,FALSE),"") -> GR | G67: Air | H67: Lidia | J67: TRUE
B68: BUAH KIWI | C68: =IFERROR(VLOOKUP(B68,'MASTER DATA'!$A$1:$E$212,2,FALSE),"") -> BB-100502 | D68: =IFERROR(VLOOKUP(B68,'MASTER DATA'!$A$1:$E$212,5,FALSE),"") -> BAHAN BAKU LUUCA | E68: 33,9 | F68: =IFERROR(VLOOKUP(B68,'MASTER DATA'!$A$1:$E$212,4,FALSE),"") -> GR | G68: Busuk | H68: Lidia | J68: TRUE
B69: BUAH ANGGUR | C69: =IFERROR(VLOOKUP(B69,'MASTER DATA'!$A$1:$E$212,2,FALSE),"") -> BB-100501 | D69: =IFERROR(VLOOKUP(B69,'MASTER DATA'!$A$1:$E$212,5,FALSE),"") -> BAHAN BAKU LUUCA | E69: 19 | F69: =IFERROR(VLOOKUP(B69,'MASTER DATA'!$A$1:$E$212,4,FALSE),"") -> GR | G69: Busuk | H69: Nickita | J69: TRUE
B70: BUAH KIWI | C70: =IFERROR(VLOOKUP(B70,'MASTER DATA'!$A$1:$E$212,2,FALSE),"") -> BB-100502 | D70: =IFERROR(VLOOKUP(B70,'MASTER DATA'!$A$1:$E$212,5,FALSE),"") -> BAHAN BAKU LUUCA | E70: 67,5 | F70: =IFERROR(VLOOKUP(B70,'MASTER DATA'!$A$1:$E$212,4,FALSE),"") -> GR | G70: Kulit | H70: Nickita | J70: TRUE
B71: BUAH KIWI | C71: =IFERROR(VLOOKUP(B71,'MASTER DATA'!$A$1:$E$212,2,FALSE),"") -> BB-100502 | D71: =IFERROR(VLOOKUP(B71,'MASTER DATA'!$A$1:$E$212,5,FALSE),"") -> BAHAN BAKU LUUCA | E71: 12,8 | F71: =IFERROR(VLOOKUP(B71,'MASTER DATA'!$A$1:$E$212,4,FALSE),"") -> GR | G71: Busuk | H71: Nickita | J71: TRUE
B72: BUAH KIWI | C72: =IFERROR(VLOOKUP(B72,'MASTER DATA'!$A$1:$E$212,2,FALSE),"") -> BB-100502 | D72: =IFERROR(VLOOKUP(B72,'MASTER DATA'!$A$1:$E$212,5,FALSE),"") -> BAHAN BAKU LUUCA | E72: 197,8 | F72: =IFERROR(VLOOKUP(B72,'MASTER DATA'!$A$1:$E$212,4,FALSE),"") -> GR | G72: Busuk | H72: Nickita | J72: TRUE
B73: BUAH ANGGUR | C73: =IFERROR(VLOOKUP(B73,'MASTER DATA'!$A$1:$E$212,2,FALSE),"") -> BB-100501 | D73: =IFERROR(VLOOKUP(B73,'MASTER DATA'!$A$1:$E$212,5,FALSE),"") -> BAHAN BAKU LUUCA | E73: 21,7 | F73: =IFERROR(VLOOKUP(B73,'MASTER DATA'!$A$1:$E$212,4,FALSE),"") -> GR | G73: Tangkai | H73: Lidia | J73: TRUE
B74: Pocky Strawberry | C74: =IFERROR(VLOOKUP(B74,'MASTER DATA'!$A$1:$E$212,2,FALSE),"") -> BB-100515 | D74: =IFERROR(VLOOKUP(B74,'MASTER DATA'!$A$1:$E$212,5,FALSE),"") -> PRODUKSI STOK LUUCA | E74: 2 | F74: =IFERROR(VLOOKUP(B74,'MASTER DATA'!$A$1:$E$212,4,FALSE),"") -> PCS | G74: Patah | H74: Lidia | J74: TRUE
B75: BUAH STRAWBERRY | C75: =IFERROR(VLOOKUP(B75,'MASTER DATA'!$A$1:$E$212,2,FALSE),"") -> BB-100500 | D75: =IFERROR(VLOOKUP(B75,'MASTER DATA'!$A$1:$E$212,5,FALSE),"") -> BAHAN BAKU LUUCA | E75: 119,6 | F75: =IFERROR(VLOOKUP(B75,'MASTER DATA'!$A$1:$E$212,4,FALSE),"") -> GR | G75: Busuk | H75: Lidia | J75: TRUE
B76: NATA DE COCO KARA 1KGX6 | C76: =IFERROR(VLOOKUP(B76,'MASTER DATA'!$A$1:$E$212,2,FALSE),"") -> BB-100023 | D76: =IFERROR(VLOOKUP(B76,'MASTER DATA'!$A$1:$E$212,5,FALSE),"") -> BAHAN BAKU LUUCA | E76: 553,5 | F76: =IFERROR(VLOOKUP(B76,'MASTER DATA'!$A$1:$E$212,4,FALSE),"") -> GR | G76: Air | H76: Lidia | J76: TRUE
B77: BUAH KIWI | C77: =IFERROR(VLOOKUP(B77,'MASTER DATA'!$A$1:$E$212,2,FALSE),"") -> BB-100502 | D77: =IFERROR(VLOOKUP(B77,'MASTER DATA'!$A$1:$E$212,5,FALSE),"") -> BAHAN BAKU LUUCA | E77: 33,9 | F77: =IFERROR(VLOOKUP(B77,'MASTER DATA'!$A$1:$E$212,4,FALSE),"") -> GR | G77: Busuk | H77: Lidia | J77: TRUE
A78: 46187 | B78: BUAH STRAWBERRY | C78: =IFERROR(VLOOKUP(B78,'MASTER DATA'!$A$1:$E$212,2,FALSE),"") -> BB-100500 | D78: =IFERROR(VLOOKUP(B78,'MASTER DATA'!$A$1:$E$212,5,FALSE),"") -> BAHAN BAKU LUUCA | E78: 20,4 | F78: =IFERROR(VLOOKUP(B78,'MASTER DATA'!$A$1:$E$212,4,FALSE),"") -> GR | G78: Daun | H78: Thia | J78: TRUE
B79: BUAH LONGAN 565GR | C79: =IFERROR(VLOOKUP(B79,'MASTER DATA'!$A$1:$E$212,2,FALSE),"") -> BB-100022 | D79: =IFERROR(VLOOKUP(B79,'MASTER DATA'!$A$1:$E$212,5,FALSE),"") -> BAHAN BAKU LUUCA | E79: 720,5 | F79: =IFERROR(VLOOKUP(B79,'MASTER DATA'!$A$1:$E$212,4,FALSE),"") -> GR | G79: Air | H79: Thia | J79: TRUE
B80: BUAH STRAWBERRY | C80: =IFERROR(VLOOKUP(B80,'MASTER DATA'!$A$1:$E$212,2,FALSE),"") -> BB-100500 | D80: =IFERROR(VLOOKUP(B80,'MASTER DATA'!$A$1:$E$212,5,FALSE),"") -> BAHAN BAKU LUUCA | E80: 78,9 | F80: =IFERROR(VLOOKUP(B80,'MASTER DATA'!$A$1:$E$212,4,FALSE),"") -> GR | G80: Daun | H80: Tian | J80: TRUE
B81: BUAH LONGAN 565GR | C81: =IFERROR(VLOOKUP(B81,'MASTER DATA'!$A$1:$E$212,2,FALSE),"") -> BB-100022 | D81: =IFERROR(VLOOKUP(B81,'MASTER DATA'!$A$1:$E$212,5,FALSE),"") -> BAHAN BAKU LUUCA | E81: 311,6 | F81: =IFERROR(VLOOKUP(B81,'MASTER DATA'!$A$1:$E$212,4,FALSE),"") -> GR | G81: Air | H81: Lidia | J81: TRUE
B82: NATA DE COCO KARA 1KGX6 | C82: =IFERROR(VLOOKUP(B82,'MASTER DATA'!$A$1:$E$212,2,FALSE),"") -> BB-100023 | D82: =IFERROR(VLOOKUP(B82,'MASTER DATA'!$A$1:$E$212,5,FALSE),"") -> BAHAN BAKU LUUCA | E82: 905,5 | F82: =IFERROR(VLOOKUP(B82,'MASTER DATA'!$A$1:$E$212,4,FALSE),"") -> GR | G82: Air | H82: Lidia | J82: TRUE
B83: BUAH ANGGUR | C83: =IFERROR(VLOOKUP(B83,'MASTER DATA'!$A$1:$E$212,2,FALSE),"") -> BB-100501 | D83: =IFERROR(VLOOKUP(B83,'MASTER DATA'!$A$1:$E$212,5,FALSE),"") -> BAHAN BAKU LUUCA | E83: 15,5 | F83: =IFERROR(VLOOKUP(B83,'MASTER DATA'!$A$1:$E$212,4,FALSE),"") -> GR | G83: Tangkai | H83: Lidia | J83: TRUE
B84: BUAH ANGGUR | C84: =IFERROR(VLOOKUP(B84,'MASTER DATA'!$A$1:$E$212,2,FALSE),"") -> BB-100501 | D84: =IFERROR(VLOOKUP(B84,'MASTER DATA'!$A$1:$E$212,5,FALSE),"") -> BAHAN BAKU LUUCA | E84: 68,2 | F84: =IFERROR(VLOOKUP(B84,'MASTER DATA'!$A$1:$E$212,4,FALSE),"") -> GR | G84: Busuk | H84: Lidia | J84: TRUE
A85: 46188 | B85: BUAH STRAWBERRY | C85: =IFERROR(VLOOKUP(B85,'MASTER DATA'!$A$1:$E$212,2,FALSE),"") -> BB-100500 | D85: =IFERROR(VLOOKUP(B85,'MASTER DATA'!$A$1:$E$212,5,FALSE),"") -> BAHAN BAKU LUUCA | E85: 28,9 | F85: =IFERROR(VLOOKUP(B85,'MASTER DATA'!$A$1:$E$212,4,FALSE),"") -> GR | G85: Daun | H85: Tian | J85: TRUE
B86: BUAH KIWI | C86: =IFERROR(VLOOKUP(B86,'MASTER DATA'!$A$1:$E$212,2,FALSE),"") -> BB-100502 | D86: =IFERROR(VLOOKUP(B86,'MASTER DATA'!$A$1:$E$212,5,FALSE),"") -> BAHAN BAKU LUUCA | E86: 81 | F86: =IFERROR(VLOOKUP(B86,'MASTER DATA'!$A$1:$E$212,4,FALSE),"") -> GR | G86: Kulit | H86: Raka | J86: TRUE
A87: 46189 | B87: BUAH STRAWBERRY | C87: =IFERROR(VLOOKUP(B87,'MASTER DATA'!$A$1:$E$212,2,FALSE),"") -> BB-100500 | D87: =IFERROR(VLOOKUP(B87,'MASTER DATA'!$A$1:$E$212,5,FALSE),"") -> BAHAN BAKU LUUCA | E87: 8,5 | F87: =IFERROR(VLOOKUP(B87,'MASTER DATA'!$A$1:$E$212,4,FALSE),"") -> GR | G87: Daun | H87: Thia | J87: TRUE
B88: BUAH KIWI | C88: =IFERROR(VLOOKUP(B88,'MASTER DATA'!$A$1:$E$212,2,FALSE),"") -> BB-100502 | D88: =IFERROR(VLOOKUP(B88,'MASTER DATA'!$A$1:$E$212,5,FALSE),"") -> BAHAN BAKU LUUCA | E88: 27,6 | F88: =IFERROR(VLOOKUP(B88,'MASTER DATA'!$A$1:$E$212,4,FALSE),"") -> GR | G88: Kulit | H88: Thia | J88: TRUE
B89: NATA DE COCO KARA 1KGX6 | C89: =IFERROR(VLOOKUP(B89,'MASTER DATA'!$A$1:$E$212,2,FALSE),"") -> BB-100023 | D89: =IFERROR(VLOOKUP(B89,'MASTER DATA'!$A$1:$E$212,5,FALSE),"") -> BAHAN BAKU LUUCA | E89: 737,5 | F89: =IFERROR(VLOOKUP(B89,'MASTER DATA'!$A$1:$E$212,4,FALSE),"") -> GR | G89: Air | H89: Thia | J89: TRUE
B90: BUAH KIWI | C90: =IFERROR(VLOOKUP(B90,'MASTER DATA'!$A$1:$E$212,2,FALSE),"") -> BB-100502 | D90: =IFERROR(VLOOKUP(B90,'MASTER DATA'!$A$1:$E$212,5,FALSE),"") -> BAHAN BAKU LUUCA | E90: 82,1 | F90: =IFERROR(VLOOKUP(B90,'MASTER DATA'!$A$1:$E$212,4,FALSE),"") -> GR | G90: Kulit | H90: Thia | J90: TRUE
B91: BUAH LONGAN 565GR | C91: =IFERROR(VLOOKUP(B91,'MASTER DATA'!$A$1:$E$212,2,FALSE),"") -> BB-100022 | D91: =IFERROR(VLOOKUP(B91,'MASTER DATA'!$A$1:$E$212,5,FALSE),"") -> BAHAN BAKU LUUCA | E91: 340 | F91: =IFERROR(VLOOKUP(B91,'MASTER DATA'!$A$1:$E$212,4,FALSE),"") -> GR | G91: Air | H91: Thia | J91: TRUE
B92: BUAH STRAWBERRY | C92: =IFERROR(VLOOKUP(B92,'MASTER DATA'!$A$1:$E$212,2,FALSE),"") -> BB-100500 | D92: =IFERROR(VLOOKUP(B92,'MASTER DATA'!$A$1:$E$212,5,FALSE),"") -> BAHAN BAKU LUUCA | E92: 6,6 | F92: =IFERROR(VLOOKUP(B92,'MASTER DATA'!$A$1:$E$212,4,FALSE),"") -> GR | G92: Daun | H92: Thia | J92: TRUE
B93: NATA DE COCO KARA 1KGX6 | C93: =IFERROR(VLOOKUP(B93,'MASTER DATA'!$A$1:$E$212,2,FALSE),"") -> BB-100023 | D93: =IFERROR(VLOOKUP(B93,'MASTER DATA'!$A$1:$E$212,5,FALSE),"") -> BAHAN BAKU LUUCA | E93: 533 | F93: =IFERROR(VLOOKUP(B93,'MASTER DATA'!$A$1:$E$212,4,FALSE),"") -> GR | G93: Air | H93: Thia | J93: TRUE
B94: BUAH STRAWBERRY | C94: =IFERROR(VLOOKUP(B94,'MASTER DATA'!$A$1:$E$212,2,FALSE),"") -> BB-100500 | D94: =IFERROR(VLOOKUP(B94,'MASTER DATA'!$A$1:$E$212,5,FALSE),"") -> BAHAN BAKU LUUCA | E94: 21,1 | F94: =IFERROR(VLOOKUP(B94,'MASTER DATA'!$A$1:$E$212,4,FALSE),"") -> GR | G94: Daun | H94: Nickita | J94: TRUE
B95: BUAH KIWI | C95: =IFERROR(VLOOKUP(B95,'MASTER DATA'!$A$1:$E$212,2,FALSE),"") -> BB-100502 | D95: =IFERROR(VLOOKUP(B95,'MASTER DATA'!$A$1:$E$212,5,FALSE),"") -> BAHAN BAKU LUUCA | E95: 30,5 | F95: =IFERROR(VLOOKUP(B95,'MASTER DATA'!$A$1:$E$212,4,FALSE),"") -> GR | G95: Kulit | H95: Nickita | J95: TRUE
B96: BUAH LONGAN 565GR | C96: =IFERROR(VLOOKUP(B96,'MASTER DATA'!$A$1:$E$212,2,FALSE),"") -> BB-100022 | D96: =IFERROR(VLOOKUP(B96,'MASTER DATA'!$A$1:$E$212,5,FALSE),"") -> BAHAN BAKU LUUCA | E96: 714,5 | F96: =IFERROR(VLOOKUP(B96,'MASTER DATA'!$A$1:$E$212,4,FALSE),"") -> GR | G96: Air | H96: Lidia | J96: TRUE
A97: 46190 | B97: BUAH KIWI | C97: =IFERROR(VLOOKUP(B97,'MASTER DATA'!$A$1:$E$212,2,FALSE),"") -> BB-100502 | D97: =IFERROR(VLOOKUP(B97,'MASTER DATA'!$A$1:$E$212,5,FALSE),"") -> BAHAN BAKU LUUCA | E97: 54,6 | F97: =IFERROR(VLOOKUP(B97,'MASTER DATA'!$A$1:$E$212,4,FALSE),"") -> GR | G97: Kulit | H97: Raka | J97: TRUE
B98: PEPERO ALMOND | C98: =IFERROR(VLOOKUP(B98,'MASTER DATA'!$A$1:$E$212,2,FALSE),"") -> BB-100507 | D98: =IFERROR(VLOOKUP(B98,'MASTER DATA'!$A$1:$E$212,5,FALSE),"") -> PRODUKSI STOK LUUCA | E98: 2 | F98: =IFERROR(VLOOKUP(B98,'MASTER DATA'!$A$1:$E$212,4,FALSE),"") -> PCS | G98: Patah | H98: Alif | J98: TRUE
B99: BUAH STRAWBERRY | C99: =IFERROR(VLOOKUP(B99,'MASTER DATA'!$A$1:$E$212,2,FALSE),"") -> BB-100500 | D99: =IFERROR(VLOOKUP(B99,'MASTER DATA'!$A$1:$E$212,5,FALSE),"") -> BAHAN BAKU LUUCA | E99: 113,3 | F99: =IFERROR(VLOOKUP(B99,'MASTER DATA'!$A$1:$E$212,4,FALSE),"") -> GR | G99: Busuk | H99: Lidia | J99: TRUE
B100: BUAH ANGGUR | C100: =IFERROR(VLOOKUP(B100,'MASTER DATA'!$A$1:$E$212,2,FALSE),"") -> BB-100501 | D100: =IFERROR(VLOOKUP(B100,'MASTER DATA'!$A$1:$E$212,5,FALSE),"") -> BAHAN BAKU LUUCA | E100: 100 | F100: =IFERROR(VLOOKUP(B100,'MASTER DATA'!$A$1:$E$212,4,FALSE),"") -> GR | G100: Busuk | H100: Lidia | J100: TRUE
B101: BUAH ANGGUR | C101: =IFERROR(VLOOKUP(B101,'MASTER DATA'!$A$1:$E$212,2,FALSE),"") -> BB-100501 | D101: =IFERROR(VLOOKUP(B101,'MASTER DATA'!$A$1:$E$212,5,FALSE),"") -> BAHAN BAKU LUUCA | E101: 17,5 | F101: =IFERROR(VLOOKUP(B101,'MASTER DATA'!$A$1:$E$212,4,FALSE),"") -> GR | G101: Tangkai | H101: Lidia | J101: TRUE
...

Sheet 1JUNI-31
A1: TANGGAL | B1: NAMA PRODUK | E1: JENIS | G1: JUMLAH | H1: ALASAN WASTE | I1: USER | J1: TRI-AUDIT
A2: 46028 | B2: BUAH STRAWBERRY | C2: =IFERROR(VLOOKUP(B2,'MASTER DATA'!$A$1:$E$212,2),"") -> BB-100503 | E2: =VLOOKUP(B2,Sheet3!$B$2:$E$311,3,) -> BAHAN BAKU LUUCA | F2: =VLOOKUP(B2,Sheet3!$B$2:$E$311,4,) -> GR | G2: 89,2 | H2: Busuk/Berair | I2: Raka | J2: V
B3: BUAH KIWI | E3: =VLOOKUP(B3,Sheet3!$B$2:$E$311,3,) -> BAHAN BAKU LUUCA | F3: =VLOOKUP(B3,Sheet3!$B$2:$E$311,4,) -> GR | G3: 98 | H3: Kulit | I3: Raka | J3: V
B4: BUAH STRAWBERRY | E4: =VLOOKUP(B4,Sheet3!$B$2:$E$311,3,) -> BAHAN BAKU LUUCA | F4: =VLOOKUP(B4,Sheet3!$B$2:$E$311,4,) -> GR | G4: 36,5 | H4: Daun | I4: Raka | J4: V
B5: BUAH LONGAN 565GR | E5: =VLOOKUP(B5,Sheet3!$B$2:$E$311,3,) -> BAHAN BAKU LUUCA | F5: =VLOOKUP(B5,Sheet3!$B$2:$E$311,4,) -> GR | G5: 448 | H5: Air | I5: Raka | J5: V
B6: BUAH STRAWBERRY | E6: =VLOOKUP(B6,Sheet3!$B$2:$E$311,3,) -> BAHAN BAKU LUUCA | F6: =VLOOKUP(B6,Sheet3!$B$2:$E$311,4,) -> GR | G6: 7,3 | H6: Daun | I6: Nickita | J6: V
B7: BUAH KIWI | E7: =VLOOKUP(B7,Sheet3!$B$2:$E$311,3,) -> BAHAN BAKU LUUCA | F7: =VLOOKUP(B7,Sheet3!$B$2:$E$311,4,) -> GR | G7: 31,2 | H7: Daun& Ujung kiwi | I7: Nickita | J7: V
A8: 46059 | B8: BUAH STRAWBERRY | E8: =VLOOKUP(B8,Sheet3!$B$2:$E$311,3,) -> BAHAN BAKU LUUCA | F8: =VLOOKUP(B8,Sheet3!$B$2:$E$311,4,) -> GR | G8: 42,7 | H8: Daun | I8: Lidia | J8: V
B9: BUAH ANGGUR | E9: =VLOOKUP(B9,Sheet3!$B$2:$E$311,3,) -> BAHAN BAKU LUUCA | F9: =VLOOKUP(B9,Sheet3!$B$2:$E$311,4,) -> GR | G9: 10 | H9: Tangkai Anggur | I9: Lidia | J9: V
B10: BUAH STRAWBERRY | E10: =VLOOKUP(B10,Sheet3!$B$2:$E$311,3,) -> BAHAN BAKU LUUCA | F10: =VLOOKUP(B10,Sheet3!$B$2:$E$311,4,) -> GR | G10: 111,6 | H10: Busuk/Berair | I10: Lidia | J10: V
B11: BUAH ANGGUR | E11: =VLOOKUP(B11,Sheet3!$B$2:$E$311,3,) -> BAHAN BAKU LUUCA | F11: =VLOOKUP(B11,Sheet3!$B$2:$E$311,4,) -> GR | G11: 59,8 | H11: Busuk/Berair | I11: Lidia | J11: V
B12: BUAH LONGAN 565GR | E12: =VLOOKUP(B12,Sheet3!$B$2:$E$311,3,) -> BAHAN BAKU LUUCA | F12: =VLOOKUP(B12,Sheet3!$B$2:$E$311,4,) -> GR | G12: 647 | H12: Air | I12: Lidia | J12: V
B13: WIP MATCHA ICE CREAM | E13: =VLOOKUP(B13,Sheet3!$B$2:$E$311,3,) -> PRODUKSI STOK LUUCA | F13: =VLOOKUP(B13,Sheet3!$B$2:$E$311,4,) -> GR | G13: 150 | H13: Terkontaminasi | I13: Nickita | J13: V
B14: STRAWBERRY JAM 1,2KG | E14: =VLOOKUP(B14,Sheet3!$B$2:$E$311,3,) -> BAHAN BAKU LUUCA | F14: =VLOOKUP(B14,Sheet3!$B$2:$E$311,4,) -> GR | G14: 27,5 | H14: Terkontaminasi | I14: Nickita | J14: V
A15: 46087 | B15: WIP MATCHA ICE CREAM | E15: =VLOOKUP(B15,Sheet3!$B$2:$E$311,3,) -> PRODUKSI STOK LUUCA | F15: =VLOOKUP(B15,Sheet3!$B$2:$E$311,4,) -> GR | G15: 2129 | H15: Basi | I15: Lidia | J15: V
B16: NATA DE COCO KARA 1KGX6 | E16: =VLOOKUP(B16,Sheet3!$B$2:$E$311,3,) -> BAHAN BAKU LUUCA | F16: =VLOOKUP(B16,Sheet3!$B$2:$E$311,4,) -> GR | G16: 230 | H16: Air | I16: Lidia | J16: V
B17: BUAH KIWI | E17: =VLOOKUP(B17,Sheet3!$B$2:$E$311,3,) -> BAHAN BAKU LUUCA | F17: =VLOOKUP(B17,Sheet3!$B$2:$E$311,4,) -> GR | G17: 116,1 | H17: Kulit | I17: Lidia | J17: V
B18: COFFEE BEANS - LUUCA | E18: =VLOOKUP(B18,Sheet3!$B$2:$E$311,3,) -> BAHAN BAKU LUUCA | F18: =VLOOKUP(B18,Sheet3!$B$2:$E$311,4,) -> GR | G18: 18 | H18: Kalibrasi | I18: Lidia | J18: V
A19: 46118 | B19: NATA DE COCO KARA 1KGX6 | E19: =VLOOKUP(B19,Sheet3!$B$2:$E$311,3,) -> BAHAN BAKU LUUCA | F19: =VLOOKUP(B19,Sheet3!$B$2:$E$311,4,) -> GR | G19: 555 | H19: Air | I19: Tian | J19: V
A20: 46148 | B20: WAFFLE CONE | E20: =VLOOKUP(B20,Sheet3!$B$2:$E$311,3,) -> BAHAN BAKU LUUCA | F20: =VLOOKUP(B20,Sheet3!$B$2:$E$311,4,) -> PCS | G20: 1 | H20: Cek Gramasi | I20: Lidia | J20: V
B21: CHOCO DIP SAUCE BELLA 1KG | E21: =VLOOKUP(B21,Sheet3!$B$2:$E$311,3,) -> BAHAN BAKU LUUCA | F21: =VLOOKUP(B21,Sheet3!$B$2:$E$311,4,) -> GR | G21: 12 | H21: Cek Gramasi | I21: Lidia | J21: V
B22: BUAH STRAWBERRY | E22: =VLOOKUP(B22,Sheet3!$B$2:$E$311,3,) -> BAHAN BAKU LUUCA | F22: =VLOOKUP(B22,Sheet3!$B$2:$E$311,4,) -> GR | G22: 156,3 | H22: Busuk | I22: Lidia | J22: V
B23: BUAH STRAWBERRY | E23: =VLOOKUP(B23,Sheet3!$B$2:$E$311,3,) -> BAHAN BAKU LUUCA | F23: =VLOOKUP(B23,Sheet3!$B$2:$E$311,4,) -> GR | G23: 3 | H23: Daun | I23: Tian | J23: V
B24: Bologna Yoghurt | E24: =VLOOKUP(B24,Sheet3!$B$2:$E$311,3,) -> LUCCA MENU | F24: =VLOOKUP(B24,Sheet3!$B$2:$E$311,4,) -> PRS | G24: 1 | H24: Kompensasi | I24: Lidia | J24: V
B25: BUAH ANGGUR | E25: =VLOOKUP(B25,Sheet3!$B$2:$E$311,3,) -> BAHAN BAKU LUUCA | F25: =VLOOKUP(B25,Sheet3!$B$2:$E$311,4,) -> GR | G25: 37.5 | H25: Tangkai | I25: Lidia | J25: V
A26: 46179 | B26: BUAH KIWI | E26: =VLOOKUP(B26,Sheet3!$B$2:$E$311,3,) -> BAHAN BAKU LUUCA | F26: =VLOOKUP(B26,Sheet3!$B$2:$E$311,4,) -> GR | G26: 73.2 | H26: Kulit | I26: Allif | J26: V
B27: BUAH KIWI | E27: =VLOOKUP(B27,Sheet3!$B$2:$E$311,3,) -> BAHAN BAKU LUUCA | F27: =VLOOKUP(B27,Sheet3!$B$2:$E$311,4,) -> GR | G27: 68 | H27: Busuk | I27: Alif | J27: V
B28: BUAH STRAWBERRY | E28: =VLOOKUP(B28,Sheet3!$B$2:$E$311,3,) -> BAHAN BAKU LUUCA | F28: =VLOOKUP(B28,Sheet3!$B$2:$E$311,4,) -> GR | G28: 12.9 | H28: Daun | I28: Tian | J28: V
B29: BUAH STRAWBERRY | E29: =VLOOKUP(B29,Sheet3!$B$2:$E$311,3,) -> BAHAN BAKU LUUCA | F29: =VLOOKUP(B29,Sheet3!$B$2:$E$311,4,) -> GR | G29: 39.7 | H29: Daun | I29: Tian | J29: V
B30: BUAH LONGAN 565GR | E30: =VLOOKUP(B30,Sheet3!$B$2:$E$311,3,) -> BAHAN BAKU LUUCA | F30: =VLOOKUP(B30,Sheet3!$B$2:$E$311,4,) -> GR | G30: 1137 | H30: Air | I30: Lidia | J30: V
B31: NATA DE COCO KARA 1KGX6 | E31: =VLOOKUP(B31,Sheet3!$B$2:$E$311,3,) -> BAHAN BAKU LUUCA | F31: =VLOOKUP(B31,Sheet3!$B$2:$E$311,4,) -> GR | G31: 1294 | H31: Air | I31: Tian | J31: V
A32: 46209 | B32: BUAH KIWI | E32: =VLOOKUP(B32,Sheet3!$B$2:$E$311,3,) -> BAHAN BAKU LUUCA | F32: =VLOOKUP(B32,Sheet3!$B$2:$E$311,4,) -> GR | G32: 78.9 | H32: Kulit | I32: Alif | J32: V
B33: BUAH STRAWBERRY | E33: =VLOOKUP(B33,Sheet3!$B$2:$E$311,3,) -> BAHAN BAKU LUUCA | F33: =VLOOKUP(B33,Sheet3!$B$2:$E$311,4,) -> GR | G33: 15.2 | H33: Daun | I33: Tian | J33: V
B34: BUAH LONGAN 565GR | E34: =VLOOKUP(B34,Sheet3!$B$2:$E$311,3,) -> BAHAN BAKU LUUCA | F34: =VLOOKUP(B34,Sheet3!$B$2:$E$311,4,) -> GR | G34: 404.7 | H34: Air | I34: Lidia | J34: V
A35: 46240 | B35: BUAH STRAWBERRY | E35: =VLOOKUP(B35,Sheet3!$B$2:$E$311,3,) -> BAHAN BAKU LUUCA | F35: =VLOOKUP(B35,Sheet3!$B$2:$E$311,4,) -> GR | G35: 5.7 | H35: Daun | I35: Alif | J35: V
B36: BUAH KIWI | E36: =VLOOKUP(B36,Sheet3!$B$2:$E$311,3,) -> BAHAN BAKU LUUCA | F36: =VLOOKUP(B36,Sheet3!$B$2:$E$311,4,) -> GR | G36: 51,9 | H36: Kulit | I36: Nickita | J36: V
B37: BUAH LONGAN 565GR | E37: =VLOOKUP(B37,Sheet3!$B$2:$E$311,3,) -> BAHAN BAKU LUUCA | F37: =VLOOKUP(B37,Sheet3!$B$2:$E$311,4,) -> GR | G37: 1072 | H37: Air | I37: Lidia | J37: V
A38: 46271 | B38: BUAH KIWI | E38: =VLOOKUP(B38,Sheet3!$B$2:$E$311,3,) -> BAHAN BAKU LUUCA | F38: =VLOOKUP(B38,Sheet3!$B$2:$E$311,4,) -> GR | G38: 91,2 | H38: Kulit | I38: Lidia | J38: V
B39: BUAH KIWI | E39: =VLOOKUP(B39,Sheet3!$B$2:$E$311,3,) -> BAHAN BAKU LUUCA | F39: =VLOOKUP(B39,Sheet3!$B$2:$E$311,4,) -> GR | G39: 39,5 | H39: Kulit | I39: Lidia | J39: V
B40: BUAH KIWI | E40: =VLOOKUP(B40,Sheet3!$B$2:$E$311,3,) -> BAHAN BAKU LUUCA | F40: =VLOOKUP(B40,Sheet3!$B$2:$E$311,4,) -> GR | G40: 32 | H40: Kulit | I40: Lidia | J40: V
A41: 46332 | B41: NATA DE COCO KARA 1KGX6 | E41: =VLOOKUP(B41,Sheet3!$B$2:$E$311,3,) -> BAHAN BAKU LUUCA | F41: =VLOOKUP(B41,Sheet3!$B$2:$E$311,4,) -> GR | G41: 343 | H41: Air | I41: Raka | J41: V
B42: BUAH STRAWBERRY | E42: =VLOOKUP(B41,Sheet3!$B$2:$E$311,3,) -> BAHAN BAKU LUUCA | F42: =VLOOKUP(B41,Sheet3!$B$2:$E$311,4,) -> GR | G42: 12,5 | H42: Daun | I42: Tian | J42: V
B43: BUAH KIWI | E43: =VLOOKUP(B43,Sheet3!$B$2:$E$311,3,) -> BAHAN BAKU LUUCA | F43: =VLOOKUP(B43,Sheet3!$B$2:$E$311,4,) -> GR | G43: 46,5 | H43: Kuilit | I43: Nickita | J43: V
B44: BUAH STRAWBERRY | E44: =VLOOKUP(B44,Sheet3!$B$2:$E$311,3,) -> BAHAN BAKU LUUCA | F44: =VLOOKUP(B44,Sheet3!$B$2:$E$311,4,) -> GR | G44: 40,2 | H44: Busuk | I44: Niclita | J44: V
A45: 46362 | B45: BUAH STRAWBERRY | E45: =VLOOKUP(B45,Sheet3!$B$2:$E$311,3,) -> BAHAN BAKU LUUCA | F45: =VLOOKUP(B45,Sheet3!$B$2:$E$311,4,) -> GR | G45: 85 | H45: Busuk | I45: Thia | J45: V
B46: BUAH STRAWBERRY | E46: =VLOOKUP(B46,Sheet3!$B$2:$E$311,3,) -> BAHAN BAKU LUUCA | F46: =VLOOKUP(B46,Sheet3!$B$2:$E$311,4,) -> GR | G46: 111,1 | H46: Busuk | I46: Thia | J46: V
B47: NATA DE COCO KARA 1KGX6 | E47: =VLOOKUP(B47,Sheet3!$B$2:$E$311,3,) -> BAHAN BAKU LUUCA | F47: =VLOOKUP(B47,Sheet3!$B$2:$E$311,4,) -> GR | G47: 756 | H47: Air | I47: Thia | J47: V
B48: BUAH STRAWBERRY | E48: =VLOOKUP(B48,Sheet3!$B$2:$E$311,3,) -> BAHAN BAKU LUUCA | F48: =VLOOKUP(B48,Sheet3!$B$2:$E$311,4,) -> GR | G48: 60,8 | H48: Busuk | I48: Raka | J48: V
B49: BUAH STRAWBERRY | E49: =VLOOKUP(B49,Sheet3!$B$2:$E$311,3,) -> BAHAN BAKU LUUCA | F49: =VLOOKUP(B49,Sheet3!$B$2:$E$311,4,) -> GR | G49: 12 | H49: Daun | I49: Raka | J49: V
B50: BUAH LONGAN 565GR | E50: =VLOOKUP(B50,Sheet3!$B$2:$E$311,3,) -> BAHAN BAKU LUUCA | F50: =VLOOKUP(B50,Sheet3!$B$2:$E$311,4,) -> GR | G50: 567,5 | H50: Air | I50: Raka | J50: V
B51: NATA DE COCO KARA 1KGX6 | E51: =VLOOKUP(B51,Sheet3!$B$2:$E$311,3,) -> BAHAN BAKU LUUCA | F51: =VLOOKUP(B51,Sheet3!$B$2:$E$311,4,) -> GR | G51: 670 | H51: Air | I51: Thia | J51: V
B52: BUAH ANGGUR | E52: =VLOOKUP(B52,Sheet3!$B$2:$E$311,3,) -> BAHAN BAKU LUUCA | F52: =VLOOKUP(B52,Sheet3!$B$2:$E$311,4,) -> GR | G52: 72,6 | H52: Busuk | I52: Raka | J52: V
B53: PEPERO ALMOND 32GR | E53: =VLOOKUP(B53,Sheet3!$B$2:$E$311,3,) -> BAHAN BAKU LUUCA | F53: PCS | G53: 7 | H53: Patah | I53: Raka | J53: V
B54: CUP PP 16OZ LUUCA | E54: =VLOOKUP(B54,Sheet3!$B$2:$E$311,3,) -> PACKAGING LUUCA | F54: =VLOOKUP(B54,Sheet3!$B$2:$E$311,4,) -> PCS | G54: 3 | H54: Kunsumsi tukang | I54: Lidia | J54: V
B55: SEDOTAN HITAM KECIL 250 PCS/PACK | E55: =VLOOKUP(B55,Sheet3!$B$2:$E$311,3,) -> PACKAGING LUUCA | F55: =VLOOKUP(B55,Sheet3!$B$2:$E$311,4,) -> PCS | G55: 3 | H55: Kunsumsi tukang | I55: Lidia | J55: V
B56: LID DOME PET | E56: =VLOOKUP(B56,Sheet3!$B$2:$E$311,3,) -> PACKAGING LUUCA | F56: =VLOOKUP(B56,Sheet3!$B$2:$E$311,4,) -> PCS | G56: 3 | H56: Kunsumsi tukang | I56: Lidia | J56: V
A57: 46186 | B57: BUAH STRAWBERRY | E57: =VLOOKUP(B57,Sheet3!$B$2:$E$311,3,) -> BAHAN BAKU LUUCA | F57: =VLOOKUP(B57,Sheet3!$B$2:$E$311,4,) -> GR | G57: 20 | H57: Daun | I57: Nickita | J57: V
B58: BUAH ANGGUR | E58: =VLOOKUP(B58,Sheet3!$B$2:$E$311,3,) -> BAHAN BAKU LUUCA | F58: =VLOOKUP(B58,Sheet3!$B$2:$E$311,4,) -> GR | G58: 15 | H58: Tangkai Anggur | I58: Nickita | J58: V
B59: BUAH ANGGUR | E59: =VLOOKUP(B59,Sheet3!$B$2:$E$311,3,) -> BAHAN BAKU LUUCA | F59: =VLOOKUP(B59,Sheet3!$B$2:$E$311,4,) -> GR | G59: 115,7 | H59: Busuk | I59: Nickita | J59: V
B60: NATA DE COCO KARA 1KGX6 | E60: =VLOOKUP(B60,Sheet3!$B$2:$E$311,3,) -> BAHAN BAKU LUUCA | F60: =VLOOKUP(B60,Sheet3!$B$2:$E$311,4,) -> GR | G60: 628,5 | H60: Air | I60: Niclita | J60: V
B61: WIP CHOCOLATE ICE CREAM | E61: =VLOOKUP(B61,Sheet3!$B$2:$E$311,3,) -> PRODUKSI STOK LUUCA | F61: =VLOOKUP(B61,Sheet3!$B$2:$E$311,4,) -> GR | G61: 3455,5 | H61: Terjatuh | I61: Raka | J61: V
B62: BUAH LONGAN 565GR | E62: =VLOOKUP(B62,Sheet3!$B$2:$E$311,3,) -> BAHAN BAKU LUUCA | F62: =VLOOKUP(B62,Sheet3!$B$2:$E$311,4,) -> GR | G62: 459,4 | H62: Air | I62: Lidia | J62: V
B63: BUAH KIWI | E63: =VLOOKUP(B63,Sheet3!$B$2:$E$311,3,) -> BAHAN BAKU LUUCA | F63: =VLOOKUP(B63,Sheet3!$B$2:$E$311,4,) -> GR | G63: 33,9 | H63: Busuk | I63: Lidia | J63: V
B64: BUAH ANGGUR | E64: =VLOOKUP(B64,Sheet3!$B$2:$E$311,3,) -> BAHAN BAKU LUUCA | F64: =VLOOKUP(B64,Sheet3!$B$2:$E$311,4,) -> GR | G64: 19 | H64: Busuk | I64: Nickita | J64: V
B65: BUAH KIWI | E65: =VLOOKUP(B65,Sheet3!$B$2:$E$311,3,) -> BAHAN BAKU LUUCA | F65: =VLOOKUP(B65,Sheet3!$B$2:$E$311,4,) -> GR | G65: 67,5 | H65: Kulit | I65: Nickita | J65: V
B66: BUAH KIWI | E66: =VLOOKUP(B66,Sheet3!$B$2:$E$311,3,) -> BAHAN BAKU LUUCA | F66: =VLOOKUP(B66,Sheet3!$B$2:$E$311,4,) -> GR | G66: 12,8 | H66: Busuk | I66: Nickita | J66: V
B67: BUAH KIWI | E67: =VLOOKUP(B67,Sheet3!$B$2:$E$311,3,) -> BAHAN BAKU LUUCA | F67: =VLOOKUP(B67,Sheet3!$B$2:$E$311,4,) -> GR | G67: 197,8 | H67: Busuk | I67: Nickita | J67: V
B68: BUAH ANGGUR | E68: =VLOOKUP(B68,Sheet3!$B$2:$E$311,3,) -> BAHAN BAKU LUUCA | F68: =VLOOKUP(B68,Sheet3!$B$2:$E$311,4,) -> GR | G68: 21,7 | H68: Tangkai | I68: Lidia | J68: V
B69: POCKY STRAWBERRY 45GR | E69: =VLOOKUP(B69,Sheet3!$B$2:$E$311,3,) -> BAHAN BAKU LUUCA | F69: =VLOOKUP(B69,Sheet3!$B$2:$E$311,4,) -> GR | G69: 2 | H69: Patah | I69: Lidia | J69: V
B70: BUAH STRAWBERRY | E70: =VLOOKUP(B70,Sheet3!$B$2:$E$311,3,) -> BAHAN BAKU LUUCA | F70: =VLOOKUP(B70,Sheet3!$B$2:$E$311,4,) -> GR | G70: 119,6 | H70: Busuk | I70: Lidia | J70: V
B71: NATA DE COCO KARA 1KGX6 | E71: =VLOOKUP(B71,Sheet3!$B$2:$E$311,3,) -> BAHAN BAKU LUUCA | F71: =VLOOKUP(B71,Sheet3!$B$2:$E$311,4,) -> GR | G71: 553,5 | H71: Air | I71: Lidia | J71: V
B72: BUAH KIWI | E72: =VLOOKUP(B72,Sheet3!$B$2:$E$311,3,) -> BAHAN BAKU LUUCA | F72: =VLOOKUP(B72,Sheet3!$B$2:$E$311,4,) -> GR | G72: 33,9 | H72: Busuk | I72: Lidia | J72: V
A73: 46187 | B73: BUAH STRAWBERRY | E73: =VLOOKUP(B73,Sheet3!$B$2:$E$311,3,) -> BAHAN BAKU LUUCA | F73: =VLOOKUP(B73,Sheet3!$B$2:$E$311,4,) -> GR | G73: 20,4 | H73: Daun | I73: Thia | J73: V
B74: BUAH LONGAN 565GR | E74: =VLOOKUP(B74,Sheet3!$B$2:$E$311,3,) -> BAHAN BAKU LUUCA | F74: =VLOOKUP(B74,Sheet3!$B$2:$E$311,4,) -> GR | G74: 720,5 | H74: Air | I74: Thia | J74: V
B75: BUAH STRAWBERRY | E75: =VLOOKUP(B75,Sheet3!$B$2:$E$311,3,) -> BAHAN BAKU LUUCA | F75: =VLOOKUP(B75,Sheet3!$B$2:$E$311,4,) -> GR | G75: 78,9 | H75: Daun | I75: Tian | J75: V
B76: BUAH LONGAN 565GR | E76: =VLOOKUP(B76,Sheet3!$B$2:$E$311,3,) -> BAHAN BAKU LUUCA | F76: =VLOOKUP(B76,Sheet3!$B$2:$E$311,4,) -> GR | G76: 311,6 | H76: Air | I76: Lidia | J76: V
B77: NATA DE COCO KARA 1KGX6 | E77: =VLOOKUP(B77,Sheet3!$B$2:$E$311,3,) -> BAHAN BAKU LUUCA | F77: =VLOOKUP(B77,Sheet3!$B$2:$E$311,4,) -> GR | G77: 905,5 | H77: Air | I77: Lidia | J77: V
B78: BUAH ANGGUR | E78: =VLOOKUP(B78,Sheet3!$B$2:$E$311,3,) -> BAHAN BAKU LUUCA | F78: =VLOOKUP(B78,Sheet3!$B$2:$E$311,4,) -> GR | G78: 15,5 | H78: Tangkai | I78: Lidia | J78: V
B79: BUAH ANGGUR | E79: =VLOOKUP(B79,Sheet3!$B$2:$E$311,3,) -> BAHAN BAKU LUUCA | F79: =VLOOKUP(B79,Sheet3!$B$2:$E$311,4,) -> GR | G79: 68,2 | H79: Busuk | I79: Lidia | J79: V
A80: 46188 | B80: BUAH STRAWBERRY | E80: =VLOOKUP(B80,Sheet3!$B$2:$E$311,3,) -> BAHAN BAKU LUUCA | F80: =VLOOKUP(B80,Sheet3!$B$2:$E$311,4,) -> GR | G80: 28,9 | H80: Daun | I80: Tian | J80: V
B81: BUAH KIWI | E81: =VLOOKUP(B81,Sheet3!$B$2:$E$311,3,) -> BAHAN BAKU LUUCA | F81: =VLOOKUP(B81,Sheet3!$B$2:$E$311,4,) -> GR | G81: 81 | H81: Kulit | I81: Raka | J81: V
A82: 46189 | B82: BUAH STRAWBERRY | E82: =VLOOKUP(B82,Sheet3!$B$2:$E$311,3,) -> BAHAN BAKU LUUCA | F82: =VLOOKUP(B82,Sheet3!$B$2:$E$311,4,) -> GR | G82: 8,5 | H82: Daun | I82: Thia | J82: V
B83: BUAH KIWI | E83: =VLOOKUP(B83,Sheet3!$B$2:$E$311,3,) -> BAHAN BAKU LUUCA | F83: =VLOOKUP(B83,Sheet3!$B$2:$E$311,4,) -> GR | G83: 27,6 | H83: Kulit | I83: Thia | J83: V
B84: NATA DE COCO KARA 1KGX6 | E84: =VLOOKUP(B84,Sheet3!$B$2:$E$311,3,) -> BAHAN BAKU LUUCA | F84: =VLOOKUP(B84,Sheet3!$B$2:$E$311,4,) -> GR | G84: 737,5 | H84: Air | I84: Thia | J84: V
B85: BUAH KIWI | E85: =VLOOKUP(B85,Sheet3!$B$2:$E$311,3,) -> BAHAN BAKU LUUCA | F85: =VLOOKUP(B85,Sheet3!$B$2:$E$311,4,) -> GR | G85: 82,1 | H85: Kulit | I85: Thia | J85: V
B86: BUAH LONGAN 565GR | E86: =VLOOKUP(B86,Sheet3!$B$2:$E$311,3,) -> BAHAN BAKU LUUCA | F86: =VLOOKUP(B86,Sheet3!$B$2:$E$311,4,) -> GR | G86: 340 | H86: Air | I86: Thia | J86: V
B87: BUAH STRAWBERRY | E87: =VLOOKUP(B87,Sheet3!$B$2:$E$311,3,) -> BAHAN BAKU LUUCA | F87: =VLOOKUP(B87,Sheet3!$B$2:$E$311,4,) -> GR | G87: 6,6 | H87: Daun | I87: Thia | J87: V
B88: NATA DE COCO KARA 1KGX6 | E88: =VLOOKUP(B88,Sheet3!$B$2:$E$311,3,) -> BAHAN BAKU LUUCA | F88: =VLOOKUP(B88,Sheet3!$B$2:$E$311,4,) -> GR | G88: 533 | H88: Air | I88: Thia | J88: V
B89: BUAH STRAWBERRY | E89: =VLOOKUP(B89,Sheet3!$B$2:$E$311,3,) -> BAHAN BAKU LUUCA | F89: =VLOOKUP(B89,Sheet3!$B$2:$E$311,4,) -> GR | G89: 21,1 | H89: Daun | I89: Nickita | J89: V
B90: BUAH KIWI | E90: =VLOOKUP(B90,Sheet3!$B$2:$E$311,3,) -> BAHAN BAKU LUUCA | F90: =VLOOKUP(B90,Sheet3!$B$2:$E$311,4,) -> GR | G90: 30,5 | H90: Kulit | I90: Nickita | J90: V
B91: BUAH LONGAN 565GR | E91: =VLOOKUP(B91,Sheet3!$B$2:$E$311,3,) -> BAHAN BAKU LUUCA | F91: =VLOOKUP(B91,Sheet3!$B$2:$E$311,4,) -> GR | G91: 714,5 | H91: Air | I91: Lidia | J91: V
A92: 46190 | B92: BUAH KIWI | E92: =VLOOKUP(B92,Sheet3!$B$2:$E$311,3,) -> BAHAN BAKU LUUCA | F92: =VLOOKUP(B92,Sheet3!$B$2:$E$311,4,) -> GR | G92: 54,6 | H92: Kulit | I92: Raka | J92: V
B93: PEPERO ALMOND 32GR | E93: =VLOOKUP(B93,Sheet3!$B$2:$E$311,3,) -> BAHAN BAKU LUUCA | F93: PCS | G93: 2 | H93: Patah | I93: Alif | J93: V
B94: BUAH STRAWBERRY | E94: =VLOOKUP(B94,Sheet3!$B$2:$E$311,3,) -> BAHAN BAKU LUUCA | F94: =VLOOKUP(B94,Sheet3!$B$2:$E$311,4,) -> GR | G94: 113,3 | H94: Busuk | I94: Lidia | J94: V
B95: BUAH ANGGUR | E95: =VLOOKUP(B95,Sheet3!$B$2:$E$311,3,) -> BAHAN BAKU LUUCA | F95: =VLOOKUP(B95,Sheet3!$B$2:$E$311,4,) -> GR | G95: 100 | H95: Busuk | I95: Lidia | J95: V
B96: BUAH ANGGUR | E96: =VLOOKUP(B96,Sheet3!$B$2:$E$311,3,) -> BAHAN BAKU LUUCA | F96: =VLOOKUP(B96,Sheet3!$B$2:$E$311,4,) -> GR | G96: 17,5 | H96: Tangkai | I96: Lidia | J96: V
B97: NATA DE COCO KARA 1KGX6 | E97: =VLOOKUP(B97,Sheet3!$B$2:$E$311,3,) -> BAHAN BAKU LUUCA | F97: =VLOOKUP(B97,Sheet3!$B$2:$E$311,4,) -> GR | G97: 792,5 | H97: Air | I97: Lidia | J97: V
B98: BUAH LONGAN 565GR | E98: =VLOOKUP(B98,Sheet3!$B$2:$E$311,3,) -> BAHAN BAKU LUUCA | F98: =VLOOKUP(B98,Sheet3!$B$2:$E$311,4,) -> GR | G98: 619 | H98: Air | I98: Lidia | J98: V
A99: 06/18/2026 | B99: NATA DE COCO KARA 1KGX6 | E99: =VLOOKUP(B99,Sheet3!$B$2:$E$311,3,) -> BAHAN BAKU LUUCA | F99: =VLOOKUP(B99,Sheet3!$B$2:$E$311,4,) -> GR | G99: 1044 | H99: Air | I99: Raka | J99: V
B100: BUAH KIWI | E100: =VLOOKUP(B100,Sheet3!$B$2:$E$311,3,) -> BAHAN BAKU LUUCA | F100: =VLOOKUP(B100,Sheet3!$B$2:$E$311,4,) -> GR | G100: 66,6 | H100: Kulit | I100: Raka | J100: V
...

Sheet JULI 2026
A1: FORM ADJUSTMENT
A2: PT. KREASI LIMA CAHAYA
A3: LUUCA CILEDUG
A4: BULAN, TAHUN: Juli 2026
A6: TANGGAL | B6: NAMA PRODUK | C6: KODE CSA | D6: JENIS | E6: JUMLAH | F6: SATUAN CSA | G6: ALASAN WASTE | H6: USER | I6: KATEGORI | J6: AUDIT
A7: 46204 | B7: BUAH KIWI | C7: =IFERROR(VLOOKUP(B7,'MASTER DATA'!$A$1:$E$212,2,FALSE),"") -> BB-100502 | D7: =IFERROR(VLOOKUP(B7,'MASTER DATA'!$A$1:$E$212,5,FALSE),"") -> BAHAN BAKU LUUCA | E7: 44,2 | F7: =IFERROR(VLOOKUP(B7,'MASTER DATA'!$A$1:$E$212,4,FALSE),"") -> GR | G7: Kulit | H7: Raka | I7: Waste | J7: TRUE
B8: NATA DE COCO KARA 1KGX6 | C8: =IFERROR(VLOOKUP(B8,'MASTER DATA'!$A$1:$E$212,2,FALSE),"") -> BB-100023 | D8: =IFERROR(VLOOKUP(B8,'MASTER DATA'!$A$1:$E$212,5,FALSE),"") -> BAHAN BAKU LUUCA | E8: 781,5 | F8: =IFERROR(VLOOKUP(B8,'MASTER DATA'!$A$1:$E$212,4,FALSE),"") -> GR | G8: Air | H8: Raka | I8: Waste | J8: TRUE
B9: BUAH LONGAN 565GR | C9: =IFERROR(VLOOKUP(B9,'MASTER DATA'!$A$1:$E$212,2,FALSE),"") -> BB-100022 | D9: =IFERROR(VLOOKUP(B9,'MASTER DATA'!$A$1:$E$212,5,FALSE),"") -> BAHAN BAKU LUUCA | E9: 977 | F9: =IFERROR(VLOOKUP(B9,'MASTER DATA'!$A$1:$E$212,4,FALSE),"") -> GR | G9: Air | H9: Raka | I9: Waste | J9: TRUE
B10: BUAH STRAWBERRY | C10: =IFERROR(VLOOKUP(B10,'MASTER DATA'!$A$1:$E$212,2,FALSE),"") -> BB-100500 | D10: =IFERROR(VLOOKUP(B10,'MASTER DATA'!$A$1:$E$212,5,FALSE),"") -> BAHAN BAKU LUUCA | E10: 24,2 | F10: =IFERROR(VLOOKUP(B10,'MASTER DATA'!$A$1:$E$212,4,FALSE),"") -> GR | G10: Daun | H10: Raka | I10: Waste | J10: TRUE
B11: TELUR LUUCA | C11: =IFERROR(VLOOKUP(B11,'MASTER DATA'!$A$1:$E$212,2,FALSE),"") -> BB-100517 | D11: =IFERROR(VLOOKUP(B11,'MASTER DATA'!$A$1:$E$212,5,FALSE),"") -> PRODUKSI STOK LUUCA | E11: 1 | F11: =IFERROR(VLOOKUP(B11,'MASTER DATA'!$A$1:$E$212,4,FALSE),"") -> PCS | G11: Putih telur | H11: Thia | I11: Waste | J11: TRUE
B12: BUAH KIWI | C12: =IFERROR(VLOOKUP(B12,'MASTER DATA'!$A$1:$E$212,2,FALSE),"") -> BB-100502 | D12: =IFERROR(VLOOKUP(B12,'MASTER DATA'!$A$1:$E$212,5,FALSE),"") -> BAHAN BAKU LUUCA | E12: 91,9 | F12: =IFERROR(VLOOKUP(B12,'MASTER DATA'!$A$1:$E$212,4,FALSE),"") -> GR | G12: Kulit | H12: Raka | I12: Waste | J12: TRUE
B13: BUAH ANGGUR | C13: =IFERROR(VLOOKUP(B13,'MASTER DATA'!$A$1:$E$212,2,FALSE),"") -> BB-100501 | D13: =IFERROR(VLOOKUP(B13,'MASTER DATA'!$A$1:$E$212,5,FALSE),"") -> BAHAN BAKU LUUCA | E13: 13,1 | F13: =IFERROR(VLOOKUP(B13,'MASTER DATA'!$A$1:$E$212,4,FALSE),"") -> GR | G13: Tangkai | H13: Raka | I13: Waste | J13: TRUE
A14: 46205 | B14: BUAH STRAWBERRY | C14: =IFERROR(VLOOKUP(B14,'MASTER DATA'!$A$1:$E$212,2,FALSE),"") -> BB-100500 | D14: =IFERROR(VLOOKUP(B14,'MASTER DATA'!$A$1:$E$212,5,FALSE),"") -> BAHAN BAKU LUUCA | E14: 6,2 | F14: =IFERROR(VLOOKUP(B14,'MASTER DATA'!$A$1:$E$212,4,FALSE),"") -> GR | G14: Busuk | H14: Ags | I14: Spoil | J14: TRUE
B15: BUAH STRAWBERRY | C15: =IFERROR(VLOOKUP(B15,'MASTER DATA'!$A$1:$E$212,2,FALSE),"") -> BB-100500 | D15: =IFERROR(VLOOKUP(B15,'MASTER DATA'!$A$1:$E$212,5,FALSE),"") -> BAHAN BAKU LUUCA | E15: 8,5 | F15: =IFERROR(VLOOKUP(B15,'MASTER DATA'!$A$1:$E$212,4,FALSE),"") -> GR | G15: Kulit | H15: Alif | I15: Waste | J15: TRUE
A16: 46206 | B16: BUAH STRAWBERRY | C16: =IFERROR(VLOOKUP(B16,'MASTER DATA'!$A$1:$E$212,2,FALSE),"") -> BB-100500 | D16: =IFERROR(VLOOKUP(B16,'MASTER DATA'!$A$1:$E$212,5,FALSE),"") -> BAHAN BAKU LUUCA | E16: 75,8 | F16: =IFERROR(VLOOKUP(B16,'MASTER DATA'!$A$1:$E$212,4,FALSE),"") -> GR | G16: Busuk | H16: Lidia | I16: Spoil | J16: TRUE
B17: BUAH ANGGUR | C17: =IFERROR(VLOOKUP(B17,'MASTER DATA'!$A$1:$E$212,2,FALSE),"") -> BB-100501 | D17: =IFERROR(VLOOKUP(B17,'MASTER DATA'!$A$1:$E$212,5,FALSE),"") -> BAHAN BAKU LUUCA | E17: 30,8 | F17: =IFERROR(VLOOKUP(B17,'MASTER DATA'!$A$1:$E$212,4,FALSE),"") -> GR | G17: Tangkai | H17: Lidia | I17: Waste | J17: TRUE
A18: 46207 | B18: BUAH STRAWBERRY | C18: =IFERROR(VLOOKUP(B18,'MASTER DATA'!$A$1:$E$212,2,FALSE),"") -> BB-100500 | D18: =IFERROR(VLOOKUP(B18,'MASTER DATA'!$A$1:$E$212,5,FALSE),"") -> BAHAN BAKU LUUCA | E18: 13,9 | F18: =IFERROR(VLOOKUP(B18,'MASTER DATA'!$A$1:$E$212,4,FALSE),"") -> GR | G18: Daun | H18: Thia | I18: Waste | J18: TRUE
B19: BUAH LONGAN 565GR | C19: =IFERROR(VLOOKUP(B19,'MASTER DATA'!$A$1:$E$212,2,FALSE),"") -> BB-100022 | D19: =IFERROR(VLOOKUP(B19,'MASTER DATA'!$A$1:$E$212,5,FALSE),"") -> BAHAN BAKU LUUCA | E19: 674 | F19: =IFERROR(VLOOKUP(B19,'MASTER DATA'!$A$1:$E$212,4,FALSE),"") -> GR | G19: Air | H19: Thia | I19: Waste | J19: TRUE
B20: NATA DE COCO KARA 1KGX6 | C20: =IFERROR(VLOOKUP(B20,'MASTER DATA'!$A$1:$E$212,2,FALSE),"") -> BB-100023 | D20: =IFERROR(VLOOKUP(B20,'MASTER DATA'!$A$1:$E$212,5,FALSE),"") -> BAHAN BAKU LUUCA | E20: 360 | F20: =IFERROR(VLOOKUP(B20,'MASTER DATA'!$A$1:$E$212,4,FALSE),"") -> GR | G20: Air | H20: Thia | I20: Waste | J20: TRUE
B21: BUAH KIWI | C21: =IFERROR(VLOOKUP(B21,'MASTER DATA'!$A$1:$E$212,2,FALSE),"") -> BB-100502 | D21: =IFERROR(VLOOKUP(B21,'MASTER DATA'!$A$1:$E$212,5,FALSE),"") -> BAHAN BAKU LUUCA | E21: 40 | F21: =IFERROR(VLOOKUP(B21,'MASTER DATA'!$A$1:$E$212,4,FALSE),"") -> GR | G21: Kulit | H21: Thia | I21: Waste | J21: TRUE
B22: NATA DE COCO KARA 1KGX6 | C22: =IFERROR(VLOOKUP(B22,'MASTER DATA'!$A$1:$E$212,2,FALSE),"") -> BB-100023 | D22: =IFERROR(VLOOKUP(B22,'MASTER DATA'!$A$1:$E$212,5,FALSE),"") -> BAHAN BAKU LUUCA | E22: 418,3 | F22: =IFERROR(VLOOKUP(B22,'MASTER DATA'!$A$1:$E$212,4,FALSE),"") -> GR | G22: Air | H22: Thia | I22: Waste | J22: TRUE
B23: BUAH KIWI | C23: =IFERROR(VLOOKUP(B23,'MASTER DATA'!$A$1:$E$212,2,FALSE),"") -> BB-100502 | D23: =IFERROR(VLOOKUP(B23,'MASTER DATA'!$A$1:$E$212,5,FALSE),"") -> BAHAN BAKU LUUCA | E23: 21,7 | F23: =IFERROR(VLOOKUP(B23,'MASTER DATA'!$A$1:$E$212,4,FALSE),"") -> GR | G23: Kulit | H23: Thia | I23: Waste | J23: TRUE
B24: NATA DE COCO KARA 1KGX6 | C24: =IFERROR(VLOOKUP(B24,'MASTER DATA'!$A$1:$E$212,2,FALSE),"") -> BB-100023 | D24: =IFERROR(VLOOKUP(B24,'MASTER DATA'!$A$1:$E$212,5,FALSE),"") -> BAHAN BAKU LUUCA | E24: 404,8 | F24: =IFERROR(VLOOKUP(B24,'MASTER DATA'!$A$1:$E$212,4,FALSE),"") -> GR | G24: Air | H24: Alif | I24: Waste | J24: TRUE
B25: BUAH KIWI | C25: =IFERROR(VLOOKUP(B25,'MASTER DATA'!$A$1:$E$212,2,FALSE),"") -> BB-100502 | D25: =IFERROR(VLOOKUP(B25,'MASTER DATA'!$A$1:$E$212,5,FALSE),"") -> BAHAN BAKU LUUCA | E25: =55.3+42 -> 97.3 | F25: =IFERROR(VLOOKUP(B25,'MASTER DATA'!$A$1:$E$212,4,FALSE),"") -> GR | G25: Kulit | H25: Lidia | I25: Waste | J25: TRUE
B26: BUAH STRAWBERRY | C26: =IFERROR(VLOOKUP(B26,'MASTER DATA'!$A$1:$E$212,2,FALSE),"") -> BB-100500 | D26: =IFERROR(VLOOKUP(B26,'MASTER DATA'!$A$1:$E$212,5,FALSE),"") -> BAHAN BAKU LUUCA | E26: 86,9 | F26: =IFERROR(VLOOKUP(B26,'MASTER DATA'!$A$1:$E$212,4,FALSE),"") -> GR | G26: Daun | H26: Lidia | I26: Waste | J26: TRUE
A27: 46208 | B27: BUAH STRAWBERRY | C27: =IFERROR(VLOOKUP(B27,'MASTER DATA'!$A$1:$E$212,2,FALSE),"") -> BB-100500 | D27: =IFERROR(VLOOKUP(B27,'MASTER DATA'!$A$1:$E$212,5,FALSE),"") -> BAHAN BAKU LUUCA | E27: 31,8 | F27: =IFERROR(VLOOKUP(B27,'MASTER DATA'!$A$1:$E$212,4,FALSE),"") -> GR | G27: Daun | H27: Tian | I27: Waste | J27: TRUE
B28: BUAH LONGAN 565GR | C28: =IFERROR(VLOOKUP(B28,'MASTER DATA'!$A$1:$E$212,2,FALSE),"") -> BB-100022 | D28: =IFERROR(VLOOKUP(B28,'MASTER DATA'!$A$1:$E$212,5,FALSE),"") -> BAHAN BAKU LUUCA | E28: 523 | F28: =IFERROR(VLOOKUP(B28,'MASTER DATA'!$A$1:$E$212,4,FALSE),"") -> GR | G28: Air | H28: Lidia | I28: Waste | J28: TRUE
B29: BUAH ANGGUR | C29: =IFERROR(VLOOKUP(B29,'MASTER DATA'!$A$1:$E$212,2,FALSE),"") -> BB-100501 | D29: =IFERROR(VLOOKUP(B29,'MASTER DATA'!$A$1:$E$212,5,FALSE),"") -> BAHAN BAKU LUUCA | E29: 21,3 | F29: =IFERROR(VLOOKUP(B29,'MASTER DATA'!$A$1:$E$212,4,FALSE),"") -> GR | G29: Tangkai | H29: Lidia | I29: Waste | J29: TRUE
B30: BUAH ANGGUR | C30: =IFERROR(VLOOKUP(B30,'MASTER DATA'!$A$1:$E$212,2,FALSE),"") -> BB-100501 | D30: =IFERROR(VLOOKUP(B30,'MASTER DATA'!$A$1:$E$212,5,FALSE),"") -> BAHAN BAKU LUUCA | E30: 71,2 | F30: =IFERROR(VLOOKUP(B30,'MASTER DATA'!$A$1:$E$212,4,FALSE),"") -> GR | G30: Busuk | H30: Lidia | I30: Spoil | J30: TRUE
B31: BUAH STRAWBERRY | C31: =IFERROR(VLOOKUP(B31,'MASTER DATA'!$A$1:$E$212,2,FALSE),"") -> BB-100500 | D31: =IFERROR(VLOOKUP(B31,'MASTER DATA'!$A$1:$E$212,5,FALSE),"") -> BAHAN BAKU LUUCA | E31: 60,5 | F31: =IFERROR(VLOOKUP(B31,'MASTER DATA'!$A$1:$E$212,4,FALSE),"") -> GR | G31: Busuk | H31: Lidia | I31: Spoil | J31: TRUE
B32: WIP - Filling Biscotti Crema | C32: =IFERROR(VLOOKUP(B32,'MASTER DATA'!$A$1:$E$212,2,FALSE),"") -> P006-009 | D32: =IFERROR(VLOOKUP(B32,'MASTER DATA'!$A$1:$E$212,5,FALSE),"") -> PRODUKSI STOK LUUCA | E32: 309,1 | F32: =IFERROR(VLOOKUP(B32,'MASTER DATA'!$A$1:$E$212,4,FALSE),"") -> GR | G32: Rasa Terkontaminasi | H32: Lidia | I32: Spoil | J32: TRUE
A33: 46209 | B33: NATA DE COCO KARA 1KGX6 | C33: =IFERROR(VLOOKUP(B33,'MASTER DATA'!$A$1:$E$212,2,FALSE),"") -> BB-100023 | D33: =IFERROR(VLOOKUP(B33,'MASTER DATA'!$A$1:$E$212,5,FALSE),"") -> BAHAN BAKU LUUCA | E33: 443,1 | F33: =IFERROR(VLOOKUP(B33,'MASTER DATA'!$A$1:$E$212,4,FALSE),"") -> GR | G33: Air | H33: Lidia | I33: Waste | J33: TRUE
B34: BUAH LONGAN 565GR | C34: =IFERROR(VLOOKUP(B34,'MASTER DATA'!$A$1:$E$212,2,FALSE),"") -> BB-100022 | D34: =IFERROR(VLOOKUP(B34,'MASTER DATA'!$A$1:$E$212,5,FALSE),"") -> BAHAN BAKU LUUCA | E34: 631,5 | F34: =IFERROR(VLOOKUP(B34,'MASTER DATA'!$A$1:$E$212,4,FALSE),"") -> GR | G34: Air | H34: Lidia | I34: Waste | J34: TRUE
B35: BUAH KIWI | C35: =IFERROR(VLOOKUP(B35,'MASTER DATA'!$A$1:$E$212,2,FALSE),"") -> BB-100502 | D35: =IFERROR(VLOOKUP(B35,'MASTER DATA'!$A$1:$E$212,5,FALSE),"") -> BAHAN BAKU LUUCA | E35: 131,3 | F35: =IFERROR(VLOOKUP(B35,'MASTER DATA'!$A$1:$E$212,4,FALSE),"") -> GR | G35: Kulit | H35: Lidia | I35: Waste | J35: TRUE
B36: BUAH STRAWBERRY | C36: =IFERROR(VLOOKUP(B36,'MASTER DATA'!$A$1:$E$212,2,FALSE),"") -> BB-100500 | D36: =IFERROR(VLOOKUP(B36,'MASTER DATA'!$A$1:$E$212,5,FALSE),"") -> BAHAN BAKU LUUCA | E36: 8,1 | F36: =IFERROR(VLOOKUP(B36,'MASTER DATA'!$A$1:$E$212,4,FALSE),"") -> GR | G36: Daun | H36: Tian | I36: Waste | J36: TRUE
B37: NATA DE COCO KARA 1KGX6 | C37: =IFERROR(VLOOKUP(B37,'MASTER DATA'!$A$1:$E$212,2,FALSE),"") -> BB-100023 | D37: =IFERROR(VLOOKUP(B37,'MASTER DATA'!$A$1:$E$212,5,FALSE),"") -> BAHAN BAKU LUUCA | E37: 314,5 | F37: =IFERROR(VLOOKUP(B37,'MASTER DATA'!$A$1:$E$212,4,FALSE),"") -> GR | G37: Air | H37: Tian | I37: Waste | J37: TRUE
B38: BUAH STRAWBERRY | C38: =IFERROR(VLOOKUP(B38,'MASTER DATA'!$A$1:$E$212,2,FALSE),"") -> BB-100500 | D38: =IFERROR(VLOOKUP(B38,'MASTER DATA'!$A$1:$E$212,5,FALSE),"") -> BAHAN BAKU LUUCA | E38: 10.5 | F38: =IFERROR(VLOOKUP(B38,'MASTER DATA'!$A$1:$E$212,4,FALSE),"") -> GR | G38: Daun | H38: Ags | I38: Waste | J38: TRUE
B39: BUAH STRAWBERRY | C39: =IFERROR(VLOOKUP(B39,'MASTER DATA'!$A$1:$E$212,2,FALSE),"") -> BB-100500 | D39: =IFERROR(VLOOKUP(B39,'MASTER DATA'!$A$1:$E$212,5,FALSE),"") -> BAHAN BAKU LUUCA | E39: 3.6 | F39: =IFERROR(VLOOKUP(B39,'MASTER DATA'!$A$1:$E$212,4,FALSE),"") -> GR | G39: Busuk | H39: Ags | I39: Spoil | J39: TRUE
A40: 46210 | B40: NATA DE COCO KARA 1KGX6 | C40: =IFERROR(VLOOKUP(B40,'MASTER DATA'!$A$1:$E$212,2,FALSE),"") -> BB-100023 | D40: =IFERROR(VLOOKUP(B40,'MASTER DATA'!$A$1:$E$212,5,FALSE),"") -> BAHAN BAKU LUUCA | E40: 618,5 | F40: =IFERROR(VLOOKUP(B40,'MASTER DATA'!$A$1:$E$212,4,FALSE),"") -> GR | G40: Air | H40: Raka | I40: Waste | J40: TRUE
B41: WAFFLE CONE | C41: =IFERROR(VLOOKUP(B41,'MASTER DATA'!$A$1:$E$212,2,FALSE),"") -> BB-100024 | D41: =IFERROR(VLOOKUP(B41,'MASTER DATA'!$A$1:$E$212,5,FALSE),"") -> PRODUKSI STOK LUUCA | E41: 2 | F41: =IFERROR(VLOOKUP(B41,'MASTER DATA'!$A$1:$E$212,4,FALSE),"") -> PCS | G41: Training | H41: Raka | I41: Training | J41: TRUE
B42: SLEEVE CONE - LUUCA | C42: =IFERROR(VLOOKUP(B42,'MASTER DATA'!$A$1:$E$212,2,FALSE),"") -> BB-100025 | D42: =IFERROR(VLOOKUP(B42,'MASTER DATA'!$A$1:$E$212,5,FALSE),"") -> PRODUKSI STOK LUUCA | E42: 2 | F42: =IFERROR(VLOOKUP(B42,'MASTER DATA'!$A$1:$E$212,4,FALSE),"") -> PCS | G42: Training | H42: Raka | I42: Training | J42: TRUE
B43: BUAH KIWI | C43: =IFERROR(VLOOKUP(B43,'MASTER DATA'!$A$1:$E$212,2,FALSE),"") -> BB-100502 | D43: =IFERROR(VLOOKUP(B43,'MASTER DATA'!$A$1:$E$212,5,FALSE),"") -> BAHAN BAKU LUUCA | E43: 70,8 | F43: =IFERROR(VLOOKUP(B43,'MASTER DATA'!$A$1:$E$212,4,FALSE),"") -> GR | G43: Kulit | H43: Raka | I43: Waste | J43: TRUE
B44: BUAH STRAWBERRY | C44: =IFERROR(VLOOKUP(B44,'MASTER DATA'!$A$1:$E$212,2,FALSE),"") -> BB-100500 | D44: =IFERROR(VLOOKUP(B44,'MASTER DATA'!$A$1:$E$212,5,FALSE),"") -> BAHAN BAKU LUUCA | E44: 11,3 | F44: =IFERROR(VLOOKUP(B44,'MASTER DATA'!$A$1:$E$212,4,FALSE),"") -> GR | G44: Daun | H44: Raka | I44: Waste | J44: TRUE
A45: 46211 | B45: BUAH KIWI | C45: =IFERROR(VLOOKUP(B45,'MASTER DATA'!$A$1:$E$212,2,FALSE),"") -> BB-100502 | D45: =IFERROR(VLOOKUP(B45,'MASTER DATA'!$A$1:$E$212,5,FALSE),"") -> BAHAN BAKU LUUCA | E45: 22 | F45: =IFERROR(VLOOKUP(B45,'MASTER DATA'!$A$1:$E$212,4,FALSE),"") -> GR | G45: Busuk | H45: Fatur | I45: Spoil | J45: TRUE
A46: 46212 | B46: BUAH KIWI | C46: =IFERROR(VLOOKUP(B46,'MASTER DATA'!$A$1:$E$212,2,FALSE),"") -> BB-100502 | D46: =IFERROR(VLOOKUP(B46,'MASTER DATA'!$A$1:$E$212,5,FALSE),"") -> BAHAN BAKU LUUCA | E46: 41,5 | F46: =IFERROR(VLOOKUP(B46,'MASTER DATA'!$A$1:$E$212,4,FALSE),"") -> GR | G46: Kulit | H46: Raka | I46: Waste | J46: TRUE
B47: BUAH STRAWBERRY | C47: =IFERROR(VLOOKUP(B47,'MASTER DATA'!$A$1:$E$212,2,FALSE),"") -> BB-100500 | D47: =IFERROR(VLOOKUP(B47,'MASTER DATA'!$A$1:$E$212,5,FALSE),"") -> BAHAN BAKU LUUCA | E47: 6,8 | F47: =IFERROR(VLOOKUP(B47,'MASTER DATA'!$A$1:$E$212,4,FALSE),"") -> GR | G47: Daun | H47: Raka | I47: Waste | J47: TRUE
B48: COFFEE BEANS - LUUCA | C48: =IFERROR(VLOOKUP(B48,'MASTER DATA'!$A$1:$E$212,2,FALSE),"") -> BB-100400 | D48: =IFERROR(VLOOKUP(B48,'MASTER DATA'!$A$1:$E$212,5,FALSE),"") -> BAHAN BAKU LUUCA | E48: 18 | F48: =IFERROR(VLOOKUP(B48,'MASTER DATA'!$A$1:$E$212,4,FALSE),"") -> GR | G48: Kalibrasi | H48: Tian | I48: Test food/kalibrasi | J48: TRUE
B49: BUAH STRAWBERRY | C49: =IFERROR(VLOOKUP(B49,'MASTER DATA'!$A$1:$E$212,2,FALSE),"") -> BB-100500 | D49: =IFERROR(VLOOKUP(B49,'MASTER DATA'!$A$1:$E$212,5,FALSE),"") -> BAHAN BAKU LUUCA | E49: 15,8 | F49: =IFERROR(VLOOKUP(B49,'MASTER DATA'!$A$1:$E$212,4,FALSE),"") -> GR | G49: Daun | H49: Fatur | I49: Waste | J49: TRUE
B50: NATA DE COCO KARA 1KGX6 | C50: =IFERROR(VLOOKUP(B50,'MASTER DATA'!$A$1:$E$212,2,FALSE),"") -> BB-100023 | D50: =IFERROR(VLOOKUP(B50,'MASTER DATA'!$A$1:$E$212,5,FALSE),"") -> BAHAN BAKU LUUCA | E50: 561,5 | F50: =IFERROR(VLOOKUP(B50,'MASTER DATA'!$A$1:$E$212,4,FALSE),"") -> GR | G50: Air | H50: Fatur | I50: Waste | J50: TRUE
B51: BUAH LONGAN 565GR | C51: =IFERROR(VLOOKUP(B51,'MASTER DATA'!$A$1:$E$212,2,FALSE),"") -> BB-100022 | D51: =IFERROR(VLOOKUP(B51,'MASTER DATA'!$A$1:$E$212,5,FALSE),"") -> BAHAN BAKU LUUCA | E51: 328,8 | F51: =IFERROR(VLOOKUP(B51,'MASTER DATA'!$A$1:$E$212,4,FALSE),"") -> GR | G51: Air | H51: Fatur | I51: Waste | J51: TRUE
B52: WIP STRAWBERRY ICE CREAM | C52: =IFERROR(VLOOKUP(B52,'MASTER DATA'!$A$1:$E$212,2,FALSE),"") -> P006-004 | D52: =IFERROR(VLOOKUP(B52,'MASTER DATA'!$A$1:$E$212,5,FALSE),"") -> PRODUKSI STOK LUUCA | E52: 1372 | F52: =IFERROR(VLOOKUP(B52,'MASTER DATA'!$A$1:$E$212,4,FALSE),"") -> GR | G52: Ganti Varian | H52: Lidia | I52: Spoil | J52: TRUE
A53: 46213 | B53: BUAH ANGGUR | C53: =IFERROR(VLOOKUP(B53,'MASTER DATA'!$A$1:$E$212,2,FALSE),"") -> BB-100501 | D53: =IFERROR(VLOOKUP(B53,'MASTER DATA'!$A$1:$E$212,5,FALSE),"") -> BAHAN BAKU LUUCA | E53: 10,2 | F53: =IFERROR(VLOOKUP(B53,'MASTER DATA'!$A$1:$E$212,4,FALSE),"") -> GR | G53: Tangkai | H53: Lidia | I53: Waste | J53: TRUE
B54: BUAH ANGGUR | C54: =IFERROR(VLOOKUP(B54,'MASTER DATA'!$A$1:$E$212,2,FALSE),"") -> BB-100501 | D54: =IFERROR(VLOOKUP(B54,'MASTER DATA'!$A$1:$E$212,5,FALSE),"") -> BAHAN BAKU LUUCA | E54: 47,4 | F54: =IFERROR(VLOOKUP(B54,'MASTER DATA'!$A$1:$E$212,4,FALSE),"") -> GR | G54: Busuk | H54: Lidia | I54: Spoil | J54: TRUE
A55: 46214 | B55: BUAH KIWI | C55: =IFERROR(VLOOKUP(B55,'MASTER DATA'!$A$1:$E$212,2,FALSE),"") -> BB-100502 | D55: =IFERROR(VLOOKUP(B55,'MASTER DATA'!$A$1:$E$212,5,FALSE),"") -> BAHAN BAKU LUUCA | E55: 65 | F55: =IFERROR(VLOOKUP(B55,'MASTER DATA'!$A$1:$E$212,4,FALSE),"") -> GR | G55: Kulit | H55: Alif | I55: Waste | J55: TRUE
B56: NATA DE COCO KARA 1KGX6 | C56: =IFERROR(VLOOKUP(B56,'MASTER DATA'!$A$1:$E$212,2,FALSE),"") -> BB-100023 | D56: =IFERROR(VLOOKUP(B56,'MASTER DATA'!$A$1:$E$212,5,FALSE),"") -> BAHAN BAKU LUUCA | E56: 523,5 | F56: =IFERROR(VLOOKUP(B56,'MASTER DATA'!$A$1:$E$212,4,FALSE),"") -> GR | G56: Air | H56: Alif | I56: Waste | J56: TRUE
B57: BUAH STRAWBERRY | C57: =IFERROR(VLOOKUP(B57,'MASTER DATA'!$A$1:$E$212,2,FALSE),"") -> BB-100500 | D57: =IFERROR(VLOOKUP(B57,'MASTER DATA'!$A$1:$E$212,5,FALSE),"") -> BAHAN BAKU LUUCA | E57: 30 | F57: =IFERROR(VLOOKUP(B57,'MASTER DATA'!$A$1:$E$212,4,FALSE),"") -> GR | G57: Kulit | H57: Fatur | I57: Waste | J57: TRUE
B58: NATA DE COCO KARA 1KGX6 | C58: =IFERROR(VLOOKUP(B58,'MASTER DATA'!$A$1:$E$212,2,FALSE),"") -> BB-100023 | D58: =IFERROR(VLOOKUP(B58,'MASTER DATA'!$A$1:$E$212,5,FALSE),"") -> BAHAN BAKU LUUCA | E58: 535,5 | F58: =IFERROR(VLOOKUP(B58,'MASTER DATA'!$A$1:$E$212,4,FALSE),"") -> GR | G58: Air | H58: Alif | I58: Waste | J58: TRUE
B59: BUAH KIWI | C59: =IFERROR(VLOOKUP(B59,'MASTER DATA'!$A$1:$E$212,2,FALSE),"") -> BB-100502 | D59: =IFERROR(VLOOKUP(B59,'MASTER DATA'!$A$1:$E$212,5,FALSE),"") -> BAHAN BAKU LUUCA | E59: 98,7 | F59: =IFERROR(VLOOKUP(B59,'MASTER DATA'!$A$1:$E$212,4,FALSE),"") -> GR | G59: Kulit | H59: Fatur | I59: Waste | J59: TRUE
B60: BUAH LONGAN 565GR | C60: =IFERROR(VLOOKUP(B60,'MASTER DATA'!$A$1:$E$212,2,FALSE),"") -> BB-100022 | D60: =IFERROR(VLOOKUP(B60,'MASTER DATA'!$A$1:$E$212,5,FALSE),"") -> BAHAN BAKU LUUCA | E60: 599 | F60: =IFERROR(VLOOKUP(B60,'MASTER DATA'!$A$1:$E$212,4,FALSE),"") -> GR | G60: Air | H60: Raka | I60: Waste | J60: TRUE
A61: 46215 | B61: BUAH ANGGUR | C61: =IFERROR(VLOOKUP(B61,'MASTER DATA'!$A$1:$E$212,2,FALSE),"") -> BB-100501 | D61: =IFERROR(VLOOKUP(B61,'MASTER DATA'!$A$1:$E$212,5,FALSE),"") -> BAHAN BAKU LUUCA | E61: 58,1 | F61: =IFERROR(VLOOKUP(B61,'MASTER DATA'!$A$1:$E$212,4,FALSE),"") -> GR | G61: Busuk | H61: Lidia | I61: Spoil | J61: TRUE
B62: BUAH STRAWBERRY | C62: =IFERROR(VLOOKUP(B62,'MASTER DATA'!$A$1:$E$212,2,FALSE),"") -> BB-100500 | D62: =IFERROR(VLOOKUP(B62,'MASTER DATA'!$A$1:$E$212,5,FALSE),"") -> BAHAN BAKU LUUCA | E62: 45,3 | F62: =IFERROR(VLOOKUP(B62,'MASTER DATA'!$A$1:$E$212,4,FALSE),"") -> GR | G62: Busuk | H62: Lidia | I62: Spoil | J62: TRUE
B63: BUAH STRAWBERRY | C63: =IFERROR(VLOOKUP(B63,'MASTER DATA'!$A$1:$E$212,2,FALSE),"") -> BB-100500 | D63: =IFERROR(VLOOKUP(B63,'MASTER DATA'!$A$1:$E$212,5,FALSE),"") -> BAHAN BAKU LUUCA | E63: 28,7 | F63: =IFERROR(VLOOKUP(B63,'MASTER DATA'!$A$1:$E$212,4,FALSE),"") -> GR | G63: Daun | H63: Lidia | I63: Waste | J63: TRUE
B64: BUAH LONGAN 565GR | C64: =IFERROR(VLOOKUP(B64,'MASTER DATA'!$A$1:$E$212,2,FALSE),"") -> BB-100022 | D64: =IFERROR(VLOOKUP(B64,'MASTER DATA'!$A$1:$E$212,5,FALSE),"") -> BAHAN BAKU LUUCA | E64: 30,8 | F64: =IFERROR(VLOOKUP(B64,'MASTER DATA'!$A$1:$E$212,4,FALSE),"") -> GR | G64: Air | H64: Lidia | I64: Waste | J64: TRUE
B65: NATA DE COCO KARA 1KGX6 | C65: =IFERROR(VLOOKUP(B65,'MASTER DATA'!$A$1:$E$212,2,FALSE),"") -> BB-100023 | D65: =IFERROR(VLOOKUP(B65,'MASTER DATA'!$A$1:$E$212,5,FALSE),"") -> BAHAN BAKU LUUCA | E65: 978 | F65: =IFERROR(VLOOKUP(B65,'MASTER DATA'!$A$1:$E$212,4,FALSE),"") -> GR | G65: Air | H65: Lidia | I65: Waste | J65: TRUE
B66: BUAH ANGGUR | C66: =IFERROR(VLOOKUP(B66,'MASTER DATA'!$A$1:$E$212,2,FALSE),"") -> BB-100501 | D66: =IFERROR(VLOOKUP(B66,'MASTER DATA'!$A$1:$E$212,5,FALSE),"") -> BAHAN BAKU LUUCA | E66: =16.9+62 -> 78.9 | F66: =IFERROR(VLOOKUP(B66,'MASTER DATA'!$A$1:$E$212,4,FALSE),"") -> GR | G66: Tangkai | H66: Lidia | I66: Waste | J66: TRUE
B67: BUAH KIWI | C67: =IFERROR(VLOOKUP(B67,'MASTER DATA'!$A$1:$E$212,2,FALSE),"") -> BB-100502 | D67: =IFERROR(VLOOKUP(B67,'MASTER DATA'!$A$1:$E$212,5,FALSE),"") -> BAHAN BAKU LUUCA | E67: 23,1 | F67: =IFERROR(VLOOKUP(B67,'MASTER DATA'!$A$1:$E$212,4,FALSE),"") -> GR | G67: Kulit | H67: Fatur | I67: Waste | J67: TRUE
B68: BUAH KIWI | C68: =IFERROR(VLOOKUP(B68,'MASTER DATA'!$A$1:$E$212,2,FALSE),"") -> BB-100502 | D68: =IFERROR(VLOOKUP(B68,'MASTER DATA'!$A$1:$E$212,5,FALSE),"") -> BAHAN BAKU LUUCA | E68: 59,2 | F68: =IFERROR(VLOOKUP(B68,'MASTER DATA'!$A$1:$E$212,4,FALSE),"") -> GR | G68: Kulit | H68: Tian | I68: Waste | J68: TRUE
A69: 07/13/2026 | B69: BUAH KIWI | C69: =IFERROR(VLOOKUP(B69,'MASTER DATA'!$A$1:$E$212,2,FALSE),"") -> BB-100502 | D69: =IFERROR(VLOOKUP(B69,'MASTER DATA'!$A$1:$E$212,5,FALSE),"") -> BAHAN BAKU LUUCA | E69: =77+55.5 -> 132.5 | F69: =IFERROR(VLOOKUP(B69,'MASTER DATA'!$A$1:$E$212,4,FALSE),"") -> GR | G69: Busuk | H69: Lidia | I69: Spoil | J69: TRUE
B70: BUAH KIWI | C70: =IFERROR(VLOOKUP(B70,'MASTER DATA'!$A$1:$E$212,2,FALSE),"") -> BB-100502 | D70: =IFERROR(VLOOKUP(B70,'MASTER DATA'!$A$1:$E$212,5,FALSE),"") -> BAHAN BAKU LUUCA | E70: =28.6 -> 28.6 | F70: =IFERROR(VLOOKUP(B70,'MASTER DATA'!$A$1:$E$212,4,FALSE),"") -> GR | G70: Kulit | H70: Lidia | I70: Waste | J70: TRUE
B71: PEPERO ALMOND | C71: =IFERROR(VLOOKUP(B71,'MASTER DATA'!$A$1:$E$212,2,FALSE),"") -> BB-100507 | D71: =IFERROR(VLOOKUP(B71,'MASTER DATA'!$A$1:$E$212,5,FALSE),"") -> PRODUKSI STOK LUUCA | E71: 5 | F71: =IFERROR(VLOOKUP(B71,'MASTER DATA'!$A$1:$E$212,4,FALSE),"") -> PCS | G71: Patah | H71: Lidia | I71: Spoil | J71: TRUE
B72: BUAH ANGGUR | C72: =IFERROR(VLOOKUP(B72,'MASTER DATA'!$A$1:$E$212,2,FALSE),"") -> BB-100501 | D72: =IFERROR(VLOOKUP(B72,'MASTER DATA'!$A$1:$E$212,5,FALSE),"") -> BAHAN BAKU LUUCA | E72: 15.6 | F72: =IFERROR(VLOOKUP(B72,'MASTER DATA'!$A$1:$E$212,4,FALSE),"") -> GR | G72: Tangkai | H72: Lidia | I72: Waste | J72: TRUE
B73: BUAH LONGAN 565GR | C73: =IFERROR(VLOOKUP(B73,'MASTER DATA'!$A$1:$E$212,2,FALSE),"") -> BB-100022 | D73: =IFERROR(VLOOKUP(B73,'MASTER DATA'!$A$1:$E$212,5,FALSE),"") -> BAHAN BAKU LUUCA | E73: 637 | F73: =IFERROR(VLOOKUP(B73,'MASTER DATA'!$A$1:$E$212,4,FALSE),"") -> GR | G73: Air | H73: Lidia | I73: Waste | J73: TRUE
B74: BUAH STRAWBERRY | C74: =IFERROR(VLOOKUP(B74,'MASTER DATA'!$A$1:$E$212,2,FALSE),"") -> BB-100500 | D74: =IFERROR(VLOOKUP(B74,'MASTER DATA'!$A$1:$E$212,5,FALSE),"") -> BAHAN BAKU LUUCA | E74: 21 | F74: =IFERROR(VLOOKUP(B74,'MASTER DATA'!$A$1:$E$212,4,FALSE),"") -> GR | G74: Daun | H74: Lidia | I74: Waste | J74: TRUE
B75: BUAH STRAWBERRY | C75: =IFERROR(VLOOKUP(B75,'MASTER DATA'!$A$1:$E$212,2,FALSE),"") -> BB-100500 | D75: =IFERROR(VLOOKUP(B75,'MASTER DATA'!$A$1:$E$212,5,FALSE),"") -> BAHAN BAKU LUUCA | E75: =193.3+21.2 -> 214.5 | F75: =IFERROR(VLOOKUP(B75,'MASTER DATA'!$A$1:$E$212,4,FALSE),"") -> GR | G75: Busuk | H75: Lidia | I75: Spoil | J75: TRUE
A76: 07/14/2026 | B76: BUAH KIWI | C76: =IFERROR(VLOOKUP(B76,'MASTER DATA'!$A$1:$E$212,2,FALSE),"") -> BB-100502 | D76: =IFERROR(VLOOKUP(B76,'MASTER DATA'!$A$1:$E$212,5,FALSE),"") -> BAHAN BAKU LUUCA | E76: 57.2 | F76: =IFERROR(VLOOKUP(B76,'MASTER DATA'!$A$1:$E$212,4,FALSE),"") -> GR | G76: Kulit | H76: Ags | I76: Waste | J76: TRUE
A77: 07/16/2026 | B77: Nata De Coco | C77: =IFERROR(VLOOKUP(B77,'MASTER DATA'!$A$1:$E$212,2,FALSE),"") -> L001-066 | D77: =IFERROR(VLOOKUP(B77,'MASTER DATA'!$A$1:$E$212,5,FALSE),"") -> BAHAN BAKU LUUCA | E77: 498.7 | F77: =IFERROR(VLOOKUP(B77,'MASTER DATA'!$A$1:$E$212,4,FALSE),"") -> PRS | G77: Air | H77: Alif | I77: Waste | J77: TRUE
B78: WIP CHOCOLATE BASE | C78: =IFERROR(VLOOKUP(B78,'MASTER DATA'!$A$1:$E$212,2,FALSE),"") -> P006-008 | D78: =IFERROR(VLOOKUP(B78,'MASTER DATA'!$A$1:$E$212,5,FALSE),"") -> PRODUKSI STOK LUUCA | E78: 36 | F78: =IFERROR(VLOOKUP(B78,'MASTER DATA'!$A$1:$E$212,4,FALSE),"") -> GR | G78: Basi | H78: Aliff | I78: Spoil | J78: TRUE
B79: BUAH STRAWBERRY | C79: =IFERROR(VLOOKUP(B79,'MASTER DATA'!$A$1:$E$212,2,FALSE),"") -> BB-100500 | D79: =IFERROR(VLOOKUP(B79,'MASTER DATA'!$A$1:$E$212,5,FALSE),"") -> BAHAN BAKU LUUCA | E79: 28 | F79: =IFERROR(VLOOKUP(B79,'MASTER DATA'!$A$1:$E$212,4,FALSE),"") -> GR | G79: daun | H79: Lidia | I79: Waste | J79: TRUE
B80: BUAH LONGAN 565GR | C80: =IFERROR(VLOOKUP(B80,'MASTER DATA'!$A$1:$E$212,2,FALSE),"") -> BB-100022 | D80: =IFERROR(VLOOKUP(B80,'MASTER DATA'!$A$1:$E$212,5,FALSE),"") -> BAHAN BAKU LUUCA | E80: 577,5 | F80: =IFERROR(VLOOKUP(B80,'MASTER DATA'!$A$1:$E$212,4,FALSE),"") -> GR | G80: air longan | H80: Lidia | I80: Waste | J80: TRUE
B81: BUAH KIWI | C81: =IFERROR(VLOOKUP(B81,'MASTER DATA'!$A$1:$E$212,2,FALSE),"") -> BB-100502 | D81: =IFERROR(VLOOKUP(B81,'MASTER DATA'!$A$1:$E$212,5,FALSE),"") -> BAHAN BAKU LUUCA | E81: 37,2 | F81: =IFERROR(VLOOKUP(B81,'MASTER DATA'!$A$1:$E$212,4,FALSE),"") -> GR | G81: kulit | H81: Ags | I81: Waste | J81: TRUE
A82: 46220 | B82: TELUR LUUCA | C82: =IFERROR(VLOOKUP(B82,'MASTER DATA'!$A$1:$E$212,2,FALSE),"") -> BB-100517 | D82: =IFERROR(VLOOKUP(B82,'MASTER DATA'!$A$1:$E$212,5,FALSE),"") -> PRODUKSI STOK LUUCA | E82: 5 | F82: =IFERROR(VLOOKUP(B82,'MASTER DATA'!$A$1:$E$212,4,FALSE),"") -> PCS | G82: Olesan Pastry | H82: Lidia | I82: Waste | J82: TRUE | K82: 3
A83: 46221 | B83: BUAH KIWI | C83: =IFERROR(VLOOKUP(B83,'MASTER DATA'!$A$1:$E$212,2,FALSE),"") -> BB-100502 | D83: =IFERROR(VLOOKUP(B83,'MASTER DATA'!$A$1:$E$212,5,FALSE),"") -> BAHAN BAKU LUUCA | E83: =82+34 -> 116 | F83: =IFERROR(VLOOKUP(B83,'MASTER DATA'!$A$1:$E$212,4,FALSE),"") -> GR | G83: Kulit | H83: Alif | I83: Waste | J83: TRUE
B84: BUAH STRAWBERRY | C84: =IFERROR(VLOOKUP(B84,'MASTER DATA'!$A$1:$E$212,2,FALSE),"") -> BB-100500 | D84: =IFERROR(VLOOKUP(B84,'MASTER DATA'!$A$1:$E$212,5,FALSE),"") -> BAHAN BAKU LUUCA | E84: 8,5 | F84: =IFERROR(VLOOKUP(B84,'MASTER DATA'!$A$1:$E$212,4,FALSE),"") -> GR | G84: Daun | H84: Alif | I84: Waste | J84: TRUE
A85: 46222 | B85: BUAH STRAWBERRY | C85: =IFERROR(VLOOKUP(B85,'MASTER DATA'!$A$1:$E$212,2,FALSE),"") -> BB-100500 | D85: =IFERROR(VLOOKUP(B85,'MASTER DATA'!$A$1:$E$212,5,FALSE),"") -> BAHAN BAKU LUUCA | E85: 11,9 | F85: =IFERROR(VLOOKUP(B85,'MASTER DATA'!$A$1:$E$212,4,FALSE),"") -> GR | G85: Daun | H85: Alif | I85: Waste | J85: TRUE
B86: BUAH KIWI | C86: =IFERROR(VLOOKUP(B86,'MASTER DATA'!$A$1:$E$212,2,FALSE),"") -> BB-100502 | D86: =IFERROR(VLOOKUP(B86,'MASTER DATA'!$A$1:$E$212,5,FALSE),"") -> BAHAN BAKU LUUCA | E86: =16+127 -> 143 | F86: =IFERROR(VLOOKUP(B86,'MASTER DATA'!$A$1:$E$212,4,FALSE),"") -> GR | G86: Kulit | H86: Alif | I86: Waste | J86: TRUE
B87: BUAH ANGGUR | C87: =IFERROR(VLOOKUP(B87,'MASTER DATA'!$A$1:$E$212,2,FALSE),"") -> BB-100501 | D87: =IFERROR(VLOOKUP(B87,'MASTER DATA'!$A$1:$E$212,5,FALSE),"") -> BAHAN BAKU LUUCA | E87: 14,4 | F87: =IFERROR(VLOOKUP(B87,'MASTER DATA'!$A$1:$E$212,4,FALSE),"") -> GR | G87: Tangkai Anggur | H87: Alif | I87: Waste | J87: TRUE
B88: TELUR LUUCA | C88: =IFERROR(VLOOKUP(B88,'MASTER DATA'!$A$1:$E$212,2,FALSE),"") -> BB-100517 | D88: =IFERROR(VLOOKUP(B88,'MASTER DATA'!$A$1:$E$212,5,FALSE),"") -> PRODUKSI STOK LUUCA | E88: 3 | F88: =IFERROR(VLOOKUP(B88,'MASTER DATA'!$A$1:$E$212,4,FALSE),"") -> PCS | G88: Olesan Pastry | H88: Ags | I88: Waste | J88: TRUE
B89: NATA DE COCO KARA 1KGX6 | C89: =IFERROR(VLOOKUP(B89,'MASTER DATA'!$A$1:$E$212,2,FALSE),"") -> BB-100023 | D89: =IFERROR(VLOOKUP(B89,'MASTER DATA'!$A$1:$E$212,5,FALSE),"") -> BAHAN BAKU LUUCA | E89: =520+491 -> 1011 | F89: =IFERROR(VLOOKUP(B89,'MASTER DATA'!$A$1:$E$212,4,FALSE),"") -> GR | G89: Air | H89: Alif | I89: Waste | J89: TRUE
B90: GRANOLA Luuca | C90: =IFERROR(VLOOKUP(B90,'MASTER DATA'!$A$1:$E$212,2,FALSE),"") -> BB-100012 | D90: =IFERROR(VLOOKUP(B90,'MASTER DATA'!$A$1:$E$212,5,FALSE),"") -> BAHAN BAKU LUUCA | E90: 20 | F90: =IFERROR(VLOOKUP(B90,'MASTER DATA'!$A$1:$E$212,4,FALSE),"") -> GR | G90: Terkontaminasi | H90: Ags | I90: Spoil | J90: TRUE
B91: BUAH KIWI | C91: =IFERROR(VLOOKUP(B91,'MASTER DATA'!$A$1:$E$212,2,FALSE),"") -> BB-100502 | D91: =IFERROR(VLOOKUP(B91,'MASTER DATA'!$A$1:$E$212,5,FALSE),"") -> BAHAN BAKU LUUCA | E91: 13 | F91: =IFERROR(VLOOKUP(B91,'MASTER DATA'!$A$1:$E$212,4,FALSE),"") -> GR | G91: Terkontaminasi | H91: Ags | I91: Spoil | J91: TRUE
B92: KACANG ALMOND 1KG | C92: =IFERROR(VLOOKUP(B92,'MASTER DATA'!$A$1:$E$212,2,FALSE),"") -> BB-100389 | D92: =IFERROR(VLOOKUP(B92,'MASTER DATA'!$A$1:$E$212,5,FALSE),"") -> BAHAN BAKU LUUCA | E92: 17 | F92: =IFERROR(VLOOKUP(B92,'MASTER DATA'!$A$1:$E$212,4,FALSE),"") -> GR | G92: Terkontaminasi | H92: Ags | I92: Spoil | J92: TRUE
B93: WIP YOGURT ICE CREAM | C93: =IFERROR(VLOOKUP(B93,'MASTER DATA'!$A$1:$E$212,2,FALSE),"") -> P006-002 | D93: =IFERROR(VLOOKUP(B93,'MASTER DATA'!$A$1:$E$212,5,FALSE),"") -> PRODUKSI STOK LUUCA | E93: =40+88 -> 128 | F93: =IFERROR(VLOOKUP(B93,'MASTER DATA'!$A$1:$E$212,4,FALSE),"") -> GR | G93: Terkontaminasi | H93: Ags | I93: Spoil | J93: TRUE
A94: 46223 | B94: BUAH LONGAN 565GR | C94: =IFERROR(VLOOKUP(B94,'MASTER DATA'!$A$1:$E$212,2,FALSE),"") -> BB-100022 | D94: =IFERROR(VLOOKUP(B94,'MASTER DATA'!$A$1:$E$212,5,FALSE),"") -> BAHAN BAKU LUUCA | E94: 613 | F94: =IFERROR(VLOOKUP(B94,'MASTER DATA'!$A$1:$E$212,4,FALSE),"") -> GR | G94: Air | H94: Lidia | I94: Waste | J94: TRUE
B95: NATA DE COCO KARA 1KGX6 | C95: =IFERROR(VLOOKUP(B95,'MASTER DATA'!$A$1:$E$212,2,FALSE),"") -> BB-100023 | D95: =IFERROR(VLOOKUP(B95,'MASTER DATA'!$A$1:$E$212,5,FALSE),"") -> BAHAN BAKU LUUCA | E95: =43+332+218 -> 593 | F95: =IFERROR(VLOOKUP(B95,'MASTER DATA'!$A$1:$E$212,4,FALSE),"") -> GR | G95: Air | H95: Ags | I95: Waste | J95: TRUE
A96: 46225 | B96: BUAH STRAWBERRY | C96: =IFERROR(VLOOKUP(B96,'MASTER DATA'!$A$1:$E$212,2,FALSE),"") -> BB-100500 | D96: =IFERROR(VLOOKUP(B96,'MASTER DATA'!$A$1:$E$212,5,FALSE),"") -> BAHAN BAKU LUUCA | E96: 18,4 | F96: =IFERROR(VLOOKUP(B96,'MASTER DATA'!$A$1:$E$212,4,FALSE),"") -> GR | G96: Daun | H96: Fatur | I96: Waste | J96: TRUE
B97: BUAH STRAWBERRY | C97: =IFERROR(VLOOKUP(B97,'MASTER DATA'!$A$1:$E$212,2,FALSE),"") -> BB-100500 | D97: =IFERROR(VLOOKUP(B97,'MASTER DATA'!$A$1:$E$212,5,FALSE),"") -> BAHAN BAKU LUUCA | E97: =23+116+6 -> 145 | F97: =IFERROR(VLOOKUP(B97,'MASTER DATA'!$A$1:$E$212,4,FALSE),"") -> GR | G97: Busuk | H97: Fatur | I97: Spoil | J97: TRUE
B98: BUAH ANGGUR | C98: =IFERROR(VLOOKUP(B98,'MASTER DATA'!$A$1:$E$212,2,FALSE),"") -> BB-100501 | D98: =IFERROR(VLOOKUP(B98,'MASTER DATA'!$A$1:$E$212,5,FALSE),"") -> BAHAN BAKU LUUCA | E98: 8,2 | F98: =IFERROR(VLOOKUP(B98,'MASTER DATA'!$A$1:$E$212,4,FALSE),"") -> GR | G98: Tangkai | H98: Fatur | I98: Waste | J98: TRUE
B99: BUAH ANGGUR | C99: =IFERROR(VLOOKUP(B99,'MASTER DATA'!$A$1:$E$212,2,FALSE),"") -> BB-100501 | D99: =IFERROR(VLOOKUP(B99,'MASTER DATA'!$A$1:$E$212,5,FALSE),"") -> BAHAN BAKU LUUCA | E99: 54,7 | F99: =IFERROR(VLOOKUP(B99,'MASTER DATA'!$A$1:$E$212,4,FALSE),"") -> GR | G99: Busuk | H99: Fatur | I99: Spoil | J99: TRUE
B100: BUAH KIWI | C100: =IFERROR(VLOOKUP(B100,'MASTER DATA'!$A$1:$E$212,2,FALSE),"") -> BB-100502 | D100: =IFERROR(VLOOKUP(B100,'MASTER DATA'!$A$1:$E$212,5,FALSE),"") -> BAHAN BAKU LUUCA | E100: 42,1 | F100: =IFERROR(VLOOKUP(B100,'MASTER DATA'!$A$1:$E$212,4,FALSE),"") -> GR | G100: Daun | H100: Tian | I100: Waste | J100: TRUE
B101: NATA DE COCO KARA 1KGX6 | C101: =IFERROR(VLOOKUP(B101,'MASTER DATA'!$A$1:$E$212,2,FALSE),"") -> BB-100023 | D101: =IFERROR(VLOOKUP(B101,'MASTER DATA'!$A$1:$E$212,5,FALSE),"") -> BAHAN BAKU LUUCA | E101: 66 | F101: =IFERROR(VLOOKUP(B101,'MASTER DATA'!$A$1:$E$212,4,FALSE),"") -> GR | G101: Terkontaminasi | H101: Ags | I101: Spoil | J101: TRUE
...

Sheet AGUSTUS 26
A1: 2
A2: PT. KREASI LIMA CAHAYA
A3: LUUCA CILEDUG
A4: BULAN, TAHUN: Agustus 2026
A6: TANGGAL | B6: NAMA PRODUK | C6: KODE CSA | D6: JENIS | E6: JUMLAH | F6: SATUAN CSA | G6: ALASAN WASTE | H6: USER | I6: KATEGORI | J6: AUDIT
A7: 46235 | B7: BUAH KIWI | C7: =IFERROR(VLOOKUP(B7,'MASTER DATA'!$A$1:$E$212,2,FALSE),"") -> BB-100502 | D7: =IFERROR(VLOOKUP(B7,'MASTER DATA'!$A$1:$E$212,5,FALSE),"") -> BAHAN BAKU LUUCA | E7: =39+76 -> 115 | F7: =IFERROR(VLOOKUP(B7,'MASTER DATA'!$A$1:$E$212,4,FALSE),"") -> GR | G7: Kulit | H7: Lidia | I7: Waste | J7: FALSE
B8: BUAH ANGGUR | C8: =IFERROR(VLOOKUP(B8,'MASTER DATA'!$A$1:$E$212,2,FALSE),"") -> BB-100501 | D8: =IFERROR(VLOOKUP(B8,'MASTER DATA'!$A$1:$E$212,5,FALSE),"") -> BAHAN BAKU LUUCA | E8: 3,6 | F8: =IFERROR(VLOOKUP(B8,'MASTER DATA'!$A$1:$E$212,4,FALSE),"") -> GR | G8: Tangkai Anggur | H8: Ags | I8: Waste | J8: FALSE
B9: BUAH LONGAN 565GR | C9: =IFERROR(VLOOKUP(B9,'MASTER DATA'!$A$1:$E$212,2,FALSE),"") -> BB-100022 | D9: =IFERROR(VLOOKUP(B9,'MASTER DATA'!$A$1:$E$212,5,FALSE),"") -> BAHAN BAKU LUUCA | E9: 599 | F9: =IFERROR(VLOOKUP(B9,'MASTER DATA'!$A$1:$E$212,4,FALSE),"") -> GR | G9: Air | H9: Lidia | I9: Waste | J9: FALSE
B10: BUAH STRAWBERRY | C10: =IFERROR(VLOOKUP(B10,'MASTER DATA'!$A$1:$E$212,2,FALSE),"") -> BB-100500 | D10: =IFERROR(VLOOKUP(B10,'MASTER DATA'!$A$1:$E$212,5,FALSE),"") -> BAHAN BAKU LUUCA | E10: =12+15 -> 27 | F10: =IFERROR(VLOOKUP(B10,'MASTER DATA'!$A$1:$E$212,4,FALSE),"") -> GR | G10: Daun | H10: Lidia | I10: Waste | J10: FALSE
A11: 46236 | B11: TELUR LUUCA | C11: =IFERROR(VLOOKUP(B11,'MASTER DATA'!$A$1:$E$212,2,FALSE),"") -> BB-100517 | D11: =IFERROR(VLOOKUP(B11,'MASTER DATA'!$A$1:$E$212,5,FALSE),"") -> PRODUKSI STOK LUUCA | E11: 2 | F11: =IFERROR(VLOOKUP(B11,'MASTER DATA'!$A$1:$E$212,4,FALSE),"") -> PCS | G11: Olesan Pastry | H11: Alif | I11: Waste | J11: FALSE
B12: BUAH STRAWBERRY | C12: =IFERROR(VLOOKUP(B12,'MASTER DATA'!$A$1:$E$212,2,FALSE),"") -> BB-100500 | D12: =IFERROR(VLOOKUP(B12,'MASTER DATA'!$A$1:$E$212,5,FALSE),"") -> BAHAN BAKU LUUCA | E12: 61,9 | F12: =IFERROR(VLOOKUP(B12,'MASTER DATA'!$A$1:$E$212,4,FALSE),"") -> GR | G12: Busuk | H12: Ags | I12: Spoil | J12: FALSE
B13: NATA DE COCO KARA 1KGX6 | C13: =IFERROR(VLOOKUP(B13,'MASTER DATA'!$A$1:$E$212,2,FALSE),"") -> BB-100023 | D13: =IFERROR(VLOOKUP(B13,'MASTER DATA'!$A$1:$E$212,5,FALSE),"") -> BAHAN BAKU LUUCA | E13: 189,2 | F13: =IFERROR(VLOOKUP(B13,'MASTER DATA'!$A$1:$E$212,4,FALSE),"") -> GR | G13: Air | H13: Ags | I13: Waste | J13: FALSE
B14: BUAH LONGAN 565GR | C14: =IFERROR(VLOOKUP(B14,'MASTER DATA'!$A$1:$E$212,2,FALSE),"") -> BB-100022 | D14: =IFERROR(VLOOKUP(B14,'MASTER DATA'!$A$1:$E$212,5,FALSE),"") -> BAHAN BAKU LUUCA | E14: 602 | F14: =IFERROR(VLOOKUP(B14,'MASTER DATA'!$A$1:$E$212,4,FALSE),"") -> GR | G14: Air | H14: Lidia | I14: Waste | J14: FALSE
B15: BUAH ANGGUR | C15: =IFERROR(VLOOKUP(B15,'MASTER DATA'!$A$1:$E$212,2,FALSE),"") -> BB-100501 | D15: =IFERROR(VLOOKUP(B15,'MASTER DATA'!$A$1:$E$212,5,FALSE),"") -> BAHAN BAKU LUUCA | E15: 12,6 | F15: =IFERROR(VLOOKUP(B15,'MASTER DATA'!$A$1:$E$212,4,FALSE),"") -> GR | G15: Tangkai Anggur | H15: Lidia | I15: Waste | J15: FALSE
B16: BUAH STRAWBERRY | C16: =IFERROR(VLOOKUP(B16,'MASTER DATA'!$A$1:$E$212,2,FALSE),"") -> BB-100500 | D16: =IFERROR(VLOOKUP(B16,'MASTER DATA'!$A$1:$E$212,5,FALSE),"") -> BAHAN BAKU LUUCA | E16: 68,1 | F16: =IFERROR(VLOOKUP(B16,'MASTER DATA'!$A$1:$E$212,4,FALSE),"") -> GR | G16: Daun | H16: Lidia | I16: Waste | J16: FALSE
B17: BUAH KIWI | C17: =IFERROR(VLOOKUP(B17,'MASTER DATA'!$A$1:$E$212,2,FALSE),"") -> BB-100502 | D17: =IFERROR(VLOOKUP(B17,'MASTER DATA'!$A$1:$E$212,5,FALSE),"") -> BAHAN BAKU LUUCA | E17: 57,2 | F17: =IFERROR(VLOOKUP(B17,'MASTER DATA'!$A$1:$E$212,4,FALSE),"") -> GR | G17: Kulit | H17: Lidia | I17: Waste | J17: FALSE
A18: 46237 | B18: SIMPLE SYRUP 3KG | C18: =IFERROR(VLOOKUP(B18,'MASTER DATA'!$A$1:$E$212,2,FALSE),"") -> BB-100007 | D18: =IFERROR(VLOOKUP(B18,'MASTER DATA'!$A$1:$E$212,5,FALSE),"") -> PRODUKSI STOK LUUCA | E18: =43+30 -> 73 | F18: =IFERROR(VLOOKUP(B18,'MASTER DATA'!$A$1:$E$212,4,FALSE),"") -> GR | G18: Konsumsi Tukang | H18: Lidia | I18: Waste | J18: FALSE
B19: SLEEVE CONE - LUUCA | C19: =IFERROR(VLOOKUP(B19,'MASTER DATA'!$A$1:$E$212,2,FALSE),"") -> BB-100025 | D19: =IFERROR(VLOOKUP(B19,'MASTER DATA'!$A$1:$E$212,5,FALSE),"") -> PRODUKSI STOK LUUCA | E19: 2 | F19: =IFERROR(VLOOKUP(B19,'MASTER DATA'!$A$1:$E$212,4,FALSE),"") -> PCS | G19: Training | H19: Lidia | I19: Training | J19: FALSE
B20: WAFFLE CONE | C20: =IFERROR(VLOOKUP(B20,'MASTER DATA'!$A$1:$E$212,2,FALSE),"") -> BB-100024 | D20: =IFERROR(VLOOKUP(B20,'MASTER DATA'!$A$1:$E$212,5,FALSE),"") -> PRODUKSI STOK LUUCA | E20: 2 | F20: =IFERROR(VLOOKUP(B20,'MASTER DATA'!$A$1:$E$212,4,FALSE),"") -> PCS | G20: Training | H20: Lidia | I20: Training | J20: FALSE
B21: CUP PP 16OZ LUUCA | C21: =IFERROR(VLOOKUP(B21,'MASTER DATA'!$A$1:$E$212,2,FALSE),"") -> BB-100136 | D21: =IFERROR(VLOOKUP(B21,'MASTER DATA'!$A$1:$E$212,5,FALSE),"") -> BAHAN BAKU LUUCA | E21: 1 | F21: =IFERROR(VLOOKUP(B21,'MASTER DATA'!$A$1:$E$212,4,FALSE),"") -> PCS | G21: Konsumsi Tukang | H21: Lidia | I21: Waste | J21: FALSE
B22: BUAH STRAWBERRY | C22: =IFERROR(VLOOKUP(B22,'MASTER DATA'!$A$1:$E$212,2,FALSE),"") -> BB-100500 | D22: =IFERROR(VLOOKUP(B22,'MASTER DATA'!$A$1:$E$212,5,FALSE),"") -> BAHAN BAKU LUUCA | E22: 10,4 | F22: =IFERROR(VLOOKUP(B22,'MASTER DATA'!$A$1:$E$212,4,FALSE),"") -> GR | G22: Daun | H22: Thia | I22: Waste | J22: FALSE
B23: BUAH KIWI | C23: =IFERROR(VLOOKUP(B23,'MASTER DATA'!$A$1:$E$212,2,FALSE),"") -> BB-100502 | D23: =IFERROR(VLOOKUP(B23,'MASTER DATA'!$A$1:$E$212,5,FALSE),"") -> BAHAN BAKU LUUCA | E23: 38,6 | F23: =IFERROR(VLOOKUP(B23,'MASTER DATA'!$A$1:$E$212,4,FALSE),"") -> GR | G23: Kulit | H23: Thia | I23: Waste | J23: FALSE
A24: 46238 | B24: BUAH LONGAN 565GR | C24: =IFERROR(VLOOKUP(B24,'MASTER DATA'!$A$1:$E$212,2,FALSE),"") -> BB-100022 | D24: =IFERROR(VLOOKUP(B24,'MASTER DATA'!$A$1:$E$212,5,FALSE),"") -> BAHAN BAKU LUUCA | E24: 676 | F24: =IFERROR(VLOOKUP(B24,'MASTER DATA'!$A$1:$E$212,4,FALSE),"") -> GR | G24: Air | H24: Lidia | I24: Waste | J24: FALSE
B25: PEPERO ALMOND | C25: =IFERROR(VLOOKUP(B25,'MASTER DATA'!$A$1:$E$212,2,FALSE),"") -> BB-100507 | D25: =IFERROR(VLOOKUP(B25,'MASTER DATA'!$A$1:$E$212,5,FALSE),"") -> PRODUKSI STOK LUUCA | E25: 5 | F25: =IFERROR(VLOOKUP(B25,'MASTER DATA'!$A$1:$E$212,4,FALSE),"") -> PCS | G25: Patah | H25: Lidia | I25: Spoil | J25: FALSE
B26: BUAH KIWI | C26: =IFERROR(VLOOKUP(B26,'MASTER DATA'!$A$1:$E$212,2,FALSE),"") -> BB-100502 | D26: =IFERROR(VLOOKUP(B26,'MASTER DATA'!$A$1:$E$212,5,FALSE),"") -> BAHAN BAKU LUUCA | E26: 68,1 | F26: =IFERROR(VLOOKUP(B26,'MASTER DATA'!$A$1:$E$212,4,FALSE),"") -> GR | G26: Kulit | H26: Ags | I26: Waste | J26: FALSE
B27: BUAH STRAWBERRY | C27: =IFERROR(VLOOKUP(B27,'MASTER DATA'!$A$1:$E$212,2,FALSE),"") -> BB-100500 | D27: =IFERROR(VLOOKUP(B27,'MASTER DATA'!$A$1:$E$212,5,FALSE),"") -> BAHAN BAKU LUUCA | E27: 12,9 | F27: =IFERROR(VLOOKUP(B27,'MASTER DATA'!$A$1:$E$212,4,FALSE),"") -> GR | G27: Busuk | H27: Ags | I27: Spoil | J27: FALSE
A28: 46239 | B28: NATA DE COCO KARA 1KGX6 | C28: =IFERROR(VLOOKUP(B28,'MASTER DATA'!$A$1:$E$212,2,FALSE),"") -> BB-100023 | D28: =IFERROR(VLOOKUP(B28,'MASTER DATA'!$A$1:$E$212,5,FALSE),"") -> BAHAN BAKU LUUCA | E28: 454,3 | F28: =IFERROR(VLOOKUP(B28,'MASTER DATA'!$A$1:$E$212,4,FALSE),"") -> GR | G28: Air | H28: Raka | I28: Waste | J28: FALSE
A29: 46240 | B29: BUAH STRAWBERRY | C29: =IFERROR(VLOOKUP(B29,'MASTER DATA'!$A$1:$E$212,2,FALSE),"") -> BB-100500 | D29: =IFERROR(VLOOKUP(B29,'MASTER DATA'!$A$1:$E$212,5,FALSE),"") -> BAHAN BAKU LUUCA | E29: 49,4 | F29: =IFERROR(VLOOKUP(B29,'MASTER DATA'!$A$1:$E$212,4,FALSE),"") -> GR | G29: Busuk | H29: Lidia | I29: Spoil | J29: FALSE
B30: TELUR LUUCA | C30: =IFERROR(VLOOKUP(B30,'MASTER DATA'!$A$1:$E$212,2,FALSE),"") -> BB-100517 | D30: =IFERROR(VLOOKUP(B30,'MASTER DATA'!$A$1:$E$212,5,FALSE),"") -> PRODUKSI STOK LUUCA | E30: 2 | F30: =IFERROR(VLOOKUP(B30,'MASTER DATA'!$A$1:$E$212,4,FALSE),"") -> PCS | G30: Olesan Pastry | H30: Lidia | I30: Waste | J30: FALSE
A31: 46241 | B31: BUAH STRAWBERRY | C31: =IFERROR(VLOOKUP(B31,'MASTER DATA'!$A$1:$E$212,2,FALSE),"") -> BB-100500 | D31: =IFERROR(VLOOKUP(B31,'MASTER DATA'!$A$1:$E$212,5,FALSE),"") -> BAHAN BAKU LUUCA | E31: 84 | F31: =IFERROR(VLOOKUP(B31,'MASTER DATA'!$A$1:$E$212,4,FALSE),"") -> GR | G31: Daun | H31: Lidia | I31: Waste | J31: FALSE
B32: BUAH ANGGUR | C32: =IFERROR(VLOOKUP(B32,'MASTER DATA'!$A$1:$E$212,2,FALSE),"") -> BB-100501 | D32: =IFERROR(VLOOKUP(B32,'MASTER DATA'!$A$1:$E$212,5,FALSE),"") -> BAHAN BAKU LUUCA | E32: 7,5 | F32: =IFERROR(VLOOKUP(B32,'MASTER DATA'!$A$1:$E$212,4,FALSE),"") -> GR | G32: Tangkai Anggur | H32: Alif | I32: Waste | J32: FALSE
B33: NATA DE COCO KARA 1KGX6 | C33: =IFERROR(VLOOKUP(B33,'MASTER DATA'!$A$1:$E$212,2,FALSE),"") -> BB-100023 | D33: =IFERROR(VLOOKUP(B33,'MASTER DATA'!$A$1:$E$212,5,FALSE),"") -> BAHAN BAKU LUUCA | E33: 414,6 | F33: =IFERROR(VLOOKUP(B33,'MASTER DATA'!$A$1:$E$212,4,FALSE),"") -> GR | G33: Air | H33: Alif | I33: Waste | J33: FALSE
A34: 46242 | B34: BUAH STRAWBERRY | C34: =IFERROR(VLOOKUP(B34,'MASTER DATA'!$A$1:$E$212,2,FALSE),"") -> BB-100500 | D34: =IFERROR(VLOOKUP(B34,'MASTER DATA'!$A$1:$E$212,5,FALSE),"") -> BAHAN BAKU LUUCA | E34: =4+56 -> 60 | F34: =IFERROR(VLOOKUP(B34,'MASTER DATA'!$A$1:$E$212,4,FALSE),"") -> GR | G34: Daun | H34: Ags | I34: Waste | J34: FALSE
B35: BUAH KIWI | C35: =IFERROR(VLOOKUP(B35,'MASTER DATA'!$A$1:$E$212,2,FALSE),"") -> BB-100502 | D35: =IFERROR(VLOOKUP(B35,'MASTER DATA'!$A$1:$E$212,5,FALSE),"") -> BAHAN BAKU LUUCA | E35: =73+37 -> 110 | F35: =IFERROR(VLOOKUP(B35,'MASTER DATA'!$A$1:$E$212,4,FALSE),"") -> GR | G35: Kulit | H35: Ags | I35: Waste | J35: FALSE
B36: BUAH LONGAN 565GR | C36: =IFERROR(VLOOKUP(B36,'MASTER DATA'!$A$1:$E$212,2,FALSE),"") -> BB-100022 | D36: =IFERROR(VLOOKUP(B36,'MASTER DATA'!$A$1:$E$212,5,FALSE),"") -> BAHAN BAKU LUUCA | E36: 508 | F36: =IFERROR(VLOOKUP(B36,'MASTER DATA'!$A$1:$E$212,4,FALSE),"") -> GR | G36: Air | H36: Lidia | I36: Waste | J36: FALSE
B37: NATA DE COCO KARA 1KGX6 | C37: =IFERROR(VLOOKUP(B37,'MASTER DATA'!$A$1:$E$212,2,FALSE),"") -> BB-100023 | D37: =IFERROR(VLOOKUP(B37,'MASTER DATA'!$A$1:$E$212,5,FALSE),"") -> BAHAN BAKU LUUCA | E37: 503 | F37: =IFERROR(VLOOKUP(B37,'MASTER DATA'!$A$1:$E$212,4,FALSE),"") -> GR | G37: Air | H37: Raka | I37: Waste | J37: FALSE
B38: TELUR LUUCA | C38: =IFERROR(VLOOKUP(B38,'MASTER DATA'!$A$1:$E$212,2,FALSE),"") -> BB-100517 | D38: =IFERROR(VLOOKUP(B38,'MASTER DATA'!$A$1:$E$212,5,FALSE),"") -> PRODUKSI STOK LUUCA | E38: 1 | F38: =IFERROR(VLOOKUP(B38,'MASTER DATA'!$A$1:$E$212,4,FALSE),"") -> PCS | G38: Olesan Pastry | H38: Fatur | I38: Waste | J38: FALSE
A39: 46243 | B39: NATA DE COCO KARA 1KGX6 | C39: =IFERROR(VLOOKUP(B39,'MASTER DATA'!$A$1:$E$212,2,FALSE),"") -> BB-100023 | D39: =IFERROR(VLOOKUP(B39,'MASTER DATA'!$A$1:$E$212,5,FALSE),"") -> BAHAN BAKU LUUCA | E39: =186 -> 186 | F39: =IFERROR(VLOOKUP(B39,'MASTER DATA'!$A$1:$E$212,4,FALSE),"") -> GR | G39: Air | H39: Ags | I39: Waste | J39: FALSE
B40: BUAH STRAWBERRY | C40: =IFERROR(VLOOKUP(B40,'MASTER DATA'!$A$1:$E$212,2,FALSE),"") -> BB-100500 | D40: =IFERROR(VLOOKUP(B40,'MASTER DATA'!$A$1:$E$212,5,FALSE),"") -> BAHAN BAKU LUUCA | E40: 56 | F40: =IFERROR(VLOOKUP(B40,'MASTER DATA'!$A$1:$E$212,4,FALSE),"") -> GR | G40: Busuk | H40: Lidia | I40: Spoil | J40: FALSE
B41: BUAH KIWI | C41: =IFERROR(VLOOKUP(B41,'MASTER DATA'!$A$1:$E$212,2,FALSE),"") -> BB-100502 | D41: =IFERROR(VLOOKUP(B41,'MASTER DATA'!$A$1:$E$212,5,FALSE),"") -> BAHAN BAKU LUUCA | E41: 88.5 | F41: =IFERROR(VLOOKUP(B41,'MASTER DATA'!$A$1:$E$212,4,FALSE),"") -> GR | G41: Kulit | H41: Raka | I41: Waste | J41: FALSE
A42: 46244 | B42: NATA DE COCO KARA 1KGX6 | C42: =IFERROR(VLOOKUP(B42,'MASTER DATA'!$A$1:$E$212,2,FALSE),"") -> BB-100023 | D42: =IFERROR(VLOOKUP(B42,'MASTER DATA'!$A$1:$E$212,5,FALSE),"") -> BAHAN BAKU LUUCA | E42: 278.4 | F42: =IFERROR(VLOOKUP(B42,'MASTER DATA'!$A$1:$E$212,4,FALSE),"") -> GR | G42: Air | H42: Ags | I42: Waste | J42: FALSE
A43: 46245 | B43: WIP MATCHA ICE CREAM | C43: =IFERROR(VLOOKUP(B43,'MASTER DATA'!$A$1:$E$212,2,FALSE),"") -> P006-003 | D43: =IFERROR(VLOOKUP(B43,'MASTER DATA'!$A$1:$E$212,5,FALSE),"") -> PRODUKSI STOK LUUCA | E43: 1074 | F43: =IFERROR(VLOOKUP(B43,'MASTER DATA'!$A$1:$E$212,4,FALSE),"") -> GR | G43: Basi | H43: Lidia | I43: Spoil | J43: FALSE
B44: BUAH STRAWBERRY | C44: =IFERROR(VLOOKUP(B44,'MASTER DATA'!$A$1:$E$212,2,FALSE),"") -> BB-100500 | D44: =IFERROR(VLOOKUP(B44,'MASTER DATA'!$A$1:$E$212,5,FALSE),"") -> BAHAN BAKU LUUCA | E44: 91.2 | F44: =IFERROR(VLOOKUP(B44,'MASTER DATA'!$A$1:$E$212,4,FALSE),"") -> GR | G44: Daun | H44: Lidia | I44: Waste | J44: FALSE
B45: GREENFIELD | C45: =IFERROR(VLOOKUP(B45,'MASTER DATA'!$A$1:$E$212,2,FALSE),"") -> BB-100527 | D45: =IFERROR(VLOOKUP(B45,'MASTER DATA'!$A$1:$E$212,5,FALSE),"") -> BAHAN BAKU LUUCA | E45: 198.7 | F45: =IFERROR(VLOOKUP(B45,'MASTER DATA'!$A$1:$E$212,4,FALSE),"") -> ML | G45: Terkontaminasi Semut | H45: Lidia | I45: Spoil | J45: FALSE
A46: 46246 | B46: BUAH KIWI | C46: =IFERROR(VLOOKUP(B46,'MASTER DATA'!$A$1:$E$212,2,FALSE),"") -> BB-100502 | D46: =IFERROR(VLOOKUP(B46,'MASTER DATA'!$A$1:$E$212,5,FALSE),"") -> BAHAN BAKU LUUCA | E46: 30.7 | F46: =IFERROR(VLOOKUP(B46,'MASTER DATA'!$A$1:$E$212,4,FALSE),"") -> GR | G46: Busuk | H46: Fatur | I46: Spoil | J46: FALSE
