Workbook

Sheet DATA PER 111225
B1: NAMA PRODUK | C1: JENIS | D1: SATUAN CSA | E1: JUMLAH | F1: ALASAN WASTE | G1: USER
A2: B001-002 | B2: SHOESTRING FRENCH FRIES | C2: bahan baku | D2: GR
A3: B001-003 | B3: Anchor Mozzarella Cheese | C3: bahan baku | D3: GR
A4: B001-004 | B4: Ayam Original Parting 9 | C4: bahan baku | D4: PCS
A5: B001-005 | B5: Ayam Utuh - Original | C5: bahan baku | D5: PCS
A6: B001-006 | B6: Bawang Bombay | C6: bahan baku | D6: GR
A7: B001-007 | B7: Bawang Putih | C7: bahan baku | D7: GR
A8: B001-008 | B8: Beras 25KG | C8: bahan baku | D8: GR
A9: B001-009 | B9: Biji Kopi | C9: bahan baku | D9: GR
A10: B001-010 | B10: Boba Pearl | C10: bahan baku | D10: GR
A11: B001-011 | B11: Bolognese Sauce 25089E | C11: bahan baku | D11: GR
A12: B001-012 | B12: Brown Sugar Sweet Chili Sauce | C12: bahan baku | D12: GR
A13: B001-013 | B13: Bubuk Es Krim Vanilla - FT1804 | C13: bahan baku | D13: GR
... A311: P003-025 | B311: TOPI ULANG TAHUN | C311: others | D311: PCS
B312: Japanese Curry
B313: Plastik duo cup

Sheet Master data
A1: Nama Item | B1: Kode Item | C1: Unit | D1: Harga pokok | E1: KELOMPOK | F1: JENIS
A2: SHOESTRING FRENCH FRIES | B2: B001-002 | C2: GR | D2: 31,04 | E2: B001 | F2: =IFERROR(VLOOKUP(A2,Sheet3!$B$1:$E$313,3,FALSE),"") -> bahan baku | G2: B001
A3: Anchor Mozzarella Cheese | B3: B001-003 | C3: GR | D3: 151,57 | E3: B001 | F3: =IFERROR(VLOOKUP(A3,Sheet3!$B$1:$E$313,3,FALSE),"") -> bahan baku | G3: B002
A4: Ayam Original Parting 9 | B4: B001-004 | C4: PCS | D4: 5.587,56 | E4: B001 | F4: =IFERROR(VLOOKUP(A4,Sheet3!$B$1:$E$313,3,FALSE),"") -> bahan baku | G4: B003
A5: Ayam Utuh - Original | B5: B001-005 | C5: PCS | D5: 37.521,87 | E5: B001 | F5: =IFERROR(VLOOKUP(A5,Sheet3!$B$1:$E$313,3,FALSE),"") -> bahan baku | G5: D001
A6: Bawang Bombay | B6: B001-006 | C6: GR | D6: 42,20 | E6: B001 | F6: =IFERROR(VLOOKUP(A6,Sheet3!$B$1:$E$313,3,FALSE),"") -> bahan baku | G6: D002
A7: Bawang Putih Kupas | B7: B001-007 | C7: GR | D7: 45,19 | E7: B001 | F7: bahan baku | G7: D003
A8: Beras 25KG | B8: B001-008 | C8: GR | D8: 17,45 | E8: B001 | F8: =IFERROR(VLOOKUP(A8,Sheet3!$B$1:$E$313,3,FALSE),"") -> bahan baku | G8: I001
A9: Biji Kopi | B9: B001-009 | C9: GR | D9: 216,41 | E9: B001 | F9: =IFERROR(VLOOKUP(A9,Sheet3!$B$1:$E$313,3,FALSE),"") -> bahan baku | G9: M001
A10: Boba Pearl | B10: B001-010 | C10: GR | D10: 0 | E10: B001 | F10: =IFERROR(VLOOKUP(A10,Sheet3!$B$1:$E$313,3,FALSE),"") -> bahan baku | G10: P001
A11: Bolognese Sauce 25089E | B11: B001-011 | C11: GR | D11: 50,75 | E11: B001 | F11: =IFERROR(VLOOKUP(A11,Sheet3!$B$1:$E$313,3,FALSE),"") -> bahan baku | G11: P002
A12: Brown Sugar Sweet Chili Sauce | B12: B001-012 | C12: GR | D12: 50,39 | E12: B001 | F12: =IFERROR(VLOOKUP(A12,Sheet3!$B$1:$E$313,3,FALSE),"") -> bahan baku | G12: P003
A13: Bubuk Es Krim Vanilla - T1804 | B13: B001-013 | C13: GR | D13: 58,48 | E13: B001 | F13: bahan baku | G13: P004
A14: Bubuk Kopi | B14: B001-014 | C14: GR | D14: 0 | E14: B001 | F14: bahan baku | G14: S001
A15: Bumbu Bubuk Cabe (Lokal) | B15: B001-015 | C15: GR | D15: 71,80 | E15: B001 | F15: =IFERROR(VLOOKUP(A15,Sheet3!$B$1:$E$313,3,FALSE),"") -> bahan baku | G15: S002
A16: Bumbu Putih | B16: B001-016 | C16: GR | D16: 16,42 | E16: B001 | F16: =IFERROR(VLOOKUP(A16,Sheet3!$B$1:$E$313,3,FALSE),"") -> bahan baku | G16: S003
A17: Cabai Merah Keriting | B17: B001-017 | C17: GR | D17: 70 | E17: B001 | F17: =IFERROR(VLOOKUP(A17,Sheet3!$B$1:$E$313,3,FALSE),"") -> bahan baku | G17: T001
A18: Cabai Rawit Hijau | B18: B001-018 | C18: GR | D18: 74,35 | E18: B001 | F18: =IFERROR(VLOOKUP(A18,Sheet3!$B$1:$E$313,3,FALSE),"") -> bahan baku | G18: T002
A19: Cabai Rawit Merah | B19: B001-019 | C19: GR | D19: 105,83 | E19: B001 | F19: =IFERROR(VLOOKUP(A19,Sheet3!$B$1:$E$313,3,FALSE),"") -> bahan baku
A20: Cheese Cream Seasoning Powder-FLB10285 | B20: B001-020 | C20: GR | D20: 72,82 | E20: B001 | F20: =IFERROR(VLOOKUP(A20,Sheet3!$B$1:$E$313,3,FALSE),"") -> bahan baku
A21: Cheese Mayo Sauce | B21: B001-021 | C21: GR | D21: 0 | E21: B001 | F21: =IFERROR(VLOOKUP(A21,Sheet3!$B$1:$E$313,3,FALSE),"") -> others
A22: Cheese Spread | B22: B001-022 | C22: GR | D22: 67,26 | E22: B001 | F22: =IFERROR(VLOOKUP(A22,Sheet3!$B$1:$E$313,3,FALSE),"") -> bahan baku
A23: Chicken Bacon | B23: B001-023 | C23: GR | D23: 141,59 | E23: B001 | F23: =IFERROR(VLOOKUP(A23,Sheet3!$B$1:$E$313,3,FALSE),"") -> bahan baku
A24: Chicken Nugget | B24: B001-024 | C24: PCS | D24: 1.462,98 | E24: B001 | F24: =IFERROR(VLOOKUP(A24,Sheet3!$B$1:$E$313,3,FALSE),"") -> bahan baku
A25: Chicken Popcorn | B25: B001-025 | C25: GR | D25: 62,44 | E25: B001 | F25: =IFERROR(VLOOKUP(A25,Sheet3!$B$1:$E$313,3,FALSE),"") -> barang jadi
A26: Chicken Skin | B26: B001-026 | C26: GR | D26: 42,12 | E26: B001 | F26: =IFERROR(VLOOKUP(A26,Sheet3!$B$1:$E$313,3,FALSE),"") -> bahan baku
A27: Chicken Steak | B27: B001-027 | C27: GR | D27: 62,44 | E27: B001 | F27: =IFERROR(VLOOKUP(A27,Sheet3!$B$1:$E$313,3,FALSE),"") -> bahan baku
A28: Chili Sauce | B28: B001-028 | C28: GR | D28: 16,72 | E28: B001 | F28: =IFERROR(VLOOKUP(A28,Sheet3!$B$1:$E$313,3,FALSE),"") -> others
A29: Chili Sauce Flint | B29: B001-029 | C29: GR | D29: 0 | E29: B001 | F29: =IFERROR(VLOOKUP(A29,Sheet3!$B$1:$E$313,3,FALSE),"")
A30: Chili Sauce Sachet | B30: B001-030 | C30: SHT | D30: 300,29 | E30: B001 | F30: =IFERROR(VLOOKUP(A30,Sheet3!$B$1:$E$313,3,FALSE),"") -> others
A31: CIRENG BAHAN BAKU | B31: B001-031 | C31: PCS | D31: 588,30 | E31: B001 | F31: =IFERROR(VLOOKUP(A31,Sheet3!$B$1:$E$313,3,FALSE),"") -> bahan baku
A32: Coca-Cola | B32: B001-032 | C32: ML | D32: 12,74 | E32: B001 | F32: =IFERROR(VLOOKUP(A32,Sheet3!$B$1:$E$313,3,FALSE),"") -> bahan baku
A33: Cone Ice Cream Bahan Baku | B33: B001-033 | C33: PCS | D33: 705,96 | E33: B001 | F33: bahan baku
A34: Tepung Maizena | B34: B001-034 | C34: GR | D34: 32,61 | E34: B001 | F34: =IFERROR(VLOOKUP(A34,Sheet3!$B$1:$E$313,3,FALSE),"") -> bahan baku
A35: Cream Cheese | B35: B001-035 | C35: GR | D35: 117,77 | E35: B001 | F35: =IFERROR(VLOOKUP(A35,Sheet3!$B$1:$E$313,3,FALSE),"") -> bahan baku
A36: Daun Mint | B36: B001-036 | C36: GR | D36: 83,72 | E36: B001 | F36: =IFERROR(VLOOKUP(A36,Sheet3!$B$1:$E$313,3,FALSE),"") -> bahan baku
A37: Dome LID Sundae 12Oz | B37: B001-037 | C37: PCS | D37: 334,11 | E37: B001 | F37: bahan baku
A38: Egg Tart | B38: B001-038 | C38: PCS | D38: 6.487,71 | E38: B001 | F38: bahan baku
A39: Fish Steak | B39: B001-039 | C39: PCS | D39: 14.038,72 | E39: B001 | F39: =IFERROR(VLOOKUP(A39,Sheet3!$B$1:$E$313,3,FALSE),"") -> bahan baku
A40: Floor cleaner | B40: B001-040 | C40: PAI | D40: 42.869,05 | E40: B001 | F40: =IFERROR(VLOOKUP(A40,Sheet3!$B$1:$E$313,3,FALSE),"") -> others
A41: Garam | B41: B001-041 | C41: GR | D41: 0 | E41: B001 | F41: =IFERROR(VLOOKUP(A41,Sheet3!$B$1:$E$313,3,FALSE),"") -> bahan baku
A42: hershey's chocolate sauce | B42: B001-042 | C42: GR | D42: 112,29 | E42: B001 | F42: =IFERROR(VLOOKUP(A42,Sheet3!$B$1:$E$313,3,FALSE),"") -> bahan baku
A43: Saus Honey Mustard | B43: B001-043 | C43: GR | D43: 68,62 | E43: B001 | F43: =IFERROR(VLOOKUP(A43,Sheet3!$B$1:$E$313,3,FALSE),"") -> bahan baku
A44: Hot & Spicy Sauce | B44: B001-044 | C44: GR | D44: 0 | E44: B001 | F44: bahan baku
A45: Hot & Spicy Seasoning - FLB13231 | B45: B001-045 | C45: GR | D45: 0 | E45: B001 | F45: =IFERROR(VLOOKUP(A45,Sheet3!$B$1:$E$313,3,FALSE),"") -> bahan baku
A46: Ice Cream Peach Powder | B46: B001-046 | C46: GR | D46: 0 | E46: B001 | F46: =IFERROR(VLOOKUP(A46,Sheet3!$B$1:$E$313,3,FALSE),"") -> bahan baku
A47: Jeruk Nipis | B47: B001-047 | C47: GR | D47: 25,49 | E47: B001 | F47: =IFERROR(VLOOKUP(A47,Sheet3!$B$1:$E$313,3,FALSE),"") -> bahan baku
A48: Kecap Nasional Manis Refill | B48: B001-048 | C48: ML | D48: 52,09 | E48: B001 | F48: =IFERROR(VLOOKUP(A48,Sheet3!$B$1:$E$313,3,FALSE),"") -> bahan baku
A49: Keju Parut | B49: B001-049 | C49: GR | D49: 0 | E49: B001 | F49: =IFERROR(VLOOKUP(A49,Sheet3!$B$1:$E$313,3,FALSE),"") -> bahan baku
A50: Lemon | B50: B001-050 | C50: GR | D50: 32,55 | E50: B001 | F50: =IFERROR(VLOOKUP(A50,Sheet3!$B$1:$E$313,3,FALSE),"") -> bahan baku
A51: magnesol 135g (Bubuk Filter Minyak) | B51: B001-051 | C51: GR | D51: 194,04 | E51: B001 | F51: =IFERROR(VLOOKUP(A51,Sheet3!$B$1:$E$313,3,FALSE),"")
A52: Micin/MSG | B52: B001-052 | C52: GR | D52: 52 | E52: B001 | F52: =IFERROR(VLOOKUP(A52,Sheet3!$B$1:$E$313,3,FALSE),"") -> bahan baku
A53: Milk Tea Powder | B53: B001-053 | C53: GR | D53: 0 | E53: B001 | F53: =IFERROR(VLOOKUP(A53,Sheet3!$B$1:$E$313,3,FALSE),"") -> bahan baku
A54: Minyak Goreng | B54: B001-054 | C54: GR | D54: 5,38 | E54: B001 | F54: bahan baku
A55: MINYAK IKAN - DISCONTINUED | B55: B001-055 | C55: ML | D55: 0 | E55: B001 | F55: bahan baku
A56: Minyak Makan | B56: B001-056 | C56: ML | D56: 21,51 | E56: B001 | F56: =IFERROR(VLOOKUP(A56,Sheet3!$B$1:$E$313,3,FALSE),"") -> bahan baku
A57: Mixed Veggies | B57: B001-057 | C57: GR | D57: 27,09 | E57: B001 | F57: =IFERROR(VLOOKUP(A57,Sheet3!$B$1:$E$313,3,FALSE),"") -> bahan baku
A58: Mushroom Sauce 25104E | B58: B001-058 | C58: GR | D58: 86,94 | E58: B001 | F58: =IFERROR(VLOOKUP(A58,Sheet3!$B$1:$E$313,3,FALSE),"") -> bahan baku
A59: Ovaltine Cruncy POP | B59: B001-059 | C59: GR | D59: 0 | E59: B001 | F59: bahan baku
A60: Paprika Hijau | B60: B001-060 | C60: GR | D60: 108,68 | E60: B001 | F60: =IFERROR(VLOOKUP(A60,Sheet3!$B$1:$E$313,3,FALSE),"") -> bahan baku
A61: Paprika Merah | B61: B001-061 | C61: GR | D61: 129,55 | E61: B001 | F61: =IFERROR(VLOOKUP(A61,Sheet3!$B$1:$E$313,3,FALSE),"") -> bahan baku
A62: Parmesan Cheese | B62: B001-062 | C62: GR | D62: 330,15 | E62: B001 | F62: bahan baku
A63: Pineapple Slice | B63: B001-063 | C63: GR | D63: 45,82 | E63: B001 | F63: =IFERROR(VLOOKUP(A63,Sheet3!$B$1:$E$313,3,FALSE),"") -> bahan baku
A64: Pisang | B64: B001-064 | C64: GR | D64: 14,01 | E64: B001 | F64: =IFERROR(VLOOKUP(A64,Sheet3!$B$1:$E$313,3,FALSE),"") -> bahan baku
A65: Piscok | B65: B001-065 | C65: PCS | D65: 0 | E65: B001 | F65: bahan baku
A66: Pizza Crust | B66: B001-066 | C66: PCS | D66: 2.285,78 | E66: B001 | F66: =IFERROR(VLOOKUP(A66,Sheet3!$B$1:$E$313,3,FALSE),"") -> bahan baku
A67: Powder Royal Chocolate | B67: B001-067 | C67: GR | D67: 85,03 | E67: B001 | F67: bahan baku
A68: Rosebrand Fructose | B68: B001-068 | C68: GR | D68: 17,76 | E68: B001 | F68: =IFERROR(VLOOKUP(A68,Sheet3!$B$1:$E$313,3,FALSE),"") -> bahan baku
A69: Roti Tawar | B69: B001-069 | C69: SLC | D69: 1.934,57 | E69: B001 | F69: =IFERROR(VLOOKUP(A69,Sheet3!$B$1:$E$313,3,FALSE),"") -> bahan baku
A70: Saos Lada Hitam (20pack) | B70: B001-070 | C70: GR | D70: 47,14 | E70: B001 | F70: =IFERROR(VLOOKUP(A70,Sheet3!$B$1:$E$313,3,FALSE),"") -> bahan baku
A71: Selai Stroberi | B71: B001-071 | C71: GR | D71: 64,71 | E71: B001 | F71: =IFERROR(VLOOKUP(A71,Sheet3!$B$1:$E$313,3,FALSE),"") -> bahan baku
A72: Sirup Buah Madu | B72: B001-072 | C72: GR | D72: 47,78 | E72: B001 | F72: =IFERROR(VLOOKUP(A72,Sheet3!$B$1:$E$313,3,FALSE),"") -> bahan baku
A73: Sirup Bunga Sakura | B73: B001-073 | C73: ML | D73: 132,33 | E73: B001 | F73: =IFERROR(VLOOKUP(A73,Sheet3!$B$1:$E$313,3,FALSE),"") -> bahan baku
A74: Sirup Gula Aren | B74: B001-074 | C74: ML | D74: 48,40 | E74: B001 | F74: =IFERROR(VLOOKUP(A74,Sheet3!$B$1:$E$313,3,FALSE),"") -> bahan baku
A75: Sirup Karamel | B75: B001-075 | C75: ML | D75: 58,86 | E75: B001 | F75: =IFERROR(VLOOKUP(A75,Sheet3!$B$1:$E$313,3,FALSE),"") -> bahan baku
A76: Sirup Mawar | B76: B001-076 | C76: ML | D76: 57,54 | E76: B001 | F76: =IFERROR(VLOOKUP(A76,Sheet3!$B$1:$E$313,3,FALSE),"") -> bahan baku
A77: Sirup Strawberry | B77: B001-077 | C77: ML | D77: 0 | E77: B001 | F77: bahan baku
A78: Sosis Sapi | B78: B001-078 | C78: GR | D78: 118,26 | E78: B001 | F78: =IFERROR(VLOOKUP(A78,Sheet3!$B$1:$E$313,3,FALSE),"") -> bahan baku
A79: Spaghetti | B79: B001-079 | C79: GR | D79: 28,12 | E79: B001 | F79: =IFERROR(VLOOKUP(A79,Sheet3!$B$1:$E$313,3,FALSE),"") -> bahan baku
A80: Steak Sapi | B80: B001-080 | C80: SLC | D80: 0 | E80: B001 | F80: =IFERROR(VLOOKUP(A80,Sheet3!$B$1:$E$313,3,FALSE),"") -> bahan baku
A81: Susu Kental | B81: B001-081 | C81: GR | D81: 28,21 | E81: B001 | F81: =IFERROR(VLOOKUP(A81,Sheet3!$B$1:$E$313,3,FALSE),"") -> bahan baku
A82: FRESH MILK/SUSU MURNI | B82: B001-082 | C82: ML | D82: 21,61 | E82: B001 | F82: =IFERROR(VLOOKUP(A82,Sheet3!$B$1:$E$313,3,FALSE),"") -> bahan baku
A83: SUSU UHT FRISIAN FLAG 115ML | B83: B001-083 | C83: PCS | D83: 3.034 | E83: B001 | F83: =IFERROR(VLOOKUP(A83,Sheet3!$B$1:$E$313,3,FALSE),"") -> bahan baku
A84: Sweet and Sour Spicy Sauce | B84: B001-084 | C84: GR | D84: 0 | E84: B001 | F84: bahan baku
A85: Teh melati | B85: B001-085 | C85: GR | D85: 181,77 | E85: B001 | F85: bahan baku
A86: Teh Merah Ceylon | B86: B001-086 | C86: GR | D86: 107,22 | E86: B001 | F86: =IFERROR(VLOOKUP(A86,Sheet3!$B$1:$E$313,3,FALSE),"") -> bahan baku
A87: Telur | B87: B001-087 | C87: PCS | D87: 1.688,31 | E87: B001 | F87: =IFERROR(VLOOKUP(A87,Sheet3!$B$1:$E$313,3,FALSE),"") -> bahan baku
A88: Tepung Crispy Breading | B88: B001-088 | C88: GR | D88: 18,89 | E88: B001 | F88: =IFERROR(VLOOKUP(A88,Sheet3!$B$1:$E$313,3,FALSE),"") -> bahan baku
A89: Thinwall 25ML | B89: B001-089 | C89: PCS | D89: 166,37 | E89: B001 | F89: =IFERROR(VLOOKUP(A89,Sheet3!$B$1:$E$313,3,FALSE),"") -> others
A90: Thinwall 60ML | B90: B001-090 | C90: PCS | D90: 308,98 | E90: B001 | F90: =IFERROR(VLOOKUP(A90,Sheet3!$B$1:$E$313,3,FALSE),"") -> others
A91: TOMATO SAUCE 1KG | B91: B001-091 | C91: GR | D91: 19,96 | E91: B001 | F91: =IFERROR(VLOOKUP(A91,Sheet3!$B$1:$E$313,3,FALSE),"") -> bahan baku
A92: tomato sauce sachet | B92: B001-092 | C92: SHT | D92: 324,32 | E92: B001 | F92: =IFERROR(VLOOKUP(A92,Sheet3!$B$1:$E$313,3,FALSE),"") -> others
A93: Whipping Cream | B93: B001-093 | C93: ML | D93: 55,02 | E93: B001 | F93: =IFERROR(VLOOKUP(A93,Sheet3!$B$1:$E$313,3,FALSE),"") -> bahan baku
A94: Whole Wing Marinade - Original (cost) | B94: B001-094 | C94: PCS | D94: 0 | E94: B001 | F94: =IFERROR(VLOOKUP(A94,Sheet3!$B$1:$E$313,3,FALSE),"")
A95: GULA HALUS | B95: B001-095 | C95: GR | D95: 24,45 | E95: B001 | F95: =IFERROR(VLOOKUP(A95,Sheet3!$B$1:$E$313,3,FALSE),"") -> bahan baku
A96: MONTOUYA | B96: B001-096 | C96: PCS | D96: 0 | E96: B001 | F96: =IFERROR(VLOOKUP(A96,Sheet3!$B$1:$E$313,3,FALSE),"")
A97: AIR FILTER | B97: B001-097 | C97: CC | D97: 0 | E97: B001 | F97: =IFERROR(VLOOKUP(A97,Sheet3!$B$1:$E$313,3,FALSE),"")
A98: DAUN JERUK | B98: B001-098 | C98: GR | D98: -89,83 | E98: B001 | F98: =IFERROR(VLOOKUP(A98,Sheet3!$B$1:$E$313,3,FALSE),"") -> bahan baku
A99: AIR PANAS | B99: B001-099 | C99: CC | D99: 0 | E99: B001 | F99: =IFERROR(VLOOKUP(A99,Sheet3!$B$1:$E$313,3,FALSE),"")
A100: AIR | B100: B001-100 | C100: ML | D100: 0 | E100: B001 | F100: =IFERROR(VLOOKUP(A100,Sheet3!$B$1:$E$313,3,FALSE),"")
...

Sheet DASHBOARD
A1: FORM ADJUSTMENT
A2: PT. KREASI LIMA CAHAYA
A3: JCHICKEN CILEDUG
A4: BULAN, TAHUN:
A6: TANGGAL | B6: NAMA PRODUK | C6: KODE CSA | D6: JENIS | E6: JUMLAH | F6: SATUAN CSA | G6: ALASAN WASTE | H6: USER | I6: SECTION | J6: KATEGORI | L6: AUDIT | N6: Waste
A7: 01 Juni 2026 | C7: =IFERROR(VLOOKUP(B7,'Master data'!$A$1:$F$1000,2,FALSE),"") | D7: =IFERROR(VLOOKUP(B7,'Master data'!$A$1:$F$1000,6,FALSE),"") | F7: =IFERROR(VLOOKUP(B7,'Master data'!$A$1:$F$1000,3,FALSE),"") | K7: FALSE | L7: FALSE | M7: Avoidable food waste | N7: Produksi berlebihan
C8: =IFERROR(VLOOKUP(B8,'Master data'!$A$1:$F$1000,2,FALSE),"") | D8: =IFERROR(VLOOKUP(B8,'Master data'!$A$1:$F$1000,6,FALSE),"") | F8: =IFERROR(VLOOKUP(B8,'Master data'!$A$1:$F$1000,3,FALSE),"") | K8: FALSE | L8: FALSE | N8: Kesalahan produksi
C9: =IFERROR(VLOOKUP(B9,'Master data'!$A$1:$F$1000,2,FALSE),"") | D9: =IFERROR(VLOOKUP(B9,'Master data'!$A$1:$F$1000,6,FALSE),"") | F9: =IFERROR(VLOOKUP(B9,'Master data'!$A$1:$F$1000,3,FALSE),"") | K9: FALSE | L9: FALSE | M9: unavoidable food waste | N9: sampah makanan yang tidak dapat dihindari dan tidak dapat digunakan
C10: =IFERROR(VLOOKUP(B10,'Master data'!$A$1:$F$1000,2,FALSE),"") | D10: =IFERROR(VLOOKUP(B10,'Master data'!$A$1:$F$1000,6,FALSE),"") | F10: =IFERROR(VLOOKUP(B10,'Master data'!$A$1:$F$1000,3,FALSE),"") | K10: FALSE | L10: FALSE
C11: =IFERROR(VLOOKUP(B11,'Master data'!$A$1:$F$1000,2,FALSE),"") | D11: =IFERROR(VLOOKUP(B11,'Master data'!$A$1:$F$1000,6,FALSE),"") | F11: =IFERROR(VLOOKUP(B11,'Master data'!$A$1:$F$1000,3,FALSE),"") | K11: FALSE | L11: FALSE | M11: Preparation Waste
C12: =IFERROR(VLOOKUP(B12,'Master data'!$A$1:$F$1000,2,FALSE),"") | D12: =IFERROR(VLOOKUP(B12,'Master data'!$A$1:$F$1000,6,FALSE),"") | F12: =IFERROR(VLOOKUP(B12,'Master data'!$A$1:$F$1000,3,FALSE),"") | K12: FALSE | L12: FALSE
C13: =IFERROR(VLOOKUP(B13,'Master data'!$A$1:$F$1000,2,FALSE),"") | D13: =IFERROR(VLOOKUP(B13,'Master data'!$A$1:$F$1000,6,FALSE),"") | F13: =IFERROR(VLOOKUP(B13,'Master data'!$A$1:$F$1000,3,FALSE),"") | K13: FALSE | L13: FALSE | M13: Operational/Kitchen Waste
C14: =IFERROR(VLOOKUP(B14,'Master data'!$A$1:$F$1000,2,FALSE),"") | D14: =IFERROR(VLOOKUP(B14,'Master data'!$A$1:$F$1000,6,FALSE),"") | F14: =IFERROR(VLOOKUP(B14,'Master data'!$A$1:$F$1000,3,FALSE),"") | K14: FALSE | L14: FALSE
C15: =IFERROR(VLOOKUP(B15,'Master data'!$A$1:$F$1000,2,FALSE),"") | D15: =IFERROR(VLOOKUP(B15,'Master data'!$A$1:$F$1000,6,FALSE),"") | F15: =IFERROR(VLOOKUP(B15,'Master data'!$A$1:$F$1000,3,FALSE),"") | K15: FALSE | L15: FALSE | M15: Plate waste
C16: =IFERROR(VLOOKUP(B16,'Master data'!$A$1:$F$1000,2,FALSE),"") | D16: =IFERROR(VLOOKUP(B16,'Master data'!$A$1:$F$1000,6,FALSE),"") | F16: =IFERROR(VLOOKUP(B16,'Master data'!$A$1:$F$1000,3,FALSE),"") | K16: FALSE | L16: FALSE
C17: =IFERROR(VLOOKUP(B17,'Master data'!$A$1:$F$1000,2,FALSE),"") | D17: =IFERROR(VLOOKUP(B17,'Master data'!$A$1:$F$1000,6,FALSE),"") | F17: =IFERROR(VLOOKUP(B17,'Master data'!$A$1:$F$1000,3,FALSE),"") | K17: FALSE | L17: FALSE
C18: =IFERROR(VLOOKUP(B18,'Master data'!$A$1:$F$1000,2,FALSE),"") | D18: =IFERROR(VLOOKUP(B18,'Master data'!$A$1:$F$1000,6,FALSE),"") | F18: =IFERROR(VLOOKUP(B18,'Master data'!$A$1:$F$1000,3,FALSE),"") | K18: FALSE | L18: FALSE
C19: =IFERROR(VLOOKUP(B19,'Master data'!$A$1:$F$1000,2,FALSE),"") | D19: =IFERROR(VLOOKUP(B19,'Master data'!$A$1:$F$1000,6,FALSE),"") | F19: =IFERROR(VLOOKUP(B19,'Master data'!$A$1:$F$1000,3,FALSE),"") | K19: FALSE | L19: FALSE
C20: =IFERROR(VLOOKUP(B20,'Master data'!$A$1:$F$1000,2,FALSE),"") | D20: =IFERROR(VLOOKUP(B20,'Master data'!$A$1:$F$1000,6,FALSE),"") | F20: =IFERROR(VLOOKUP(B20,'Master data'!$A$1:$F$1000,3,FALSE),"") | K20: FALSE | L20: FALSE
C21: =IFERROR(VLOOKUP(B21,'Master data'!$A$1:$F$1000,2,FALSE),"") | D21: =IFERROR(VLOOKUP(B21,'Master data'!$A$1:$F$1000,6,FALSE),"") | F21: =IFERROR(VLOOKUP(B21,'Master data'!$A$1:$F$1000,3,FALSE),"") | K21: FALSE | L21: FALSE
C22: =IFERROR(VLOOKUP(B22,'Master data'!$A$1:$F$1000,2,FALSE),"") | D22: =IFERROR(VLOOKUP(B22,'Master data'!$A$1:$F$1000,6,FALSE),"") | F22: =IFERROR(VLOOKUP(B22,'Master data'!$A$1:$F$1000,3,FALSE),"") | K22: FALSE | L22: FALSE
C23: =IFERROR(VLOOKUP(B23,'Master data'!$A$1:$F$1000,2,FALSE),"") | D23: =IFERROR(VLOOKUP(B23,'Master data'!$A$1:$F$1000,6,FALSE),"") | F23: =IFERROR(VLOOKUP(B23,'Master data'!$A$1:$F$1000,3,FALSE),"") | K23: FALSE | L23: FALSE
C24: =IFERROR(VLOOKUP(B24,'Master data'!$A$1:$F$1000,2,FALSE),"") | D24: =IFERROR(VLOOKUP(B24,'Master data'!$A$1:$F$1000,6,FALSE),"") | F24: =IFERROR(VLOOKUP(B24,'Master data'!$A$1:$F$1000,3,FALSE),"") | K24: FALSE | L24: FALSE
C25: =IFERROR(VLOOKUP(B25,'Master data'!$A$1:$F$1000,2,FALSE),"") | D25: =IFERROR(VLOOKUP(B25,'Master data'!$A$1:$F$1000,6,FALSE),"") | F25: =IFERROR(VLOOKUP(B25,'Master data'!$A$1:$F$1000,3,FALSE),"") | K25: FALSE | L25: FALSE
C26: =IFERROR(VLOOKUP(B26,'Master data'!$A$1:$F$1000,2,FALSE),"") | D26: =IFERROR(VLOOKUP(B26,'Master data'!$A$1:$F$1000,6,FALSE),"") | F26: =IFERROR(VLOOKUP(B26,'Master data'!$A$1:$F$1000,3,FALSE),"") | K26: FALSE | L26: FALSE
C27: =IFERROR(VLOOKUP(B27,'Master data'!$A$1:$F$1000,2,FALSE),"") | D27: =IFERROR(VLOOKUP(B27,'Master data'!$A$1:$F$1000,6,FALSE),"") | F27: =IFERROR(VLOOKUP(B27,'Master data'!$A$1:$F$1000,3,FALSE),"") | K27: FALSE | L27: FALSE
... C1001: =IFERROR(VLOOKUP(B1001,'Master data'!$A$1:$F$1000,2,FALSE),"") | D1001: =IFERROR(VLOOKUP(B1001,'Master data'!$A$1:$F$1000,6,FALSE),"") | F1001: =IFERROR(VLOOKUP(B1001,'Master data'!$A$1:$F$1000,3,FALSE),"") | K1001: FALSE | L1001: FALSE

Sheet Sheet3
A1: TANGGAL | B1: NAMA PRODUK | C1: KODE CSA | D1: JENIS | E1: SATUAN CSA | F1: JUMLAH | G1: ALASAN WASTE | H1: USER
B2: SHOESTRING FRENCH FRIES | C2: B001-002 | D2: bahan baku | E2: GR
B3: Anchor Mozzarella Cheese | C3: B001-003 | D3: bahan baku | E3: GR
B4: Ayam Original Parting 9 | C4: B001-004 | D4: bahan baku | E4: PCS
B5: Ayam Utuh - Original | C5: B001-005 | D5: bahan baku | E5: PCS
B6: Bawang Bombay | C6: B001-006 | D6: bahan baku | E6: GR
B7: Bawang Putih | C7: B001-007 | D7: bahan baku | E7: GR
B8: Beras 25KG | C8: B001-008 | D8: bahan baku | E8: GR
B9: Biji Kopi | C9: B001-009 | D9: bahan baku | E9: GR
B10: Boba Pearl | C10: B001-010 | D10: bahan baku | E10: GR
B11: Bolognese Sauce 25089E | C11: B001-011 | D11: bahan baku | E11: GR
B12: Brown Sugar Sweet Chili Sauce | C12: B001-012 | D12: bahan baku | E12: GR
B13: Bubuk Es Krim Vanilla - FT1804 | C13: B001-013 | D13: bahan baku | E13: GR
... B260: WIP UNSWEETENED TEA BATCH | C260: P004-024 | D260: barang jadi & bahan baku | E260: ML
B261: WIP CAMPURAN OREN | D261: barang jadi & bahan baku
B262: WIP LEMON TEA BATCH | C262: P004-025 | D262: barang jadi & bahan baku | E262: ML
B263: WIP TOPING AYAM | C263: P004-026 | D263: barang jadi & bahan baku | E263: GR
B264: WIP PREP. EGG TART | C264: P004-027 | D264: barang jadi & bahan baku | E264: PCS
B265: WIP PREP. PANDAN SRIKAYA | C265: P004-028 | D265: barang jadi & bahan baku | E265: GR
B266: WIP SAOS TERIYAKI | C266: P004-029 | D266: barang jadi & bahan baku | E266: GR
B267: WIP PREP. VANILLA ICE CREAM | C267: P004-031 | D267: barang jadi & bahan baku | E267: GR
B268: WIP PREP. PEACH ICE CREAM | C268: P004-032 | D268: barang jadi & bahan baku | E268: GR
B269: WIP BOBA | C269: P004-033 | D269: barang jadi & bahan baku | E269: GR
B270: WIP TOPPING AYAM SAMBAL BAWANG | C270: P004-034 | D270: barang jadi & bahan baku | E270: GR
B271: WIP SAMBAL BAWANG | C271: P004-035 | D271: barang jadi & bahan baku | E271: GR
B272: WIP MATCHA ICE CREAM | C272: P004-036 | D272: barang jadi & bahan baku | E272: GR
B273: SAMBAL BAWANG TURBO CHICKEN | C273: P004-037 | D273: barang jadi & bahan baku | E273: PORSI
... B312: TOPI ULANG TAHUN | C312: P003-025 | D312: others | E312: PCS
B313: WIP CAMPURAN OREN | D313: barang jadi & bahan baku
B314: Plastik duo cup

Sheet ADJUSTMENT DESEMBER JC CILEDUG
A1: TANGGAL | B1: NAMA PRODUK | C1: KODE CSA | D1: JENIS | E1: SATUAN CSA | F1: JUMLAH | G1: ALASAN WASTE | H1: USER
A2: 45994 | B2: WIP BLENDED MILKY | C2: =VLOOKUP(B2,Sheet3!$B$2:$E$312,2,FALSE) -> P004-018 | D2: =VLOOKUP(B2,Sheet3!$B$2:$E$312,3,) -> barang jadi & bahan baku | E2: =VLOOKUP(B2,Sheet3!$B$2:$E$312,4,) -> GR | F2: 419 | G2: Training | H2: Fadli
A3: 45994 | B3: WIP MILK FOAM | C3: =VLOOKUP(B3,Sheet3!$B$2:$E$312,2,FALSE) -> P004-020 | D3: =VLOOKUP(B3,Sheet3!$B$2:$E$312,3,) -> barang jadi & bahan baku | E3: =VLOOKUP(B3,Sheet3!$B$2:$E$312,4,) -> GR | F3: 321 | G3: Training | H3: Fadli
A4: 45992 | B4: SIZZLING FRIED CHICKEN STEAK | C4: =VLOOKUP(B4,Sheet3!$B$2:$E$312,2,FALSE) -> S003-001 | D4: =VLOOKUP(B4,Sheet3!$B$2:$E$312,3,) -> barang jadi | E4: =VLOOKUP(B4,Sheet3!$B$2:$E$312,4,) -> PORSI | F4: 1 | G4: Training | H4: Fadli
A5: 45992 | B5: BEEF SAUSAGE PIZZA | C5: =VLOOKUP(B5,Sheet3!$B$2:$E$312,2,FALSE) -> P002-004 | D5: =VLOOKUP(B5,Sheet3!$B$2:$E$312,3,) -> barang jadi | E5: =VLOOKUP(B5,Sheet3!$B$2:$E$312,4,) -> PORSI | F5: 1 | G5: Training | H5: Fadli
A6: 45994 | B6: WIP NASI PUTIH | C6: =VLOOKUP(B6,Sheet3!$B$2:$E$312,2,FALSE) -> P004-013 | D6: =VLOOKUP(B6,Sheet3!$B$2:$E$312,3,) -> barang jadi & bahan baku | E6: =VLOOKUP(B6,Sheet3!$B$2:$E$312,4,) -> PCS | F6: 1 | G6: Kering | H6: Dendi
A7: 45994 | B7: WIP NASI PUTIH | C7: =VLOOKUP(B7,Sheet3!$B$2:$E$312,2,FALSE) -> P004-013 | D7: =VLOOKUP(B7,Sheet3!$B$2:$E$312,3,) -> barang jadi & bahan baku | E7: =VLOOKUP(B7,Sheet3!$B$2:$E$312,4,) -> PCS | F7: 19 | G7: Discard | H7: Dendi
A8: 45994 | B8: ORIGINAL TURBO CHICKEN | C8: =VLOOKUP(B8,Sheet3!$B$2:$E$312,2,FALSE) -> P004-001 | D8: =VLOOKUP(B8,Sheet3!$B$2:$E$312,3,) -> barang jadi & bahan baku | E8: =VLOOKUP(B8,Sheet3!$B$2:$E$312,4,) -> PCS | F8: 2 | G8: Training | H8: Iqbal
A9: 45994 | B9: Paprika Hijau | C9: =VLOOKUP(B9,Sheet3!$B$2:$E$312,2,FALSE) -> B001-060 | D9: =VLOOKUP(B9,Sheet3!$B$2:$E$312,3,) -> bahan baku | E9: =VLOOKUP(B9,Sheet3!$B$2:$E$312,4,) -> GR | F9: 12 | G9: Discard | H9: Tegar
A10: 45994 | B10: Paprika Merah | C10: =VLOOKUP(B10,Sheet3!$B$2:$E$312,2,FALSE) -> B001-061 | D10: =VLOOKUP(B10,Sheet3!$B$2:$E$312,3,) -> bahan baku | E10: =VLOOKUP(B10,Sheet3!$B$2:$E$312,4,) -> GR | F10: 12 | G10: Discard | H10: Tegar
A11: 45994 | B11: WIP NASI PUTIH | C11: =VLOOKUP(B11,Sheet3!$B$2:$E$312,2,FALSE) -> P004-013 | D11: =VLOOKUP(B11,Sheet3!$B$2:$E$312,3,) -> barang jadi & bahan baku | E11: =VLOOKUP(B11,Sheet3!$B$2:$E$312,4,) -> PCS | F11: 55 | G11: Discard | H11: Tegar
A12: 45994 | B12: WIP UNSWEERENED TEA BASE | C12: =VLOOKUP(B12,Sheet3!$B$2:$E$312,2,FALSE) -> #N/A | D12: =VLOOKUP(B12,Sheet3!$B$2:$E$312,3,) -> #N/A | E12: =VLOOKUP(B12,Sheet3!$B$2:$E$312,4,) -> #N/A | F12: 3500 | G12: Discard | H12: Fadli
A13: 45994 | B13: WIP RED TEA BASE | C13: =VLOOKUP(B13,Sheet3!$B$2:$E$312,2,FALSE) -> P004-022 | D13: =VLOOKUP(B13,Sheet3!$B$2:$E$312,3,) -> barang jadi & bahan baku | E13: =VLOOKUP(B13,Sheet3!$B$2:$E$312,4,) -> CC | F13: 1100 | G13: Discard | H13: Fadli
... A133: 46009 | B133: ORLEAN MEAT | C133: =VLOOKUP(B133,Sheet3!$B$2:$E$312,2,FALSE) -> B001-112 | D133: =VLOOKUP(B133,Sheet3!$B$2:$E$312,3,) -> bahan baku | E133: =VLOOKUP(B133,Sheet3!$B$2:$E$312,4,) -> GR | F133: 157 | G133: Discard | H133: Tegar
A134: 46009 | B134: Topping ayam sambal bali | C134: =VLOOKUP(B134,Sheet3!$B$2:$E$312,2,FALSE) -> #N/A | D134: =VLOOKUP(B134,Sheet3!$B$2:$E$312,3,) -> #N/A | E134: Gr | F134: 495 | G134: Discard | H134: Tegar
A135: 46009 | B135: WIP NASI PUTIH | C135: =VLOOKUP(B135,Sheet3!$B$2:$E$312,2,FALSE) -> P004-013 | D135: =VLOOKUP(B135,Sheet3!$B$2:$E$312,3,) -> barang jadi & bahan baku | E135: =VLOOKUP(B135,Sheet3!$B$2:$E$312,4,) -> PCS | F135: 4 | G135: Discard | H135: Karin
A136: 46009 | B136: AMERICAN FRIES | C136: =VLOOKUP(B136,Sheet3!$B$2:$E$312,2,FALSE) -> S002-007 | D136: =VLOOKUP(B136,Sheet3!$B$2:$E$312,3,) -> barang jadi | E136: =VLOOKUP(B136,Sheet3!$B$2:$E$312,4,) -> PORSI | F136: 1 | G136: Discard | H136: Karin
A137: 46010 | B137: Sosis Sapi | C137: =VLOOKUP(B137,Sheet3!$B$2:$E$312,2,FALSE) -> B001-078 | D137: =VLOOKUP(B137,Sheet3!$B$2:$E$312,3,) -> bahan baku | E137: =VLOOKUP(B137,Sheet3!$B$2:$E$312,4,) -> GR | F137: 76 | G137: Discard | H137: Rosidin
A138: 46010 | B138: Telur | C138: =VLOOKUP(B138,Sheet3!$B$2:$E$312,2,FALSE) -> B001-087 | D138: =VLOOKUP(B138,Sheet3!$B$2:$E$312,3,) -> bahan baku | E138: =VLOOKUP(B138,Sheet3!$B$2:$E$312,4,) -> PCS | F138: 1 | G138: pecah | H138: Rosidin
A139: 46010 | B139: Topping ayam sambal bali | C139: =VLOOKUP(B139,Sheet3!$B$2:$E$312,2,FALSE) -> #N/A | D139: =VLOOKUP(B139,Sheet3!$B$2:$E$312,3,) -> #N/A | E139: Gr | F139: 88 | G139: Discard | H139: Rosidin
A140: 46010 | B140: Telur | C140: =VLOOKUP(B140,Sheet3!$B$2:$E$312,2,FALSE) -> B001-087 | D140: =VLOOKUP(B140,Sheet3!$B$2:$E$312,3,) -> bahan baku | E140: =VLOOKUP(B140,Sheet3!$B$2:$E$312,4,) -> PCS | F140: 1 | G140: Discard | H140: Karin
A141: 46010 | B141: WIP TELUR KOCOK | C141: =VLOOKUP(B141,Sheet3!$B$2:$E$312,2,FALSE) -> P004-014 | D141: =VLOOKUP(B141,Sheet3!$B$2:$E$312,3,) -> barang jadi & bahan baku | E141: =VLOOKUP(B141,Sheet3!$B$2:$E$312,4,) -> GR | F141: 186 | G141: Discard | H141: Karin
A142: 46010 | B142: WIP UNSWEERENED TEA BASE | C142: =VLOOKUP(B142,Sheet3!$B$2:$E$312,2,FALSE) -> #N/A | D142: =VLOOKUP(B142,Sheet3!$B$2:$E$312,3,) -> #N/A | E142: =VLOOKUP(B142,Sheet3!$B$2:$E$312,4,) -> #N/A | F142: 3500 | G142: Discard | H142: Neza
A143: 46010 | B143: WIP GREEN TEA BASE | C143: =VLOOKUP(B143,Sheet3!$B$2:$E$312,2,FALSE) -> P004-023 | D143: =VLOOKUP(B143,Sheet3!$B$2:$E$312,3,) -> barang jadi & bahan baku | E143: =VLOOKUP(B143,Sheet3!$B$2:$E$312,4,) -> CC | F143: 2000 | G143: Discard | H143: Neza
A144: 46010 | B144: WIP LEMON TEA BATCH | C144: =VLOOKUP(B144,Sheet3!$B$2:$E$312,2,FALSE) -> P004-025 | D144: =VLOOKUP(B144,Sheet3!$B$2:$E$312,3,) -> barang jadi & bahan baku | E144: =VLOOKUP(B144,Sheet3!$B$2:$E$312,4,) -> ML | F144: 700 | G144: Discard | H144: Neza
A145: 46010 | B145: WIP RED TEA BASE | C145: =VLOOKUP(B145,Sheet3!$B$2:$E$312,2,FALSE) -> P004-022 | D145: =VLOOKUP(B145,Sheet3!$B$2:$E$312,3,) -> barang jadi & bahan baku | E145: =VLOOKUP(B145,Sheet3!$B$2:$E$312,4,) -> CC | F145: 2500 | G145: Discard | H145: Neza
A146: 46010 | B146: SCRAMBLED EGG | C146: =VLOOKUP(B146,Sheet3!$B$2:$E$312,2,FALSE) -> S001-002 | D146: =VLOOKUP(B146,Sheet3!$B$2:$E$312,3,) -> barang jadi | E146: =VLOOKUP(B146,Sheet3!$B$2:$E$312,4,) -> PORSI | F146: 2 | G146: Discard | H146: Karin
A147: 46010 | B147: WIP NASI PUTIH | C147: =VLOOKUP(B147,Sheet3!$B$2:$E$312,2,FALSE) -> P004-013 | D147: =VLOOKUP(B147,Sheet3!$B$2:$E$312,3,) -> barang jadi & bahan baku | E147: =VLOOKUP(B147,Sheet3!$B$2:$E$312,4,) -> PCS | F147: 13 | G147: Discard | H147: Karin
A148: 46010 | B148: WIP NASI PUTIH | C148: =VLOOKUP(B148,Sheet3!$B$2:$E$312,2,FALSE) -> P004-013 | D148: =VLOOKUP(B148,Sheet3!$B$2:$E$312,3,) -> barang jadi & bahan baku | E148: =VLOOKUP(B148,Sheet3!$B$2:$E$312,4,) -> PCS | F148: 12 | G148: Discard | H148: Karin
A149: 46010 | B149: WIP NASI PUTIH | C149: =VLOOKUP(B149,Sheet3!$B$2:$E$312,2,FALSE) -> P004-013 | D149: =VLOOKUP(B149,Sheet3!$B$2:$E$312,3,) -> barang jadi & bahan baku | E149: =VLOOKUP(B149,Sheet3!$B$2:$E$312,4,) -> PCS | F149: 16 | G149: Discard | H149: Karin
A150: 46011 | B150: WIP MILK FOAM | C150: =VLOOKUP(B150,Sheet3!$B$2:$E$312,2,FALSE) -> P004-020 | D150: =VLOOKUP(B150,Sheet3!$B$2:$E$312,3,) -> barang jadi & bahan baku | E150: =VLOOKUP(B150,Sheet3!$B$2:$E$312,4,) -> GR | F150: 249 | G150: Discard | H150: Neza
A151: 46011 | B151: WIP NASI PUTIH | C151: =VLOOKUP(B151,Sheet3!$B$2:$E$312,2,FALSE) -> P004-013 | D151: =VLOOKUP(B151,Sheet3!$B$2:$E$312,3,) -> barang jadi & bahan baku | E151: =VLOOKUP(B151,Sheet3!$B$2:$E$312,4,) -> PCS | F151: 21 | G151: Discard | H151: Nagof
... A175: 46013 | B175: WIP GREEN TEA BASE | C175: =VLOOKUP(B175,Sheet3!$B$2:$E$312,2,FALSE) -> P004-023 | D175: =VLOOKUP(B175,Sheet3!$B$2:$E$312,3,) -> barang jadi & bahan baku | E175: =VLOOKUP(B175,Sheet3!$B$2:$E$312,4,) -> CC | F175: 3500 | G175: Discard | H175: Neza
A176: 46013 | B176: WIP NASI PUTIH | C176: =VLOOKUP(B176,Sheet3!$B$2:$E$312,2,FALSE) -> P004-013 | D176: =VLOOKUP(B176,Sheet3!$B$2:$E$312,3,) -> barang jadi & bahan baku | E176: =VLOOKUP(B176,Sheet3!$B$2:$E$312,4,) -> PCS | F176: =4680/130 -> 36 | G176: Discard | H176: Karin
A177: 46013 | B177: WIP NASI PUTIH | C177: =VLOOKUP(B177,Sheet3!$B$2:$E$312,2,FALSE) -> P004-013 | D177: =VLOOKUP(B177,Sheet3!$B$2:$E$312,3,) -> barang jadi & bahan baku | E177: =VLOOKUP(B177,Sheet3!$B$2:$E$312,4,) -> PCS | F177: 28 | G177: Discard | H177: Karin
A178: 46013 | B178: WIP TELUR KOCOK | C178: =VLOOKUP(B178,Sheet3!$B$2:$E$312,2,FALSE) -> P004-014 | D178: =VLOOKUP(B178,Sheet3!$B$2:$E$312,3,) -> barang jadi & bahan baku | E178: =VLOOKUP(B178,Sheet3!$B$2:$E$312,4,) -> GR | F178: 285 | G178: Discard | H178: Karin
A179: 46013 | B179: SCRAMBLED EGG | C179: =VLOOKUP(B179,Sheet3!$B$2:$E$312,2,FALSE) -> S001-002 | D179: =VLOOKUP(B179,Sheet3!$B$2:$E$312,3,) -> barang jadi | E179: =VLOOKUP(B179,Sheet3!$B$2:$E$312,4,) -> PORSI | F179: 3 | G179: Discard | H179: Karin
A180: 46013 | B180: AMERICAN FRIES | C180: =VLOOKUP(B180,Sheet3!$B$2:$E$312,2,FALSE) -> S002-007 | D180: =VLOOKUP(B180,Sheet3!$B$2:$E$312,3,) -> barang jadi | E180: =VLOOKUP(B180,Sheet3!$B$2:$E$312,4,) -> PORSI | F180: 1 | G180: Discard | H180: Karin
A181: 46014 | B181: WIP TOPPING AYAM SAMBAL BAWANG | C181: =VLOOKUP(B181,Sheet3!$B$2:$E$312,2,FALSE) -> P004-034 | D181: =VLOOKUP(B181,Sheet3!$B$2:$E$312,3,) -> barang jadi & bahan baku | E181: =VLOOKUP(B181,Sheet3!$B$2:$E$312,4,) -> GR | F181: 454 | G181: Discard | H181: Dendi
A182: 46014 | B182: WIP NASI PUTIH | C182: =VLOOKUP(B182,Sheet3!$B$2:$E$312,2,FALSE) -> P004-013 | D182: =VLOOKUP(B182,Sheet3!$B$2:$E$312,3,) -> barang jadi & bahan baku | E182: =VLOOKUP(B182,Sheet3!$B$2:$E$312,4,) -> PCS | F182: 22 | G182: Discard | H182: Dendi
A183: 46014 | B183: WIP RED TEA BASE | C183: =VLOOKUP(B183,Sheet3!$B$2:$E$312,2,FALSE) -> P004-022 | D183: =VLOOKUP(B183,Sheet3!$B$2:$E$312,3,) -> barang jadi & bahan baku | E183: =VLOOKUP(B183,Sheet3!$B$2:$E$312,4,) -> CC | F183: 150 | G183: Discard | H183: Neza
A184: 46014 | B184: WIP LEMON TEA BATCH | C184: =VLOOKUP(B184,Sheet3!$B$2:$E$312,2,FALSE) -> P004-025 | D184: =VLOOKUP(B184,Sheet3!$B$2:$E$312,3,) -> barang jadi & bahan baku | E184: =VLOOKUP(B184,Sheet3!$B$2:$E$312,4,) -> ML | F184: 1000 | G184: Discard | H184: Neza
A185: 46014 | B185: WIP UNSWEERENED TEA BASE | C185: =VLOOKUP(B185,Sheet3!$B$2:$E$312,2,FALSE) -> #N/A | D185: =VLOOKUP(B185,Sheet3!$B$2:$E$312,3,) -> #N/A | E185: =VLOOKUP(B185,Sheet3!$B$2:$E$312,4,) -> #N/A | F185: 1000 | G185: Discard | H185: Neza
A186: 46014 | B186: WIP GREEN TEA BASE | C186: =VLOOKUP(B186,Sheet3!$B$2:$E$312,2,FALSE) -> P004-023 | D186: =VLOOKUP(B186,Sheet3!$B$2:$E$312,3,) -> barang jadi & bahan baku | E186: =VLOOKUP(B186,Sheet3!$B$2:$E$312,4,) -> CC | F186: 3400 | G186: Discard | H186: Neza
A187: 46015 | B187: FRESH MILK/SUSU MURNI | C187: =VLOOKUP(B187,Sheet3!$B$2:$E$312,2,FALSE) -> B001-082 | D187: =VLOOKUP(B187,Sheet3!$B$2:$E$312,3,) -> bahan baku | E187: =VLOOKUP(B187,Sheet3!$B$2:$E$312,4,) -> ML | F187: 300 | G187: Discard | H187: putra
A188: 46015 | B188: WIP MILK FOAM | C188: =VLOOKUP(B188,Sheet3!$B$2:$E$312,2,FALSE) -> P004-020 | D188: =VLOOKUP(B188,Sheet3!$B$2:$E$312,3,) -> barang jadi & bahan baku | E188: =VLOOKUP(B188,Sheet3!$B$2:$E$312,4,) -> GR | F188: 289 | G188: Discard | H188: Tegar
... A214: 46018 | B214: WIP SAUS GOLDEN | C214: =VLOOKUP(B214,Sheet3!$B$2:$E$312,2,FALSE) -> P004-012 | D214: =VLOOKUP(B214,Sheet3!$B$2:$E$312,3,) -> barang jadi & bahan baku | E214: =VLOOKUP(B214,Sheet3!$B$2:$E$312,4,) -> GR | F214: 378 | G214: Discard | H214: Tegar
A215: 46018 | B215: letuce | C215: =VLOOKUP(B215,Sheet3!$B$2:$E$312,2,FALSE) -> #N/A | D215: =VLOOKUP(B215,Sheet3!$B$2:$E$312,3,) -> #N/A | E215: Gr | F215: 128 | G215: Discard | H215: Tegar
A216: 46018 | B216: WIP BURGER BUN | C216: =VLOOKUP(B216,Sheet3!$B$2:$E$312,2,FALSE) -> P004-038 | D216: =VLOOKUP(B216,Sheet3!$B$2:$E$312,3,) -> barang jadi & bahan baku | E216: =VLOOKUP(B216,Sheet3!$B$2:$E$312,4,) -> PCS | F216: 1 | G216: Gagal produksi | H216: Tegar
A217: 46018 | B217: WIP BURGER BUN | C217: =VLOOKUP(B217,Sheet3!$B$2:$E$312,2,FALSE) -> P004-038 | D217: =VLOOKUP(B217,Sheet3!$B$2:$E$312,3,) -> barang jadi & bahan baku | E217: =VLOOKUP(B217,Sheet3!$B$2:$E$312,4,) -> PCS | F217: 4 | G217: Gagal produksi | H217: Tegar
A218: 46019 | B218: WIP GREEN TEA BASE | C218: =VLOOKUP(B218,Sheet3!$B$2:$E$312,2,FALSE) -> P004-023 | D218: =VLOOKUP(B218,Sheet3!$B$2:$E$312,3,) -> barang jadi & bahan baku | E218: =VLOOKUP(B218,Sheet3!$B$2:$E$312,4,) -> CC | F218: 1200 | G218: Discard | H218: Rifqi
A219: 46019 | B219: WIP LEMON TEA BATCH | C219: =VLOOKUP(B219,Sheet3!$B$2:$E$312,2,FALSE) -> P004-025 | D219: =VLOOKUP(B219,Sheet3!$B$2:$E$312,3,) -> barang jadi & bahan baku | E219: =VLOOKUP(B219,Sheet3!$B$2:$E$312,4,) -> ML | F219: 3000 | G219: Discard | H219: Rifqi
A220: 46019 | B220: WIP RED TEA BASE | C220: =VLOOKUP(B220,Sheet3!$B$2:$E$312,2,FALSE) -> P004-022 | D220: =VLOOKUP(B220,Sheet3!$B$2:$E$312,3,) -> barang jadi & bahan baku | E220: =VLOOKUP(B220,Sheet3!$B$2:$E$312,4,) -> CC | F220: 1800 | G220: Discard | H220: Rifqi
A221: 46019 | B221: WIP UNSWEERENED TEA BASE | C221: =VLOOKUP(B221,Sheet3!$B$2:$E$312,2,FALSE) -> #N/A | D221: =VLOOKUP(B221,Sheet3!$B$2:$E$312,3,) -> #N/A | E221: =VLOOKUP(B221,Sheet3!$B$2:$E$312,4,) -> #N/A | F221: 600 | G221: Discard | H221: Rifqi
A222: 46019 | B222: AMERICAN FRIES | C222: =VLOOKUP(B222,Sheet3!$B$2:$E$312,2,FALSE) -> S002-007 | D222: =VLOOKUP(B222,Sheet3!$B$2:$E$312,3,) -> barang jadi | E222: =VLOOKUP(B222,Sheet3!$B$2:$E$312,4,) -> PORSI | F222: 1 | G222: Discard | H222: arul
A223: 46019 | B223: ORIGINAL TURBO CHICKEN | C223: =VLOOKUP(B223,Sheet3!$B$2:$E$312,2,FALSE) -> P004-001 | D223: =VLOOKUP(B223,Sheet3!$B$2:$E$312,3,) -> barang jadi & bahan baku | E223: =VLOOKUP(B223,Sheet3!$B$2:$E$312,4,) -> PCS | F223: 1 | G223: Discard | H223: arul
A224: 46019 | B224: WIP NASI PUTIH | C224: =VLOOKUP(B224,Sheet3!$B$2:$E$312,2,FALSE) -> P004-013 | D224: =VLOOKUP(B224,Sheet3!$B$2:$E$312,3,) -> barang jadi & bahan baku | E224: =VLOOKUP(B224,Sheet3!$B$2:$E$312,4,) -> PCS | F224: 24 | G224: Discard | H224: Rosidin
A225: 46019 | B225: WIP NASI PUTIH | C225: =VLOOKUP(B225,Sheet3!$B$2:$E$312,2,FALSE) -> P004-013 | D225: =VLOOKUP(B225,Sheet3!$B$2:$E$312,3,) -> barang jadi & bahan baku | E225: =VLOOKUP(B225,Sheet3!$B$2:$E$312,4,) -> PCS | F225: 19 | G225: Discard | H225: Rosidin
A226: 46019 | B226: Mixed Veggies | C226: =VLOOKUP(B226,Sheet3!$B$2:$E$312,2,FALSE) -> B001-057 | D226: =VLOOKUP(B226,Sheet3!$B$2:$E$312,3,) -> bahan baku | E226: =VLOOKUP(B226,Sheet3!$B$2:$E$312,4,) -> GR | F226: 20 | G226: Discard | H226: Neza
A227: 46019 | B227: Cabai Merah Keriting | C227: =VLOOKUP(B227,Sheet3!$B$2:$E$312,2,FALSE) -> B001-017 | D227: =VLOOKUP(B227,Sheet3!$B$2:$E$312,3,) -> bahan baku | E227: =VLOOKUP(B227,Sheet3!$B$2:$E$312,4,) -> GR | F227: 384 | G227: Discard | H227: Neza
... A238: 46022 | B238: Mushroom Sauce 25104E | C238: =VLOOKUP(B238,Sheet3!$B$2:$E$312,2,FALSE) -> B001-058 | D238: =VLOOKUP(B238,Sheet3!$B$2:$E$312,3,) -> bahan baku | E238: =VLOOKUP(B238,Sheet3!$B$2:$E$312,4,) -> GR | F238: 223 | G238: Discard | H238: Neza
C239: =VLOOKUP(B239,Sheet3!$B$2:$E$312,2,FALSE) -> #N/A | D239: =VLOOKUP(B239,Sheet3!$B$2:$E$312,3,) -> #N/A | E239: =VLOOKUP(B239,Sheet3!$B$2:$E$312,4,) -> #N/A
C240: =VLOOKUP(B240,Sheet3!$B$2:$E$312,2,FALSE) -> #N/A | D240: =VLOOKUP(B240,Sheet3!$B$2:$E$312,3,) -> #N/A | E240: =VLOOKUP(B240,Sheet3!$B$2:$E$312,4,) -> #N/A
C241: =VLOOKUP(B241,Sheet3!$B$2:$E$312,2,FALSE) -> #N/A | D241: =VLOOKUP(B241,Sheet3!$B$2:$E$312,3,) -> #N/A | E241: =VLOOKUP(B241,Sheet3!$B$2:$E$312,4,) -> #N/A
C242: =VLOOKUP(B242,Sheet3!$B$2:$E$312,2,FALSE) -> #N/A | D242: =VLOOKUP(B242,Sheet3!$B$2:$E$312,3,) -> #N/A | E242: =VLOOKUP(B242,Sheet3!$B$2:$E$312,4,) -> #N/A
C243: =VLOOKUP(B243,Sheet3!$B$2:$E$312,2,FALSE) -> #N/A | D243: =VLOOKUP(B243,Sheet3!$B$2:$E$312,3,) -> #N/A | E243: =VLOOKUP(B243,Sheet3!$B$2:$E$312,4,) -> #N/A
C244: =VLOOKUP(B244,Sheet3!$B$2:$E$312,2,FALSE) -> #N/A | D244: =VLOOKUP(B244,Sheet3!$B$2:$E$312,3,) -> #N/A | E244: =VLOOKUP(B244,Sheet3!$B$2:$E$312,4,) -> #N/A
C245: =VLOOKUP(B245,Sheet3!$B$2:$E$312,2,FALSE) -> #N/A | D245: =VLOOKUP(B245,Sheet3!$B$2:$E$312,3,) -> #N/A | E245: =VLOOKUP(B245,Sheet3!$B$2:$E$312,4,) -> #N/A
C246: =VLOOKUP(B246,Sheet3!$B$2:$E$312,2,FALSE) -> #N/A | D246: =VLOOKUP(B246,Sheet3!$B$2:$E$312,3,) -> #N/A | E246: =VLOOKUP(B246,Sheet3!$B$2:$E$312,4,) -> #N/A
C247: =VLOOKUP(B247,Sheet3!$B$2:$E$312,2,FALSE) -> #N/A | D247: =VLOOKUP(B247,Sheet3!$B$2:$E$312,3,) -> #N/A | E247: =VLOOKUP(B247,Sheet3!$B$2:$E$312,4,) -> #N/A
C248: =VLOOKUP(B248,Sheet3!$B$2:$E$312,2,FALSE) -> #N/A | D248: =VLOOKUP(B248,Sheet3!$B$2:$E$312,3,) -> #N/A | E248: =VLOOKUP(B248,Sheet3!$B$2:$E$312,4,) -> #N/A
C249: =VLOOKUP(B249,Sheet3!$B$2:$E$312,2,FALSE) -> #N/A | D249: =VLOOKUP(B249,Sheet3!$B$2:$E$312,3,) -> #N/A | E249: =VLOOKUP(B249,Sheet3!$B$2:$E$312,4,) -> #N/A
C250: =VLOOKUP(B250,Sheet3!$B$2:$E$312,2,FALSE) -> #N/A | D250: =VLOOKUP(B250,Sheet3!$B$2:$E$312,3,) -> #N/A | E250: =VLOOKUP(B250,Sheet3!$B$2:$E$312,4,) -> #N/A
... C737: =VLOOKUP(B737,Sheet3!$B$2:$E$312,2,FALSE) -> #N/A | D737: =VLOOKUP(B737,Sheet3!$B$2:$E$312,3,) -> #N/A | E737: =VLOOKUP(B737,Sheet3!$B$2:$E$312,4,) -> #N/A
C738: =VLOOKUP(B738,Sheet3!$B$2:$E$312,2,FALSE) -> #N/A | D738: =VLOOKUP(B738,Sheet3!$B$2:$E$312,3,) -> #N/A
C739: =VLOOKUP(B739,Sheet3!$B$2:$E$312,2,FALSE) -> #N/A | D739: =VLOOKUP(B739,Sheet3!$B$2:$E$312,3,) -> #N/A
C740: =VLOOKUP(B740,Sheet3!$B$2:$E$312,2,FALSE) -> #N/A | D740: =VLOOKUP(B740,Sheet3!$B$2:$E$312,3,) -> #N/A
C741: =VLOOKUP(B741,Sheet3!$B$2:$E$312,2,FALSE) -> #N/A | D741: =VLOOKUP(B741,Sheet3!$B$2:$E$312,3,) -> #N/A
C742: =VLOOKUP(B742,Sheet3!$B$2:$E$312,2,FALSE) -> #N/A | D742: =VLOOKUP(B742,Sheet3!$B$2:$E$312,3,) -> #N/A
C743: =VLOOKUP(B743,Sheet3!$B$2:$E$312,2,FALSE) -> #N/A | D743: =VLOOKUP(B743,Sheet3!$B$2:$E$312,3,) -> #N/A
C744: =VLOOKUP(B744,Sheet3!$B$2:$E$312,2,FALSE) -> #N/A | D744: =VLOOKUP(B744,Sheet3!$B$2:$E$312,3,) -> #N/A
C745: =VLOOKUP(B745,Sheet3!$B$2:$E$312,2,FALSE) -> #N/A | D745: =VLOOKUP(B745,Sheet3!$B$2:$E$312,3,) -> #N/A
C746: =VLOOKUP(B746,Sheet3!$B$2:$E$312,2,FALSE) -> #N/A
C747: =VLOOKUP(B747,Sheet3!$B$2:$E$312,2,FALSE) -> #N/A

Sheet MARET 26
A1: TANGGAL | B1: NAMA PRODUK | C1: KODE CSA | D1: JENIS | E1: SATUAN CSA | F1: JUMLAH | G1: ALASAN WASTE | H1: USER | I1: audit
A2: 46025 | B2: Chicken Bacon | C2: =VLOOKUP(B2,Sheet3!$B$2:$E$312,2,FALSE) -> B001-023 | D2: =VLOOKUP(B2,Sheet3!$B$2:$E$312,3,) -> bahan baku | E2: =VLOOKUP(B2,Sheet3!$B$2:$E$312,4,) -> GR | F2: 389 | G2: discard | H2: Tegar | I2: v
B3: Tepung Crispy Breading | C3: =VLOOKUP(B3,Sheet3!$B$2:$E$312,2,FALSE) -> B001-088 | D3: =VLOOKUP(B3,Sheet3!$B$2:$E$312,3,) -> bahan baku | E3: =VLOOKUP(B3,Sheet3!$B$2:$E$312,4,) -> GR | F3: 8145 | G3: Bekas Breading | H3: Dani | I3: v
B4: WIP LEMON TEA BATCH | C4: =VLOOKUP(B4,Sheet3!$B$2:$E$312,2,FALSE) -> P004-025 | D4: =VLOOKUP(B4,Sheet3!$B$2:$E$312,3,) -> barang jadi & bahan baku | E4: =VLOOKUP(B4,Sheet3!$B$2:$E$312,4,) -> ML | F4: 700 | G4: discard | H4: Rosidin | I4: v
B5: WIP UNSWEERENED TEA BASE | C5: =VLOOKUP(B5,Sheet3!$B$2:$E$312,2,FALSE) -> #N/A | D5: =VLOOKUP(B5,Sheet3!$B$2:$E$312,3,) -> #N/A | E5: =VLOOKUP(B5,Sheet3!$B$2:$E$312,4,) -> #N/A | F5: 1000 | G5: discard | H5: rosidin | I5: v
B6: WIP NASI PUTIH | C6: =VLOOKUP(B6,Sheet3!$B$2:$E$312,2,FALSE) -> P004-013 | D6: =VLOOKUP(B6,Sheet3!$B$2:$E$312,3,) -> barang jadi & bahan baku | E6: =VLOOKUP(B6,Sheet3!$B$2:$E$312,4,) -> PCS | F6: 10 | G6: sisa/kering | H6: rosidin | I6: x | J6: seharusnya satuan GRAM (1287gr)
B7: SCRAMBLED EGG | C7: =VLOOKUP(B7,Sheet3!$B$2:$E$312,2,FALSE) -> S001-002 | D7: =VLOOKUP(B7,Sheet3!$B$2:$E$312,3,) -> barang jadi | E7: =VLOOKUP(B7,Sheet3!$B$2:$E$312,4,) -> PORSI | F7: 8 | G7: sisa | H7: rosidin | I7: x | J7: 5porsi
B8: FRENCH FRIES | C8: =VLOOKUP(B8,Sheet3!$B$2:$E$312,2,FALSE) -> S002-002 | D8: =VLOOKUP(B8,Sheet3!$B$2:$E$312,3,) -> barang jadi & bahan baku | E8: =VLOOKUP(B8,Sheet3!$B$2:$E$312,4,) -> PORSI | F8: 4 | G8: sisa | H8: rosidin | I8: x | J8: 2porsi
B9: ORIGINAL WING/DRUM STICK | C9: =VLOOKUP(B9,Sheet3!$B$2:$E$312,2,FALSE) -> J001-002 | D9: =VLOOKUP(B9,Sheet3!$B$2:$E$312,3,) -> barang jadi | E9: =VLOOKUP(B9,Sheet3!$B$2:$E$312,4,) -> PORSI | F9: 1 | G9: sisa | H9: rosidin | I9: v
B10: Pisang | C10: =VLOOKUP(B10,Sheet3!$B$2:$E$312,2,FALSE) -> B001-064 | D10: =VLOOKUP(B10,Sheet3!$B$2:$E$312,3,) -> bahan baku | E10: =VLOOKUP(B10,Sheet3!$B$2:$E$312,4,) -> GR | F10: 265 | G10: busuk | H10: neza | I10: v
A11: 46056 | B11: Jeruk Nipis | C11: =VLOOKUP(B11,Sheet3!$B$2:$E$312,2,FALSE) -> B001-047 | D11: =VLOOKUP(B11,Sheet3!$B$2:$E$312,3,) -> bahan baku | E11: =VLOOKUP(B11,Sheet3!$B$2:$E$312,4,) -> GR | F11: 390 | G11: busuk | H11: rifqi | I11: v
B12: WIP SELAI TOAST | C12: =VLOOKUP(B12,Sheet3!$B$2:$E$312,2,FALSE) -> P004-016 | D12: =VLOOKUP(B12,Sheet3!$B$2:$E$312,3,) -> barang jadi & bahan baku | E12: =VLOOKUP(B12,Sheet3!$B$2:$E$312,4,) -> GR | F12: 38 | G12: discard | H12: neza | I12: v
B13: Cabai Rawit Hijau | C13: =VLOOKUP(B13,Sheet3!$B$2:$E$312,2,FALSE) -> B001-018 | D13: =VLOOKUP(B13,Sheet3!$B$2:$E$312,3,) -> bahan baku | E13: =VLOOKUP(B13,Sheet3!$B$2:$E$312,4,) -> GR | F13: 300 | G13: tidak berguna | H13: neza | I13: v
B14: Tepung Crispy Breading | C14: =VLOOKUP(B14,Sheet3!$B$2:$E$312,2,FALSE) -> B001-088 | D14: =VLOOKUP(B14,Sheet3!$B$2:$E$312,3,) -> bahan baku | E14: =VLOOKUP(B14,Sheet3!$B$2:$E$312,4,) -> GR | F14: 4380 | G14: tidak berguna | H14: Dani | I14: v
B15: WIP NASI PUTIH | C15: =VLOOKUP(B15,Sheet3!$B$2:$E$312,2,FALSE) -> P004-013 | D15: =VLOOKUP(B15,Sheet3!$B$2:$E$312,3,) -> barang jadi & bahan baku | E15: =VLOOKUP(B15,Sheet3!$B$2:$E$312,4,) -> PCS | F15: 22 | G15: sisa | H15: Dendi | I15: x | J15: 2760gr
A16: 46084 | B16: WIP LEMON TEA BATCH | C16: =VLOOKUP(B16,Sheet3!$B$2:$E$312,2,FALSE) -> P004-025 | D16: =VLOOKUP(B16,Sheet3!$B$2:$E$312,3,) -> barang jadi & bahan baku | E16: =VLOOKUP(B16,Sheet3!$B$2:$E$312,4,) -> ML | F16: 500 | G16: sisa | I16: v
B17: WIP GREEN TEA BASE | C17: =VLOOKUP(B17,Sheet3!$B$2:$E$312,2,FALSE) -> P004-023 | D17: =VLOOKUP(B17,Sheet3!$B$2:$E$312,3,) -> barang jadi & bahan baku | E17: =VLOOKUP(B17,Sheet3!$B$2:$E$312,4,) -> CC | F17: 1300 | G17: sisa | I17: v
B18: WIP UNSWEERENED TEA BASE | C18: =VLOOKUP(B18,Sheet3!$B$2:$E$312,2,FALSE) -> #N/A | D18: =VLOOKUP(B18,Sheet3!$B$2:$E$312,3,) -> #N/A | E18: =VLOOKUP(B18,Sheet3!$B$2:$E$312,4,) -> #N/A | F18: 1000 | G18: sisa | I18: v
B19: Bawang Bombay | C19: =VLOOKUP(B19,Sheet3!$B$2:$E$312,2,FALSE) -> B001-006 | D19: =VLOOKUP(B19,Sheet3!$B$2:$E$312,3,) -> bahan baku | E19: =VLOOKUP(B19,Sheet3!$B$2:$E$312,4,) -> GR | F19: 100 | G19: tidak berguna | H19: neza | I19: v
B20: WIP TOPING AYAM | C20: =VLOOKUP(B20,Sheet3!$B$2:$E$312,2,FALSE) -> P004-026 | D20: =VLOOKUP(B20,Sheet3!$B$2:$E$312,3,) -> barang jadi & bahan baku | E20: =VLOOKUP(B20,Sheet3!$B$2:$E$312,4,) -> GR | F20: 76 | G20: basi | H20: neza | I20: v
B21: chili sauce | C21: =VLOOKUP(B21,Sheet3!$B$2:$E$312,2,FALSE) -> B001-028 | D21: =VLOOKUP(B21,Sheet3!$B$2:$E$312,3,) -> others | E21: =VLOOKUP(B21,Sheet3!$B$2:$E$312,4,) -> GR | F21: 175 | G21: Basi | H21: David | I21: v
B22: Tepung Crispy Breading | C22: =VLOOKUP(B22,Sheet3!$B$2:$E$312,2,FALSE) -> B001-088 | D22: =VLOOKUP(B22,Sheet3!$B$2:$E$312,3,) -> bahan baku | E22: =VLOOKUP(B22,Sheet3!$B$2:$E$312,4,) -> GR | F22: 3855 | G22: tidak berguna | H22: Dani | I22: v
B23: SCRAMBLED EGG | C23: =VLOOKUP(B23,Sheet3!$B$2:$E$312,2,FALSE) -> S001-002 | D23: =VLOOKUP(B23,Sheet3!$B$2:$E$312,3,) -> barang jadi | E23: =VLOOKUP(B23,Sheet3!$B$2:$E$312,4,) -> PORSI | F23: 9 | G23: sisa | H23: Dendi | I23: x | J23: 5porsi
B24: WIP NASI PUTIH | C24: =VLOOKUP(B24,Sheet3!$B$2:$E$312,2,FALSE) -> P004-013 | D24: =VLOOKUP(B24,Sheet3!$B$2:$E$312,3,) -> barang jadi & bahan baku | E24: =VLOOKUP(B24,Sheet3!$B$2:$E$312,4,) -> PCS | F24: 17 | G24: sisa | H24: Dendi | I24: x | J24: 2215gr
B25: WIP SAUS GOLDEN | C25: =VLOOKUP(B25,Sheet3!$B$2:$E$312,2,FALSE) -> P004-012 | D25: =VLOOKUP(B25,Sheet3!$B$2:$E$312,3,) -> barang jadi & bahan baku | E25: =VLOOKUP(B25,Sheet3!$B$2:$E$312,4,) -> GR | F25: 31 | G25: Basi | H25: tegar | I25: v
B26: WIP LEMON TEA BATCH | C26: =VLOOKUP(B26,Sheet3!$B$2:$E$312,2,FALSE) -> P004-025 | D26: =VLOOKUP(B26,Sheet3!$B$2:$E$312,3,) -> barang jadi & bahan baku | E26: =VLOOKUP(B26,Sheet3!$B$2:$E$312,4,) -> ML | F26: 1250 | G26: discard | H26: rifqi | I26: v
B27: WIP UNSWEERENED TEA BASE | C27: =VLOOKUP(B27,Sheet3!$B$2:$E$312,2,FALSE) -> #N/A | D27: =VLOOKUP(B27,Sheet3!$B$2:$E$312,3,) -> #N/A | E27: =VLOOKUP(B27,Sheet3!$B$2:$E$312,4,) -> #N/A | F27: 300 | G27: discard | H27: rifqi | I27: v
B28: WIP GREEN TEA BASE | C28: =VLOOKUP(B28,Sheet3!$B$2:$E$312,2,FALSE) -> P004-023 | D28: =VLOOKUP(B28,Sheet3!$B$2:$E$312,3,) -> barang jadi & bahan baku | E28: =VLOOKUP(B28,Sheet3!$B$2:$E$312,4,) -> CC | F28: 250 | G28: discard | H28: rifqi | I28: v
B29: WIP RED TEA BASE | C29: =VLOOKUP(B29,Sheet3!$B$2:$E$312,2,FALSE) -> P004-022 | D29: =VLOOKUP(B29,Sheet3!$B$2:$E$312,3,) -> barang jadi & bahan baku | E29: =VLOOKUP(B29,Sheet3!$B$2:$E$312,4,) -> CC | F29: 575 | G29: discard | H29: rifqi | I29: v
A30: 46115 | B30: Daun Mint | C30: =VLOOKUP(B30,Sheet3!$B$2:$E$312,2,FALSE) -> B001-036 | D30: =VLOOKUP(B30,Sheet3!$B$2:$E$312,3,) -> bahan baku | E30: =VLOOKUP(B30,Sheet3!$B$2:$E$312,4,) -> GR | F30: 4 | G30: busuk | H30: rifqi | I30: v
B31: WIP GREEN TEA BASE | C31: =VLOOKUP(B31,Sheet3!$B$2:$E$312,2,FALSE) -> P004-023 | D31: =VLOOKUP(B31,Sheet3!$B$2:$E$312,3,) -> barang jadi & bahan baku | E31: =VLOOKUP(B31,Sheet3!$B$2:$E$312,4,) -> CC | F31: 350 | G31: discard | H31: rifqi | I31: v
B32: WIP LEMON TEA BATCH | D32: =VLOOKUP(B32,Sheet3!$B$2:$E$312,3,) -> barang jadi & bahan baku | E32: =VLOOKUP(B32,Sheet3!$B$2:$E$312,4,) -> ML | F32: 1700 | G32: discard | H32: rifqi | I32: v
B33: Tepung Crispy Breading | C33: =VLOOKUP(B33,Sheet3!$B$2:$E$312,2,FALSE) -> B001-088 | D33: =VLOOKUP(B33,Sheet3!$B$2:$E$312,3,) -> bahan baku | E33: =VLOOKUP(B33,Sheet3!$B$2:$E$312,4,) -> GR | F33: 3450 | G33: tidak berguna | H33: dendi | I33: v
B34: HONEY SAUCE | C34: =VLOOKUP(B34,Sheet3!$B$2:$E$312,2,FALSE) -> B001-129 | D34: =VLOOKUP(B34,Sheet3!$B$2:$E$312,3,) -> bahan baku | E34: =VLOOKUP(B34,Sheet3!$B$2:$E$312,4,) -> GR | F34: 75 | G34: discard | H34: dendi | I34: v
B35: SCRAMBLED EGG | C35: =VLOOKUP(B35,Sheet3!$B$2:$E$312,2,FALSE) -> S001-002 | D35: =VLOOKUP(B35,Sheet3!$B$2:$E$312,3,) -> barang jadi | E35: =VLOOKUP(B35,Sheet3!$B$2:$E$312,4,) -> PORSI | F35: 5 | G35: sisa | H35: dendi | I35: x | J35: 7porsi
B36: Paprika Merah | C36: =VLOOKUP(B36,Sheet3!$B$2:$E$312,2,FALSE) -> B001-061 | D36: =VLOOKUP(B36,Sheet3!$B$2:$E$312,3,) -> bahan baku | E36: =VLOOKUP(B36,Sheet3!$B$2:$E$312,4,) -> GR | F36: 35 | G36: discard | H36: Tegar | I36: v
B37: WIP SELAI TOAST | C37: =VLOOKUP(B37,Sheet3!$B$2:$E$312,2,FALSE) -> P004-016 | D37: =VLOOKUP(B37,Sheet3!$B$2:$E$312,3,) -> barang jadi & bahan baku | E37: =VLOOKUP(B37,Sheet3!$B$2:$E$312,4,) -> GR | F37: 172 | G37: discard | H37: Tegar | I37: v
B38: Japanese Curry | C38: =VLOOKUP(B38,Sheet3!$B$2:$E$312,2,FALSE) -> #N/A | D38: =VLOOKUP(B38,Sheet3!$B$2:$E$312,3,) -> #N/A | E38: =VLOOKUP(B38,Sheet3!$B$2:$E$312,4,) -> #N/A | F38: 74 | G38: discard | H38: Tegar | I38: v
A39: 46145 | B39: MILAN-STYLE TOMATO MEAT SAUCE SPAGHETTI | C39: =VLOOKUP(B39,Sheet3!$B$2:$E$312,2,FALSE) -> P001-001 | D39: =VLOOKUP(B39,Sheet3!$B$2:$E$312,3,) -> barang jadi | E39: =VLOOKUP(B39,Sheet3!$B$2:$E$312,4,) -> PORSI | F39: 1 | G39: discard | I39: v
B40: Pisang | C40: =VLOOKUP(B40,Sheet3!$B$2:$E$312,2,FALSE) -> B001-064 | D40: =VLOOKUP(B40,Sheet3!$B$2:$E$312,3,) -> bahan baku | E40: =VLOOKUP(B40,Sheet3!$B$2:$E$312,4,) -> GR | F40: 643 | G40: busuk | H40: Rifqi | I40: v
B41: Tepung Crispy Breading | C41: =VLOOKUP(B41,Sheet3!$B$2:$E$312,2,FALSE) -> B001-088 | D41: =VLOOKUP(B41,Sheet3!$B$2:$E$312,3,) -> bahan baku | E41: =VLOOKUP(B41,Sheet3!$B$2:$E$312,4,) -> GR | F41: 5300 | G41: kering | I41: v
B42: SCRAMBLED EGG | C42: =VLOOKUP(B42,Sheet3!$B$2:$E$312,2,FALSE) -> S001-002 | D42: =VLOOKUP(B42,Sheet3!$B$2:$E$312,3,) -> barang jadi | E42: =VLOOKUP(B42,Sheet3!$B$2:$E$312,4,) -> PORSI | F42: 7 | G42: sisa | H42: dendi | I42: x | J42: 4porsi
B43: WIP NASI PUTIH | C43: =VLOOKUP(B43,Sheet3!$B$2:$E$312,2,FALSE) -> P004-013 | D43: =VLOOKUP(B43,Sheet3!$B$2:$E$312,3,) -> barang jadi & bahan baku | E43: =VLOOKUP(B43,Sheet3!$B$2:$E$312,4,) -> PCS | F43: 5 | G43: sisa | H43: dendi | I43: x | J43: 4porsi
B44: WIP UNSWEERENED TEA BASE | C44: =VLOOKUP(B44,Sheet3!$B$2:$E$312,2,FALSE) -> #N/A | D44: =VLOOKUP(B44,Sheet3!$B$2:$E$312,3,) -> #N/A | E44: =VLOOKUP(B44,Sheet3!$B$2:$E$312,4,) -> #N/A | F44: 1000 | G44: discard | H44: Rosidin | I44: v
B45: WIP LEMON TEA BATCH | C45: =VLOOKUP(B45,Sheet3!$B$2:$E$312,2,FALSE) -> P004-025 | D45: =VLOOKUP(B45,Sheet3!$B$2:$E$312,3,) -> barang jadi & bahan baku | E45: =VLOOKUP(B45,Sheet3!$B$2:$E$312,4,) -> ML | F45: 1500 | G45: discard | H45: Rosidin | I45: v
A46: 46176 | B46: Mixed Veggies | C46: =VLOOKUP(B46,Sheet3!$B$2:$E$312,2,FALSE) -> B001-057 | D46: =VLOOKUP(B46,Sheet3!$B$2:$E$312,3,) -> bahan baku | E46: =VLOOKUP(B46,Sheet3!$B$2:$E$312,4,) -> GR | F46: 110 | G46: discard | I46: v
B47: WIP MILK FOAM | C47: =VLOOKUP(B47,Sheet3!$B$2:$E$312,2,FALSE) -> P004-020 | D47: =VLOOKUP(B47,Sheet3!$B$2:$E$312,3,) -> barang jadi & bahan baku | E47: =VLOOKUP(B47,Sheet3!$B$2:$E$312,4,) -> GR | F47: 381 | G47: discard | H47: rosidin | I47: v
B48: WIP BURGER BUN | C48: =VLOOKUP(B48,Sheet3!$B$2:$E$312,2,FALSE) -> P004-038 | D48: =VLOOKUP(B48,Sheet3!$B$2:$E$312,3,) -> barang jadi & bahan baku | E48: =VLOOKUP(B48,Sheet3!$B$2:$E$312,4,) -> PCS | F48: 1 | G48: gagal fermentasi | I48: v
B49: Gelas Plastik 500ML | C49: =VLOOKUP(B49,Sheet3!$B$2:$E$312,2,FALSE) -> B002-005 | D49: =VLOOKUP(B49,Sheet3!$B$2:$E$312,3,) -> others | E49: =VLOOKUP(B49,Sheet3!$B$2:$E$312,4,) -> PCS | F49: 38 | G49: kekurangan gelas | H49: Rosidin | I49: v
B50: Chicken Steak | C50: =VLOOKUP(B50,Sheet3!$B$2:$E$312,2,FALSE) -> B001-027 | D50: =VLOOKUP(B50,Sheet3!$B$2:$E$312,3,) -> bahan baku | E50: =VLOOKUP(B50,Sheet3!$B$2:$E$312,4,) -> GR | F50: 249 | G50: discard | H50: rifqi | I50: v
B51: WIP SAUS SUSU | C51: =VLOOKUP(B51,Sheet3!$B$2:$E$312,2,FALSE) -> P004-011 | D51: =VLOOKUP(B51,Sheet3!$B$2:$E$312,3,) -> barang jadi & bahan baku | E51: =VLOOKUP(B51,Sheet3!$B$2:$E$312,4,) -> GR | F51: 86 | G51: basi | H51: Tegar | I51: v
B52: Bawang Bombay | C52: =VLOOKUP(B52,Sheet3!$B$2:$E$312,2,FALSE) -> B001-006 | D52: =VLOOKUP(B52,Sheet3!$B$2:$E$312,3,) -> bahan baku | E52: =VLOOKUP(B52,Sheet3!$B$2:$E$312,4,) -> GR | F52: 45 | G52: tidak terpakai | H52: Tegar | I52: v
B53: WIP SPAGHETTI | C53: =VLOOKUP(B53,Sheet3!$B$2:$E$312,2,FALSE) -> P004-021 | D53: =VLOOKUP(B53,Sheet3!$B$2:$E$312,3,) -> barang jadi & bahan baku | E53: =VLOOKUP(B53,Sheet3!$B$2:$E$312,4,) -> GR | F53: 169 | G53: basi | H53: Tegar | I53: v
B54: Cabai Rawit Hijau | C54: =VLOOKUP(B54,Sheet3!$B$2:$E$312,2,FALSE) -> B001-018 | D54: =VLOOKUP(B54,Sheet3!$B$2:$E$312,3,) -> bahan baku | E54: =VLOOKUP(B54,Sheet3!$B$2:$E$312,4,) -> GR | F54: 68 | G54: tdak terpakai | H54: Tegar | I54: v
B55: Pineapple Slice | C55: =VLOOKUP(B55,Sheet3!$B$2:$E$312,2,FALSE) -> B001-063 | D55: =VLOOKUP(B55,Sheet3!$B$2:$E$312,3,) -> bahan baku | E55: =VLOOKUP(B55,Sheet3!$B$2:$E$312,4,) -> GR | F55: 111 | G55: basi | H55: Tegar | I55: v
B56: WIP SPAGHETTI | C56: =VLOOKUP(B56,Sheet3!$B$2:$E$312,2,FALSE) -> P004-021 | D56: =VLOOKUP(B56,Sheet3!$B$2:$E$312,3,) -> barang jadi & bahan baku | E56: =VLOOKUP(B56,Sheet3!$B$2:$E$312,4,) -> GR | F56: 85 | G56: basi | H56: Tegar | I56: v
B57: Tepung Crispy Breading | C57: =VLOOKUP(B57,Sheet3!$B$2:$E$312,2,FALSE) -> B001-088 | D57: =VLOOKUP(B57,Sheet3!$B$2:$E$312,3,) -> bahan baku | E57: =VLOOKUP(B57,Sheet3!$B$2:$E$312,4,) -> GR | F57: 6210 | G57: tidak berguna | H57: dani | I57: v
B58: WIP SAUS GOLDEN | C58: =VLOOKUP(B58,Sheet3!$B$2:$E$312,2,FALSE) -> P004-012 | D58: =VLOOKUP(B58,Sheet3!$B$2:$E$312,3,) -> barang jadi & bahan baku | E58: =VLOOKUP(B58,Sheet3!$B$2:$E$312,4,) -> GR | F58: 23 | G58: basi | H58: Tegar | I58: v
B59: SCRAMBLED EGG | C59: =VLOOKUP(B59,Sheet3!$B$2:$E$312,2,FALSE) -> S001-002 | D59: =VLOOKUP(B59,Sheet3!$B$2:$E$312,3,) -> barang jadi | E59: =VLOOKUP(B59,Sheet3!$B$2:$E$312,4,) -> PORSI | F59: 8 | G59: sisa | H59: dendi | I59: x | J59: 4porsi
B60: WIP NASI PUTIH | C60: =VLOOKUP(B60,Sheet3!$B$2:$E$312,2,FALSE) -> P004-013 | D60: =VLOOKUP(B60,Sheet3!$B$2:$E$312,3,) -> barang jadi & bahan baku | E60: =VLOOKUP(B60,Sheet3!$B$2:$E$312,4,) -> PCS | F60: 13 | G60: sisa | H60: dendi | I60: x | J60: 12porsi
B61: ORIGINAL BREAST/THIGH | C61: =VLOOKUP(B61,Sheet3!$B$2:$E$312,2,FALSE) -> J001-004 | D61: =VLOOKUP(B61,Sheet3!$B$2:$E$312,3,) -> barang jadi | E61: =VLOOKUP(B61,Sheet3!$B$2:$E$312,4,) -> PORSI | F61: 2 | G61: sisa tidak terjual | H61: dendi | I61: v
B62: WIP BURGER BUN | C62: =VLOOKUP(B62,Sheet3!$B$2:$E$312,2,FALSE) -> P004-038 | D62: =VLOOKUP(B62,Sheet3!$B$2:$E$312,3,) -> barang jadi & bahan baku | E62: =VLOOKUP(B62,Sheet3!$B$2:$E$312,4,) -> PCS | F62: 1 | G62: tidak terjual | H62: Tegar | I62: v
B63: WIP UNSWEERENED TEA BASE | C63: =VLOOKUP(B63,Sheet3!$B$2:$E$312,2,FALSE) -> #N/A | D63: =VLOOKUP(B63,Sheet3!$B$2:$E$312,3,) -> #N/A | E63: =VLOOKUP(B63,Sheet3!$B$2:$E$312,4,) -> #N/A | F63: 1800 | G63: discard | H63: putra | I63: v
B64: WIP LEMON TEA BATCH | C64: =VLOOKUP(B64,Sheet3!$B$2:$E$312,2,FALSE) -> P004-025 | D64: barang jadi | E64: =VLOOKUP(B64,Sheet3!$B$2:$E$312,4,) -> ML | F64: 1250 | G64: discard | H64: putra | I64: v
A65: 46206 | B65: Plastik duo cup | C65: =VLOOKUP(B65,Sheet3!$B$2:$E$312,2,FALSE) -> #N/A | D65: =VLOOKUP(B65,Sheet3!$B$2:$E$312,3,) -> #N/A | E65: =VLOOKUP(B65,Sheet3!$B$2:$E$312,4,) -> #N/A | F65: 9 | G65: tidak bisa dipakai | H65: Manda | I65: v
B66: WIP SPAGHETTI | C66: =VLOOKUP(B66,Sheet3!$B$2:$E$312,2,FALSE) -> P004-021 | D66: =VLOOKUP(B66,Sheet3!$B$2:$E$312,3,) -> barang jadi & bahan baku | E66: =VLOOKUP(B66,Sheet3!$B$2:$E$312,4,) -> GR | F66: 81 | G66: basi | H66: Neza | I66: v
B67: Gelas Plastik 500ML | C67: =VLOOKUP(B67,Sheet3!$B$2:$E$312,2,FALSE) -> B002-005 | D67: =VLOOKUP(B67,Sheet3!$B$2:$E$312,3,) -> others | E67: =VLOOKUP(B67,Sheet3!$B$2:$E$312,4,) -> PCS | F67: 25 | G67: kekurangan gelas | H67: Rifqi | I67: v
B68: Tepung Crispy Breading | C68: =VLOOKUP(B68,Sheet3!$B$2:$E$312,2,FALSE) -> B001-088 | D68: =VLOOKUP(B68,Sheet3!$B$2:$E$312,3,) -> bahan baku | E68: =VLOOKUP(B68,Sheet3!$B$2:$E$312,4,) -> GR | F68: 5820 | G68: tidak berguna | H68: dani | I68: v
B69: WIP BURGER BUN | C69: =VLOOKUP(B69,Sheet3!$B$2:$E$312,2,FALSE) -> P004-038 | D69: =VLOOKUP(B69,Sheet3!$B$2:$E$312,3,) -> barang jadi & bahan baku | E69: =VLOOKUP(B69,Sheet3!$B$2:$E$312,4,) -> PCS | F69: 1 | G69: tidak ngembang | H69: neza | I69: v
B70: Cabai Rawit Hijau | C70: =VLOOKUP(B70,Sheet3!$B$2:$E$312,2,FALSE) -> B001-018 | D70: =VLOOKUP(B70,Sheet3!$B$2:$E$312,3,) -> bahan baku | E70: =VLOOKUP(B70,Sheet3!$B$2:$E$312,4,) -> GR | F70: 169 | G70: tidak berguna | H70: neza | I70: v
B71: WIP NASI PUTIH | C71: =VLOOKUP(B71,Sheet3!$B$2:$E$312,2,FALSE) -> P004-013 | D71: =VLOOKUP(B71,Sheet3!$B$2:$E$312,3,) -> barang jadi & bahan baku | E71: =VLOOKUP(B71,Sheet3!$B$2:$E$312,4,) -> PCS | F71: 25 | G71: sisa | H71: dendi | I71: x | J71: 21porsi
B72: WIP UNSWEERENED TEA BASE | C72: =VLOOKUP(B72,Sheet3!$B$2:$E$312,2,FALSE) -> #N/A | D72: =VLOOKUP(B72,Sheet3!$B$2:$E$312,3,) -> #N/A | E72: =VLOOKUP(B72,Sheet3!$B$2:$E$312,4,) -> #N/A | F72: 1200 | G72: discard | H72: Rifqi | I72: v
B73: WIP LEMON TEA BATCH | C73: =VLOOKUP(B73,Sheet3!$B$2:$E$312,2,FALSE) -> P004-025 | D73: =VLOOKUP(B73,Sheet3!$B$2:$E$312,3,) -> barang jadi & bahan baku | E73: =VLOOKUP(B73,Sheet3!$B$2:$E$312,4,) -> ML | F73: 2200 | G73: discard | H73: Rifqi | I73: v
B74: ORIGINAL WING/DRUM STICK | C74: =VLOOKUP(B74,Sheet3!$B$2:$E$312,2,FALSE) -> J001-002 | D74: =VLOOKUP(B74,Sheet3!$B$2:$E$312,3,) -> barang jadi | E74: =VLOOKUP(B74,Sheet3!$B$2:$E$312,4,) -> PORSI | F74: 1 | G74: tak terjual | H74: tegar | I74: v
A75: 46237 | B75: ROASTED CHEESE TOAST | C75: =VLOOKUP(B75,Sheet3!$B$2:$E$312,2,FALSE) -> D001-003 | D75: =VLOOKUP(B75,Sheet3!$B$2:$E$312,3,) -> barang jadi | E75: =VLOOKUP(B75,Sheet3!$B$2:$E$312,4,) -> PORSI | F75: 1 | G75: gosong sebelah | H75: neza | I75: v
B76: Jeruk Nipis | C76: =VLOOKUP(B76,Sheet3!$B$2:$E$312,2,FALSE) -> B001-047 | D76: =VLOOKUP(B76,Sheet3!$B$2:$E$312,3,) -> bahan baku | E76: =VLOOKUP(B76,Sheet3!$B$2:$E$312,4,) -> GR | F76: 668 | G76: busuk | I76: v
B77: Tepung Crispy Breading | C77: =VLOOKUP(B77,Sheet3!$B$2:$E$312,2,FALSE) -> B001-088 | D77: =VLOOKUP(B77,Sheet3!$B$2:$E$312,3,) -> bahan baku | E77: =VLOOKUP(B77,Sheet3!$B$2:$E$312,4,) -> GR | F77: 4060 | G77: tidak berguna | H77: dani | I77: v
B78: ORIGINAL WING/DRUM STICK | C78: =VLOOKUP(B78,Sheet3!$B$2:$E$312,2,FALSE) -> J001-002 | D78: =VLOOKUP(B78,Sheet3!$B$2:$E$312,3,) -> barang jadi | E78: =VLOOKUP(B78,Sheet3!$B$2:$E$312,4,) -> PORSI | F78: 2 | G78: sisa | H78: dendi | I78: v
B79: WIP RED TEA BASE | C79: =VLOOKUP(B79,Sheet3!$B$2:$E$312,2,FALSE) -> P004-022 | D79: =VLOOKUP(B79,Sheet3!$B$2:$E$312,3,) -> barang jadi & bahan baku | E79: =VLOOKUP(B79,Sheet3!$B$2:$E$312,4,) -> CC | F79: 1500 | G79: discard | H79: rifqi | I79: v
B80: WIP NASI PUTIH | C80: =VLOOKUP(B80,Sheet3!$B$2:$E$312,2,FALSE) -> P004-013 | D80: =VLOOKUP(B80,Sheet3!$B$2:$E$312,3,) -> barang jadi & bahan baku | E80: =VLOOKUP(B80,Sheet3!$B$2:$E$312,4,) -> PCS | F80: 18 | G80: sisa | H80: dendi | I80: x | J80: 17porsi
B81: WIP UNSWEERENED TEA BASE | C81: =VLOOKUP(B81,Sheet3!$B$2:$E$312,2,FALSE) -> #N/A | D81: =VLOOKUP(B81,Sheet3!$B$2:$E$312,3,) -> #N/A | E81: =VLOOKUP(B81,Sheet3!$B$2:$E$312,4,) -> #N/A | F81: 750 | G81: discard | H81: rifqi | I81: v
B82: SCRAMBLED EGG | C82: =VLOOKUP(B82,Sheet3!$B$2:$E$312,2,FALSE) -> S001-002 | D82: =VLOOKUP(B82,Sheet3!$B$2:$E$312,3,) -> barang jadi | E82: =VLOOKUP(B82,Sheet3!$B$2:$E$312,4,) -> PORSI | F82: 8 | G82: sisa | H82: dendi | I82: x | J82: 6porsi
B83: WIP LEMON TEA BATCH | C83: =VLOOKUP(B83,Sheet3!$B$2:$E$312,2,FALSE) -> P004-025 | D83: =VLOOKUP(B83,Sheet3!$B$2:$E$312,3,) -> barang jadi & bahan baku | E83: =VLOOKUP(B83,Sheet3!$B$2:$E$312,4,) -> ML | F83: 1400 | G83: discard | H83: rifqi | I83: v
B84: WIP GREEN TEA BASE | C84: =VLOOKUP(B84,Sheet3!$B$2:$E$312,2,FALSE) -> P004-023 | D84: =VLOOKUP(B84,Sheet3!$B$2:$E$312,3,) -> barang jadi & bahan baku | E84: =VLOOKUP(B84,Sheet3!$B$2:$E$312,4,) -> CC | F84: 150 | G84: discard | H84: rifqi | I84: v
A85: 46268 | B85: WIP MILK FOAM | C85: =VLOOKUP(B85,Sheet3!$B$2:$E$312,2,FALSE) -> P004-020 | D85: =VLOOKUP(B85,Sheet3!$B$2:$E$312,3,) -> barang jadi & bahan baku | E85: =VLOOKUP(B85,Sheet3!$B$2:$E$312,4,) -> GR | F85: 213 | G85: basi | H85: rosidin | I85: v
B86: Daun Mint | C86: =VLOOKUP(B86,Sheet3!$B$2:$E$312,2,FALSE) -> B001-036 | D86: =VLOOKUP(B86,Sheet3!$B$2:$E$312,3,) -> bahan baku | E86: =VLOOKUP(B86,Sheet3!$B$2:$E$312,4,) -> GR | F86: 25 | G86: busuk | H86: rosidin | I86: v
B87: Mushroom Sauce 25104E | C87: =VLOOKUP(B87,Sheet3!$B$2:$E$312,2,FALSE) -> B001-058 | D87: =VLOOKUP(B87,Sheet3!$B$2:$E$312,3,) -> bahan baku | E87: =VLOOKUP(B87,Sheet3!$B$2:$E$312,4,) -> GR | F87: 95 | G87: basi | H87: neza | I87: v
B88: WIP BLENDED MILKY | C88: =VLOOKUP(B88,Sheet3!$B$2:$E$312,2,FALSE) -> P004-018 | D88: =VLOOKUP(B88,Sheet3!$B$2:$E$312,3,) -> barang jadi & bahan baku | E88: =VLOOKUP(B88,Sheet3!$B$2:$E$312,4,) -> GR | F88: 64 | G88: discard | H88: rosidin | I88: v
B89: Cabai Rawit Hijau | C89: =VLOOKUP(B89,Sheet3!$B$2:$E$312,2,FALSE) -> B001-018 | D89: =VLOOKUP(B89,Sheet3!$B$2:$E$312,3,) -> bahan baku | E89: =VLOOKUP(B89,Sheet3!$B$2:$E$312,4,) -> GR | F89: 84 | G89: tdak berguna | H89: neza | I89: v
B90: Cone | C90: =VLOOKUP(B90,Sheet3!$B$2:$E$312,2,FALSE) -> B001-033 | D90: =VLOOKUP(B90,Sheet3!$B$2:$E$312,3,) -> bahan baku | E90: =VLOOKUP(B90,Sheet3!$B$2:$E$312,4,) -> PCS | F90: 17 | G90: remuk | H90: rosidin | I90: v
B91: Gelas Plastik 500ML | C91: =VLOOKUP(B91,Sheet3!$B$2:$E$312,2,FALSE) -> B002-005 | D91: =VLOOKUP(B91,Sheet3!$B$2:$E$312,3,) -> others | E91: =VLOOKUP(B91,Sheet3!$B$2:$E$312,4,) -> PCS | F91: 58 | G91: kekurangan gela | H91: rosidin | I91: v
B92: WIP RED TEA BASE | C92: =VLOOKUP(B92,Sheet3!$B$2:$E$312,2,FALSE) -> P004-022 | D92: =VLOOKUP(B92,Sheet3!$B$2:$E$312,3,) -> barang jadi & bahan baku | E92: =VLOOKUP(B92,Sheet3!$B$2:$E$312,4,) -> CC | F92: 1200 | G92: sisa | H92: aleta | I92: v
B93: Chicken Steak | C93: =VLOOKUP(B93,Sheet3!$B$2:$E$312,2,FALSE) -> B001-027 | D93: =VLOOKUP(B93,Sheet3!$B$2:$E$312,3,) -> bahan baku | E93: =VLOOKUP(B93,Sheet3!$B$2:$E$312,4,) -> GR | F93: 120 | G93: basi | H93: tegar | I93: x | J93: 135gr
B94: WIP GREEN TEA BASE | C94: =VLOOKUP(B94,Sheet3!$B$2:$E$312,2,FALSE) -> P004-023 | D94: =VLOOKUP(B94,Sheet3!$B$2:$E$312,3,) -> barang jadi & bahan baku | E94: =VLOOKUP(B94,Sheet3!$B$2:$E$312,4,) -> CC | F94: 1500 | G94: sisa | H94: aleta | I94: v
B95: Tepung Crispy Breading | C95: =VLOOKUP(B95,Sheet3!$B$2:$E$312,2,FALSE) -> B001-088 | D95: =VLOOKUP(B95,Sheet3!$B$2:$E$312,3,) -> bahan baku | E95: =VLOOKUP(B95,Sheet3!$B$2:$E$312,4,) -> GR | F95: 3880 | G95: kering | H95: david | I95: v
B96: WIP NASI PUTIH | C96: =VLOOKUP(B96,Sheet3!$B$2:$E$312,2,FALSE) -> P004-013 | D96: =VLOOKUP(B96,Sheet3!$B$2:$E$312,3,) -> barang jadi & bahan baku | E96: =VLOOKUP(B96,Sheet3!$B$2:$E$312,4,) -> PCS | F96: 3 | G96: kering | H96: tegar | I96: x | J96: 4porsi
A97: 46298 | B97: WIP LEMON TEA BATCH | C97: =VLOOKUP(B97,Sheet3!$B$2:$E$312,2,FALSE) -> P004-025 | D97: =VLOOKUP(B97,Sheet3!$B$2:$E$312,3,) -> barang jadi & bahan baku | E97: =VLOOKUP(B97,Sheet3!$B$2:$E$312,4,) -> ML | F97: 2000 | G97: sisa | I97: v
B98: WIP RED TEA BASE | C98: =VLOOKUP(B98,Sheet3!$B$2:$E$312,2,FALSE) -> P004-022 | D98: =VLOOKUP(B98,Sheet3!$B$2:$E$312,3,) -> barang jadi & bahan baku | E98: =VLOOKUP(B98,Sheet3!$B$2:$E$312,4,) -> CC | F98: 500 | G98: sisa | I98: v
B99: WIP GREEN TEA BASE | C99: =VLOOKUP(B99,Sheet3!$B$2:$E$312,2,FALSE) -> P004-023 | D99: =VLOOKUP(B99,Sheet3!$B$2:$E$312,3,) -> barang jadi & bahan baku | E99: =VLOOKUP(B99,Sheet3!$B$2:$E$312,4,) -> CC | F99: 450 | G99: sisa | I99: v
B100: SCRAMBLED EGG | C100: =VLOOKUP(B100,Sheet3!$B$2:$E$312,2,FALSE) -> S001-002 | D100: =VLOOKUP(B100,Sheet3!$B$2:$E$312,3,) -> barang jadi | E100: =VLOOKUP(B100,Sheet3!$B$2:$E$312,4,) -> PORSI | F100: 4 | G100: sisa | I100: v
...

Sheet JANUARI 26
A1: TANGGAL | B1: NAMA PRODUK | C1: KODE CSA | D1: JENIS | E1: SATUAN CSA | F1: JUMLAH | G1: ALASAN WASTE | H1: USER
A2: 46023 | B2: WIP MILK FOAM | C2: =VLOOKUP(B2,Sheet3!$B$2:$E$312,2,FALSE) -> P004-020 | D2: =VLOOKUP(B2,Sheet3!$B$2:$E$312,3,) -> barang jadi & bahan baku | E2: =VLOOKUP(B2,Sheet3!$B$2:$E$312,4,) -> GR | F2: 300 | G2: discard | H2: amanda
A3: 46023 | B3: HONEY INFERNO WHOLE CHICKEN | C3: =VLOOKUP(B3,Sheet3!$B$2:$E$312,2,FALSE) -> W001-007 | D3: =VLOOKUP(B3,Sheet3!$B$2:$E$312,3,) -> barang jadi | E3: =VLOOKUP(B3,Sheet3!$B$2:$E$312,4,) -> PORSI | F3: 1 | G3: berdarah | H3: tegar
A4: 46023 | B4: CARAMEL EGG TART | C4: =VLOOKUP(B4,Sheet3!$B$2:$E$312,2,FALSE) -> D001-004 | D4: =VLOOKUP(B4,Sheet3!$B$2:$E$312,3,) -> barang jadi | E4: =VLOOKUP(B4,Sheet3!$B$2:$E$312,4,) -> PORSI | F4: 2 | G4: gosong | H4: tegar
A5: 46023 | B5: Mixed Veggies | C5: =VLOOKUP(B5,Sheet3!$B$2:$E$312,2,FALSE) -> B001-057 | D5: =VLOOKUP(B5,Sheet3!$B$2:$E$312,3,) -> bahan baku | E5: =VLOOKUP(B5,Sheet3!$B$2:$E$312,4,) -> GR | F5: 84 | G5: discard | H5: dendi
A6: 46023 | B6: Pisang | C6: =VLOOKUP(B6,Sheet3!$B$2:$E$312,2,FALSE) -> B001-064 | D6: =VLOOKUP(B6,Sheet3!$B$2:$E$312,3,) -> bahan baku | E6: =VLOOKUP(B6,Sheet3!$B$2:$E$312,4,) -> GR | F6: 4 | G6: busuk | H6: dendi
A7: 46023 | B7: WIP NASI PUTIH | C7: =VLOOKUP(B7,Sheet3!$B$2:$E$312,2,FALSE) -> P004-013 | D7: =VLOOKUP(B7,Sheet3!$B$2:$E$312,3,) -> barang jadi & bahan baku | E7: GR | F7: 8710 | G7: Kering | H7: tegar
A8: 46023 | B8: WIP NASI PUTIH | C8: =VLOOKUP(B8,Sheet3!$B$2:$E$312,2,FALSE) -> P004-013 | D8: =VLOOKUP(B8,Sheet3!$B$2:$E$312,3,) -> barang jadi & bahan baku | E8: GR | F8: 3435 | G8: Kering | H8: tegar
A9: 46023 | B9: HONGKONG ICED LEMON TEA (BIG) | C9: =VLOOKUP(B9,Sheet3!$B$2:$E$312,2,FALSE) -> D003-001 | D9: =VLOOKUP(B9,Sheet3!$B$2:$E$312,3,) -> barang jadi | E9: ML | F9: 2800 | G9: discard | H9: dani
A10: 46024 | B10: Pizza Crust | C10: =VLOOKUP(B10,Sheet3!$B$2:$E$312,2,FALSE) -> B001-066 | D10: =VLOOKUP(B10,Sheet3!$B$2:$E$312,3,) -> bahan baku | E10: PCS | F10: 1 | G10: gagal fermentasi | H10: naufal
A11: 46024 | B11: Pizza Crust | C11: =VLOOKUP(B11,Sheet3!$B$2:$E$312,2,FALSE) -> B001-066 | D11: =VLOOKUP(B11,Sheet3!$B$2:$E$312,3,) -> bahan baku | E11: =VLOOKUP(B11,Sheet3!$B$2:$E$312,4,) -> PCS | F11: 1 | G11: gagal fermentasi | H11: neza
A12: 46024 | B12: HONGKONG ICED LEMON TEA (BIG) | C12: =VLOOKUP(B12,Sheet3!$B$2:$E$312,2,FALSE) -> D003-001 | D12: =VLOOKUP(B12,Sheet3!$B$2:$E$312,3,) -> barang jadi | E12: ML | F12: 2500 | G12: waste | H12: dani
A13: 46024 | B13: WIP NASI PUTIH | C13: =VLOOKUP(B13,Sheet3!$B$2:$E$312,2,FALSE) -> P004-013 | D13: =VLOOKUP(B13,Sheet3!$B$2:$E$312,3,) -> barang jadi & bahan baku | E13: GR | F13: 4195 | G13: discard | H13: tegar
A14: 45659 | B14: WIP NASI PUTIH | C14: =VLOOKUP(B14,Sheet3!$B$2:$E$312,2,FALSE) -> P004-013 | D14: =VLOOKUP(B14,Sheet3!$B$2:$E$312,3,) -> barang jadi & bahan baku | E14: GR | F14: 6050 | G14: sisa | H14: tegar
A15: 46024 | B15: Saus Honey Mustard | C15: =VLOOKUP(B15,Sheet3!$B$2:$E$312,2,FALSE) -> B001-043 | D15: =VLOOKUP(B15,Sheet3!$B$2:$E$312,3,) -> bahan baku | E15: =VLOOKUP(B15,Sheet3!$B$2:$E$312,4,) -> GR | F15: 459 | G15: discard | H15: tegar
A16: 46025 | B16: HONGKONG ICED LEMON TEA (BIG) | C16: =VLOOKUP(B16,Sheet3!$B$2:$E$312,2,FALSE) -> D003-001 | D16: =VLOOKUP(B16,Sheet3!$B$2:$E$312,3,) -> barang jadi | E16: ML | F16: 1800 | G16: waste | H16: dani
A17: 46025 | B17: Mixed Veggies | C17: =VLOOKUP(B17,Sheet3!$B$2:$E$312,2,FALSE) -> B001-057 | D17: =VLOOKUP(B17,Sheet3!$B$2:$E$312,3,) -> bahan baku | E17: =VLOOKUP(B17,Sheet3!$B$2:$E$312,4,) -> GR | F17: 64 | G17: waste | H17: dendi
A18: 46025 | B18: Ayam Original Parting 9 | C18: =VLOOKUP(B18,Sheet3!$B$2:$E$312,2,FALSE) -> B001-004 | D18: =VLOOKUP(B18,Sheet3!$B$2:$E$312,3,) -> bahan baku | E18: =VLOOKUP(B18,Sheet3!$B$2:$E$312,4,) -> PCS | F18: 3 | G18: waste | H18: tegar
A19: 46025 | B19: WIP NASI PUTIH | C19: =VLOOKUP(B19,Sheet3!$B$2:$E$312,2,FALSE) -> P004-013 | D19: =VLOOKUP(B19,Sheet3!$B$2:$E$312,3,) -> barang jadi & bahan baku | E19: GR | F19: 4925 | G19: waste | H19: tegar
A20: 46026 | B20: WIP NASI PUTIH | C20: =VLOOKUP(B20,Sheet3!$B$2:$E$312,2,FALSE) -> P004-013 | D20: =VLOOKUP(B20,Sheet3!$B$2:$E$312,3,) -> barang jadi & bahan baku | E20: GR | F20: 3905 | G20: waste | H20: tegar
A21: 46026 | B21: WIP NASI PUTIH | C21: =VLOOKUP(B21,Sheet3!$B$2:$E$312,2,FALSE) -> P004-013 | D21: =VLOOKUP(B21,Sheet3!$B$2:$E$312,3,) -> barang jadi & bahan baku | E21: GR | F21: 7500 | G21: waste | H21: tegar
A22: 46026 | B22: Ayam Original Parting 9 | C22: =VLOOKUP(B22,Sheet3!$B$2:$E$312,2,FALSE) -> B001-004 | D22: =VLOOKUP(B22,Sheet3!$B$2:$E$312,3,) -> bahan baku | E22: =VLOOKUP(B22,Sheet3!$B$2:$E$312,4,) -> PCS | F22: 2 | G22: waste | H22: tegar
A23: 46027 | B23: Ayam Original Parting 9 | C23: =VLOOKUP(B23,Sheet3!$B$2:$E$312,2,FALSE) -> B001-004 | D23: =VLOOKUP(B23,Sheet3!$B$2:$E$312,3,) -> bahan baku | E23: =VLOOKUP(B23,Sheet3!$B$2:$E$312,4,) -> PCS | F23: 2 | G23: waste | H23: tegar
A24: 46027 | B24: UNSWEETENED TEA | C24: =VLOOKUP(B24,Sheet3!$B$2:$E$312,2,FALSE) -> D003-003 | D24: =VLOOKUP(B24,Sheet3!$B$2:$E$312,3,) -> barang jadi | E24: GR | F24: 649 | G24: double order | H24: rosidin
A25: 46027 | B25: HONGKONG ICED LEMON TEA (BIG) | C25: =VLOOKUP(B25,Sheet3!$B$2:$E$312,2,FALSE) -> D003-001 | D25: =VLOOKUP(B25,Sheet3!$B$2:$E$312,3,) -> barang jadi | E25: ML | F25: 2250 | G25: waste | H25: rosidin
A26: 46027 | B26: WIP RED TEA BASE | C26: =VLOOKUP(B26,Sheet3!$B$2:$E$312,2,FALSE) -> P004-022 | D26: =VLOOKUP(B26,Sheet3!$B$2:$E$312,3,) -> barang jadi & bahan baku | E26: ML | F26: 300 | G26: waste | H26: rosidin
A27: 46027 | B27: UNSWEETENED TEA | C27: =VLOOKUP(B27,Sheet3!$B$2:$E$312,2,FALSE) -> D003-003 | D27: =VLOOKUP(B27,Sheet3!$B$2:$E$312,3,) -> barang jadi | E27: ML | F27: 2000 | G27: waste | H27: rosidin
A28: 46027 | B28: WIP SAUS SUSU | C28: =VLOOKUP(B28,Sheet3!$B$2:$E$312,2,FALSE) -> P004-011 | D28: =VLOOKUP(B28,Sheet3!$B$2:$E$312,3,) -> barang jadi & bahan baku | E28: =VLOOKUP(B28,Sheet3!$B$2:$E$312,4,) -> GR | F28: 76 | G28: discard | H28: nagop
A29: 46027 | B29: WIP TELUR KOCOK | C29: =VLOOKUP(B29,Sheet3!$B$2:$E$312,2,FALSE) -> P004-014 | D29: =VLOOKUP(B29,Sheet3!$B$2:$E$312,3,) -> barang jadi & bahan baku | E29: =VLOOKUP(B29,Sheet3!$B$2:$E$312,4,) -> GR | F29: 138 | G29: discard | H29: nagop
A30: 46027 | B30: WIP GREEN TEA BASE | C30: =VLOOKUP(B30,Sheet3!$B$2:$E$312,2,FALSE) -> P004-023 | D30: =VLOOKUP(B30,Sheet3!$B$2:$E$312,3,) -> barang jadi & bahan baku | E30: ML | F30: 1200 | G30: waste | H30: rosidin
A31: 46027 | B31: CONE ICE CREAM | C31: =VLOOKUP(B31,Sheet3!$B$2:$E$312,2,FALSE) -> I001-001 | D31: =VLOOKUP(B31,Sheet3!$B$2:$E$312,3,) -> barang jadi & bahan baku | E31: =VLOOKUP(B31,Sheet3!$B$2:$E$312,4,) -> PORSI | F31: 3 | G31: rusak | H31: rosidin
A32: 45663 | B32: Fish Steak | D32: =VLOOKUP(B32,Sheet3!$B$2:$E$312,3,) -> bahan baku | E32: =VLOOKUP(B32,Sheet3!$B$2:$E$312,4,) -> PCS | F32: 4 | G32: busuk | H32: putra
A33: 45663 | B33: BURGER BUN | C33: =VLOOKUP(B33,Sheet3!$B$2:$E$312,2,FALSE) -> B001-123 | D33: =VLOOKUP(B33,Sheet3!$B$2:$E$312,3,) -> bahan baku | E33: =VLOOKUP(B33,Sheet3!$B$2:$E$312,4,) -> PCS | F33: 2 | G33: berjamur | H33: neza
A34: 45663 | B34: BURGER BUN | C34: =VLOOKUP(B34,Sheet3!$B$2:$E$312,2,FALSE) -> B001-123 | D34: =VLOOKUP(B34,Sheet3!$B$2:$E$312,3,) -> bahan baku | E34: =VLOOKUP(B34,Sheet3!$B$2:$E$312,4,) -> PCS | F34: 1 | G34: gagal conveyor oven | H34: fadli
A35: 45663 | B35: Daun Mint | C35: =VLOOKUP(B35,Sheet3!$B$2:$E$312,2,FALSE) -> B001-036 | D35: =VLOOKUP(B35,Sheet3!$B$2:$E$312,3,) -> bahan baku | E35: =VLOOKUP(B35,Sheet3!$B$2:$E$312,4,) -> GR | F35: 68 | G35: rusak / kering | H35: rifki
A36: 46028 | B36: Ayam Original Parting 9 | C36: =VLOOKUP(B36,Sheet3!$B$2:$E$312,2,FALSE) -> B001-004 | D36: =VLOOKUP(B36,Sheet3!$B$2:$E$312,3,) -> bahan baku | E36: =VLOOKUP(B36,Sheet3!$B$2:$E$312,4,) -> PCS | F36: 2 | G36: busuk / bau | H36: putra
A37: 46028 | B37: SELADA / LETTUCE | C37: =VLOOKUP(B37,Sheet3!$B$2:$E$312,2,FALSE) -> B001-125 | D37: =VLOOKUP(B37,Sheet3!$B$2:$E$312,3,) -> bahan baku | E37: =VLOOKUP(B37,Sheet3!$B$2:$E$312,4,) -> GR | F37: 31 | G37: busuk | H37: putra
A38: 46028 | B38: Paprika Hijau | C38: =VLOOKUP(B38,Sheet3!$B$2:$E$312,2,FALSE) -> B001-060 | D38: =VLOOKUP(B38,Sheet3!$B$2:$E$312,3,) -> bahan baku | E38: =VLOOKUP(B38,Sheet3!$B$2:$E$312,4,) -> GR | F38: 10 | G38: sudah tidak layak | H38: putra
A39: 46028 | B39: Pizza Crust | C39: =VLOOKUP(B39,Sheet3!$B$2:$E$312,2,FALSE) -> B001-066 | D39: =VLOOKUP(B39,Sheet3!$B$2:$E$312,3,) -> bahan baku | E39: =VLOOKUP(B39,Sheet3!$B$2:$E$312,4,) -> PCS | F39: 1 | G39: gagal fermentasi | H39: putra
A40: 46028 | B40: WIP RED TEA BASE | C40: =VLOOKUP(B40,Sheet3!$B$2:$E$312,2,FALSE) -> P004-022 | D40: =VLOOKUP(B40,Sheet3!$B$2:$E$312,3,) -> barang jadi & bahan baku | E40: ML | F40: 2000 | G40: dibuang | H40: rifki
A41: 46028 | B41: WIP UNSWEERENED TEA BASE | C41: =VLOOKUP(B41,Sheet3!$B$2:$E$312,2,FALSE) -> #N/A | D41: =VLOOKUP(B41,Sheet3!$B$2:$E$312,3,) -> #N/A | E41: ML | F41: 1800 | G41: discard | H41: rifki
A42: 46028 | B42: WIP GREEN TEA BASE | C42: =VLOOKUP(B42,Sheet3!$B$2:$E$312,2,FALSE) -> P004-023 | D42: =VLOOKUP(B42,Sheet3!$B$2:$E$312,3,) -> barang jadi & bahan baku | E42: ML | F42: 1200 | G42: discard | H42: rifki
A43: 46028 | B43: Ayam Original Parting 9 | C43: =VLOOKUP(B43,Sheet3!$B$2:$E$312,2,FALSE) -> B001-004 | D43: =VLOOKUP(B43,Sheet3!$B$2:$E$312,3,) -> bahan baku | E43: =VLOOKUP(B43,Sheet3!$B$2:$E$312,4,) -> PCS | F43: 1 | G43: double order | H43: putra
A44: 46029 | B44: WIP SAUS GOLDEN | C44: =VLOOKUP(B44,Sheet3!$B$2:$E$312,2,FALSE) -> P004-012 | D44: =VLOOKUP(B44,Sheet3!$B$2:$E$312,3,) -> barang jadi & bahan baku | E44: =VLOOKUP(B44,Sheet3!$B$2:$E$312,4,) -> GR | F44: 169 | G44: basi | H44: rifki
A45: 46029 | B45: Coca-Cola | C45: =VLOOKUP(B45,Sheet3!$B$2:$E$312,2,FALSE) -> B001-032 | D45: =VLOOKUP(B45,Sheet3!$B$2:$E$312,3,) -> bahan baku | E45: =VLOOKUP(B45,Sheet3!$B$2:$E$312,4,) -> ML | F45: 300 | G45: discard | H45: rosidin
A46: 46029 | B46: Pizza Crust | C46: =VLOOKUP(B46,Sheet3!$B$2:$E$312,2,FALSE) -> B001-066 | D46: =VLOOKUP(B46,Sheet3!$B$2:$E$312,3,) -> bahan baku | E46: =VLOOKUP(B46,Sheet3!$B$2:$E$312,4,) -> PCS | F46: 1 | G46: jatuh | H46: nagop
A47: 46029 | B47: WIP GREEN TEA BASE | C47: =VLOOKUP(B47,Sheet3!$B$2:$E$312,2,FALSE) -> P004-023 | D47: =VLOOKUP(B47,Sheet3!$B$2:$E$312,3,) -> barang jadi & bahan baku | E47: ML | F47: 650 | G47: waste | H47: rosidin
A48: 46029 | B48: WIP RED TEA BASE | C48: =VLOOKUP(B48,Sheet3!$B$2:$E$312,2,FALSE) -> P004-022 | D48: =VLOOKUP(B48,Sheet3!$B$2:$E$312,3,) -> barang jadi & bahan baku | E48: Ml | F48: 700 | G48: waste | H48: rosidin
A49: 46029 | B49: Mushroom Sauce 25104E | C49: =VLOOKUP(B49,Sheet3!$B$2:$E$312,2,FALSE) -> B001-058 | D49: =VLOOKUP(B49,Sheet3!$B$2:$E$312,3,) -> bahan baku | E49: =VLOOKUP(B49,Sheet3!$B$2:$E$312,4,) -> GR | F49: 192 | G49: basi | H49: putra
A50: 46029 | B50: WIP UNSWEERENED TEA BASE | C50: =VLOOKUP(B50,Sheet3!$B$2:$E$312,2,FALSE) -> #N/A | D50: =VLOOKUP(B50,Sheet3!$B$2:$E$312,3,) -> #N/A | E50: =VLOOKUP(B50,Sheet3!$B$2:$E$312,4,) -> #N/A | F50: 2500 | G50: waste | H50: rosidin
A51: 46029 | B51: Mixed Veggies | C51: =VLOOKUP(B51,Sheet3!$B$2:$E$312,2,FALSE) -> B001-057 | D51: =VLOOKUP(B51,Sheet3!$B$2:$E$312,3,) -> bahan baku | E51: =VLOOKUP(B51,Sheet3!$B$2:$E$312,4,) -> GR | F51: 45 | G51: discard | H51: nagop
A52: 46029 | B52: HONGKONG ICED LEMON TEA (BIG) | C52: =VLOOKUP(B52,Sheet3!$B$2:$E$312,2,FALSE) -> D003-001 | D52: =VLOOKUP(B52,Sheet3!$B$2:$E$312,3,) -> barang jadi | E52: ML | F52: 2000 | G52: waste | H52: rosidin
A53: 46030 | B53: BURGER BUN | C53: =VLOOKUP(B53,Sheet3!$B$2:$E$312,2,FALSE) -> B001-123 | D53: =VLOOKUP(B53,Sheet3!$B$2:$E$312,3,) -> bahan baku | E53: =VLOOKUP(B53,Sheet3!$B$2:$E$312,4,) -> PCS | F53: 2 | G53: gagal fermentasi | H53: naufal
A54: 46030 | B54: Mixed Veggies | C54: =VLOOKUP(B54,Sheet3!$B$2:$E$312,2,FALSE) -> B001-057 | D54: =VLOOKUP(B54,Sheet3!$B$2:$E$312,3,) -> bahan baku | E54: =VLOOKUP(B54,Sheet3!$B$2:$E$312,4,) -> GR | F54: 61 | G54: discard | H54: rosidin
A55: 46030 | B55: Pisang | C55: =VLOOKUP(B55,Sheet3!$B$2:$E$312,2,FALSE) -> B001-064 | D55: =VLOOKUP(B55,Sheet3!$B$2:$E$312,3,) -> bahan baku | E55: =VLOOKUP(B55,Sheet3!$B$2:$E$312,4,) -> GR | F55: 438 | G55: discard | H55: rosidin
A56: 46030 | B56: WIP NASI PUTIH | C56: =VLOOKUP(B56,Sheet3!$B$2:$E$312,2,FALSE) -> P004-013 | D56: =VLOOKUP(B56,Sheet3!$B$2:$E$312,3,) -> barang jadi & bahan baku | E56: GR | F56: 3085 | G56: discard | H56: tegar
A57: 46030 | B57: CHEESE POWDER | C57: =VLOOKUP(B57,Sheet3!$B$2:$E$312,2,FALSE) -> S001-005 | D57: =VLOOKUP(B57,Sheet3!$B$2:$E$312,3,) -> barang jadi | E57: GR | F57: 53 | G57: discard | H57: tegar
A58: 46031 | B58: CONE ICE CREAM | C58: =VLOOKUP(B58,Sheet3!$B$2:$E$312,2,FALSE) -> I001-001 | D58: =VLOOKUP(B58,Sheet3!$B$2:$E$312,3,) -> barang jadi & bahan baku | E58: =VLOOKUP(B58,Sheet3!$B$2:$E$312,4,) -> PORSI | F58: 49 | G58: rusak | H58: neza
A59: 46031 | B59: CIRENG BAHAN BAKU | C59: =VLOOKUP(B59,Sheet3!$B$2:$E$312,2,FALSE) -> B001-031 | D59: =VLOOKUP(B59,Sheet3!$B$2:$E$312,3,) -> bahan baku | E59: =VLOOKUP(B59,Sheet3!$B$2:$E$312,4,) -> PCS | F59: 3 | G59: berjamur | H59: fadli
A60: 46031 | B60: WIP TOPING AYAM | C60: =VLOOKUP(B60,Sheet3!$B$2:$E$312,2,FALSE) -> P004-026 | D60: =VLOOKUP(B60,Sheet3!$B$2:$E$312,3,) -> barang jadi & bahan baku | E60: =VLOOKUP(B60,Sheet3!$B$2:$E$312,4,) -> GR | F60: 230 | G60: discard | H60: putra
A61: 46031 | B61: Chicken Bacon | C61: =VLOOKUP(B61,Sheet3!$B$2:$E$312,2,FALSE) -> B001-023 | D61: =VLOOKUP(B61,Sheet3!$B$2:$E$312,3,) -> bahan baku | E61: =VLOOKUP(B61,Sheet3!$B$2:$E$312,4,) -> GR | F61: 70 | G61: discard | H61: putra
A62: 46031 | B62: Ayam Original Parting 9 | C62: =VLOOKUP(B62,Sheet3!$B$2:$E$312,2,FALSE) -> B001-004 | D62: =VLOOKUP(B62,Sheet3!$B$2:$E$312,3,) -> bahan baku | E62: =VLOOKUP(B62,Sheet3!$B$2:$E$312,4,) -> PCS | F62: 2 | G62: lebihan | H62: putra
A63: 46031 | B63: WIP NASI PUTIH | C63: =VLOOKUP(B63,Sheet3!$B$2:$E$312,2,FALSE) -> P004-013 | D63: =VLOOKUP(B63,Sheet3!$B$2:$E$312,3,) -> barang jadi & bahan baku | E63: GR | F63: 2155 | G63: lebihan | H63: amanda
A64: 46031 | B64: HONGKONG ICED LEMON TEA (BIG) | C64: =VLOOKUP(B64,Sheet3!$B$2:$E$312,2,FALSE) -> D003-001 | D64: barang jadi | E64: ML | F64: 2000 | G64: waste | H64: rosidin
A65: 46031 | B65: WIP UNSWEERENED TEA BASE | C65: =VLOOKUP(B65,Sheet3!$B$2:$E$312,2,FALSE) -> #N/A | D65: =VLOOKUP(B65,Sheet3!$B$2:$E$312,3,) -> #N/A | E65: =VLOOKUP(B65,Sheet3!$B$2:$E$312,4,) -> #N/A | F65: 1000 | G65: waste | H65: rosidin
A66: 46031 | B66: WIP RED TEA BASE | C66: =VLOOKUP(B66,Sheet3!$B$2:$E$312,2,FALSE) -> P004-022 | D66: =VLOOKUP(B66,Sheet3!$B$2:$E$312,3,) -> barang jadi & bahan baku | E66: ML | F66: 550 | G66: waste | H66: rosidin
A67: 46031 | B67: WIP GREEN TEA BASE | C67: =VLOOKUP(B67,Sheet3!$B$2:$E$312,2,FALSE) -> P004-023 | D67: =VLOOKUP(B67,Sheet3!$B$2:$E$312,3,) -> barang jadi & bahan baku | E67: ML | F67: 600 | G67: waste | H67: rosidin
A68: 46031 | B68: WIP MILK FOAM | C68: =VLOOKUP(B68,Sheet3!$B$2:$E$312,2,FALSE) -> P004-020 | D68: =VLOOKUP(B68,Sheet3!$B$2:$E$312,3,) -> barang jadi & bahan baku | E68: =VLOOKUP(B68,Sheet3!$B$2:$E$312,4,) -> GR | F68: 69 | G68: waste | H68: rosidin
A69: 46032 | B69: Chicken Bacon | C69: =VLOOKUP(B69,Sheet3!$B$2:$E$312,2,FALSE) -> B001-023 | D69: =VLOOKUP(B69,Sheet3!$B$2:$E$312,3,) -> bahan baku | E69: PCS | F69: 2 | G69: spoil/gosong | H69: tegar
A70: 46032 | B70: MILAN-STYLE TOMATO MEAT SAUCE SPAGHETTI | C70: =VLOOKUP(B70,Sheet3!$B$2:$E$312,2,FALSE) -> P001-001 | D70: =VLOOKUP(B70,Sheet3!$B$2:$E$312,3,) -> barang jadi | E70: =VLOOKUP(B70,Sheet3!$B$2:$E$312,4,) -> PORSI | F70: 1 | G70: kering | H70: tegar
A71: 46032 | B71: SCRAMBLED EGG | C71: =VLOOKUP(B71,Sheet3!$B$2:$E$312,2,FALSE) -> S001-002 | D71: =VLOOKUP(B71,Sheet3!$B$2:$E$312,3,) -> barang jadi | E71: GR | F71: 32 | G71: gosong | H71: tegar
A72: 46032 | B72: Pizza Crust | C72: =VLOOKUP(B72,Sheet3!$B$2:$E$312,2,FALSE) -> B001-066 | D72: =VLOOKUP(B72,Sheet3!$B$2:$E$312,3,) -> bahan baku | E72: =VLOOKUP(B72,Sheet3!$B$2:$E$312,4,) -> PCS | F72: 1 | G72: kering | H72: neza
A73: 46032 | B73: WIP BURGER BUN | C73: =VLOOKUP(B73,Sheet3!$B$2:$E$312,2,FALSE) -> P004-038 | D73: =VLOOKUP(B73,Sheet3!$B$2:$E$312,3,) -> barang jadi & bahan baku | E73: =VLOOKUP(B73,Sheet3!$B$2:$E$312,4,) -> PCS | F73: 1 | G73: discard | H73: putra
A74: 46032 | B74: SELADA / LETTUCE | C74: =VLOOKUP(B74,Sheet3!$B$2:$E$312,2,FALSE) -> B001-125 | D74: =VLOOKUP(B74,Sheet3!$B$2:$E$312,3,) -> bahan baku | E74: =VLOOKUP(B74,Sheet3!$B$2:$E$312,4,) -> GR | F74: 325 | G74: busuk | H74: putra
A75: 46032 | B75: UNSWEETENED TEA | C75: =VLOOKUP(B75,Sheet3!$B$2:$E$312,2,FALSE) -> D003-003 | D75: =VLOOKUP(B75,Sheet3!$B$2:$E$312,3,) -> barang jadi | E75: ML | F75: 1000 | G75: waste | H75: rosidin
A76: 46033 | B76: HONGKONG ICED LEMON TEA (BIG) | C76: =VLOOKUP(B76,Sheet3!$B$2:$E$312,2,FALSE) -> D003-001 | D76: =VLOOKUP(B76,Sheet3!$B$2:$E$312,3,) -> barang jadi | E76: ML | F76: 1000 | G76: waste | H76: rosidin
A77: 46033 | B77: Jeruk Nipis | C77: =VLOOKUP(B77,Sheet3!$B$2:$E$312,2,FALSE) -> B001-047 | D77: =VLOOKUP(B77,Sheet3!$B$2:$E$312,3,) -> bahan baku | E77: =VLOOKUP(B77,Sheet3!$B$2:$E$312,4,) -> GR | F77: 450 | G77: waste | H77: rosidin
A78: 46033 | B78: Ayam Original Parting 9 | C78: =VLOOKUP(B78,Sheet3!$B$2:$E$312,2,FALSE) -> B001-004 | D78: =VLOOKUP(B78,Sheet3!$B$2:$E$312,3,) -> bahan baku | E78: =VLOOKUP(B78,Sheet3!$B$2:$E$312,4,) -> PCS | F78: 2 | G78: busuk dibungkusnya | H78: fadli
A79: 46033 | B79: WIP MILK FOAM | C79: =VLOOKUP(B79,Sheet3!$B$2:$E$312,2,FALSE) -> P004-020 | D79: =VLOOKUP(B79,Sheet3!$B$2:$E$312,3,) -> barang jadi & bahan baku | E79: =VLOOKUP(B79,Sheet3!$B$2:$E$312,4,) -> GR | F79: 250 | G79: discard | H79: rosidin
A80: 46034 | B80: CONE ICE CREAM | C80: =VLOOKUP(B80,Sheet3!$B$2:$E$312,2,FALSE) -> I001-001 | D80: =VLOOKUP(B80,Sheet3!$B$2:$E$312,3,) -> barang jadi & bahan baku | E80: =VLOOKUP(B80,Sheet3!$B$2:$E$312,4,) -> PORSI | F80: 5 | G80: rusak | H80: rosidin
A81: 46034 | B81: BURGER BUN | C81: =VLOOKUP(B81,Sheet3!$B$2:$E$312,2,FALSE) -> B001-123 | D81: =VLOOKUP(B81,Sheet3!$B$2:$E$312,3,) -> bahan baku | E81: =VLOOKUP(B81,Sheet3!$B$2:$E$312,4,) -> PCS | F81: 1 | G81: tidak ngembang | H81: rosidin
A82: 46034 | B82: WIP NASI PUTIH | C82: =VLOOKUP(B82,Sheet3!$B$2:$E$312,2,FALSE) -> P004-013 | D82: =VLOOKUP(B82,Sheet3!$B$2:$E$312,3,) -> barang jadi & bahan baku | E82: Gr | F82: 2385 | G82: kering | H82: neza
A83: 46034 | B83: WIP RED TEA BASE | C83: =VLOOKUP(B83,Sheet3!$B$2:$E$312,2,FALSE) -> P004-022 | D83: =VLOOKUP(B83,Sheet3!$B$2:$E$312,3,) -> barang jadi & bahan baku | E83: ML | F83: 1700 | G83: discard | H83: neza
C84: =VLOOKUP(B84,Sheet3!$B$2:$E$312,2,FALSE) -> #N/A | D84: =VLOOKUP(B84,Sheet3!$B$2:$E$312,3,) -> #N/A | E84: =VLOOKUP(B84,Sheet3!$B$2:$E$312,4,) -> #N/A
C85: =VLOOKUP(B85,Sheet3!$B$2:$E$312,2,FALSE) -> #N/A | D85: =VLOOKUP(B85,Sheet3!$B$2:$E$312,3,) -> #N/A | E85: =VLOOKUP(B85,Sheet3!$B$2:$E$312,4,) -> #N/A
C86: =VLOOKUP(B86,Sheet3!$B$2:$E$312,2,FALSE) -> #N/A | D86: =VLOOKUP(B86,Sheet3!$B$2:$E$312,3,) -> #N/A | E86: =VLOOKUP(B86,Sheet3!$B$2:$E$312,4,) -> #N/A
C87: =VLOOKUP(B87,Sheet3!$B$2:$E$312,2,FALSE) -> #N/A | D87: =VLOOKUP(B87,Sheet3!$B$2:$E$312,3,) -> #N/A | E87: =VLOOKUP(B87,Sheet3!$B$2:$E$312,4,) -> #N/A
C88: =VLOOKUP(B88,Sheet3!$B$2:$E$312,2,FALSE) -> #N/A | D88: =VLOOKUP(B88,Sheet3!$B$2:$E$312,3,) -> #N/A | E88: =VLOOKUP(B88,Sheet3!$B$2:$E$312,4,) -> #N/A
C89: =VLOOKUP(B89,Sheet3!$B$2:$E$312,2,FALSE) -> #N/A | D89: =VLOOKUP(B89,Sheet3!$B$2:$E$312,3,) -> #N/A | E89: =VLOOKUP(B89,Sheet3!$B$2:$E$312,4,) -> #N/A
C90: =VLOOKUP(B90,Sheet3!$B$2:$E$312,2,FALSE) -> #N/A | D90: =VLOOKUP(B90,Sheet3!$B$2:$E$312,3,) -> #N/A | E90: =VLOOKUP(B90,Sheet3!$B$2:$E$312,4,) -> #N/A
C91: =VLOOKUP(B91,Sheet3!$B$2:$E$312,2,FALSE) -> #N/A | D91: =VLOOKUP(B91,Sheet3!$B$2:$E$312,3,) -> #N/A | E91: =VLOOKUP(B91,Sheet3!$B$2:$E$312,4,) -> #N/A
C92: =VLOOKUP(B92,Sheet3!$B$2:$E$312,2,FALSE) -> #N/A | D92: =VLOOKUP(B92,Sheet3!$B$2:$E$312,3,) -> #N/A | E92: =VLOOKUP(B92,Sheet3!$B$2:$E$312,4,) -> #N/A
C93: =VLOOKUP(B93,Sheet3!$B$2:$E$312,2,FALSE) -> #N/A | D93: =VLOOKUP(B93,Sheet3!$B$2:$E$312,3,) -> #N/A | E93: =VLOOKUP(B93,Sheet3!$B$2:$E$312,4,) -> #N/A
C94: =VLOOKUP(B94,Sheet3!$B$2:$E$312,2,FALSE) -> #N/A | D94: =VLOOKUP(B94,Sheet3!$B$2:$E$312,3,) -> #N/A | E94: =VLOOKUP(B94,Sheet3!$B$2:$E$312,4,) -> #N/A
C95: =VLOOKUP(B95,Sheet3!$B$2:$E$312,2,FALSE) -> #N/A | D95: =VLOOKUP(B95,Sheet3!$B$2:$E$312,3,) -> #N/A | E95: =VLOOKUP(B95,Sheet3!$B$2:$E$312,4,) -> #N/A
... C133: =VLOOKUP(B133,Sheet3!$B$2:$E$312,2,FALSE) -> #N/A | D133: =VLOOKUP(B133,Sheet3!$B$2:$E$312,3,) -> #N/A | E133: =VLOOKUP(B133,Sheet3!$B$2:$E$312,4,) -> #N/A
C134: =VLOOKUP(B134,Sheet3!$B$2:$E$312,2,FALSE) -> #N/A | D134: =VLOOKUP(B134,Sheet3!$B$2:$E$312,3,) -> #N/A | E134: Gr
C135: =VLOOKUP(B135,Sheet3!$B$2:$E$312,2,FALSE) -> #N/A | D135: =VLOOKUP(B135,Sheet3!$B$2:$E$312,3,) -> #N/A | E135: =VLOOKUP(B135,Sheet3!$B$2:$E$312,4,) -> #N/A
C136: =VLOOKUP(B136,Sheet3!$B$2:$E$312,2,FALSE) -> #N/A | D136: =VLOOKUP(B136,Sheet3!$B$2:$E$312,3,) -> #N/A | E136: =VLOOKUP(B136,Sheet3!$B$2:$E$312,4,) -> #N/A
C137: =VLOOKUP(B137,Sheet3!$B$2:$E$312,2,FALSE) -> #N/A | D137: =VLOOKUP(B137,Sheet3!$B$2:$E$312,3,) -> #N/A | E137: =VLOOKUP(B137,Sheet3!$B$2:$E$312,4,) -> #N/A
...

Sheet APRIL 26
B1: NAMA PRODUK | C1: KODE CSA | D1: JENIS | E1: SATUAN CSA | F1: JUMLAH | G1: ALASAN WASTE | H1: USER | I1: AUDIT | J1: KETERANGAN
A2: 46113 | B2: SELADA / LETTUCE | C2: =VLOOKUP(B2,Sheet3!$B$2:$E$312,2,FALSE) -> B001-125 | D2: =VLOOKUP(B2,Sheet3!$B$2:$E$312,3,) -> bahan baku | E2: =VLOOKUP(B2,Sheet3!$B$2:$E$312,4,) -> GR | F2: 62 | G2: tidak digunakan | H2: tegar | I2: V
B3: Tepung Crispy Breading | C3: =VLOOKUP(B3,Sheet3!$B$2:$E$312,2,FALSE) -> B001-088 | D3: =VLOOKUP(B3,Sheet3!$B$2:$E$312,3,) -> bahan baku | E3: =VLOOKUP(B3,Sheet3!$B$2:$E$312,4,) -> GR | F3: 3380 | G3: tidak digunakan | H3: arul | I3: V
B4: WIP RED TEA BASE | C4: =VLOOKUP(B4,Sheet3!$B$2:$E$312,2,FALSE) -> P004-022 | D4: =VLOOKUP(B4,Sheet3!$B$2:$E$312,3,) -> barang jadi & bahan baku | E4: =VLOOKUP(B4,Sheet3!$B$2:$E$312,4,) -> CC | F4: 1900 | G4: sisa | H4: manda | I4: V
B5: WIP GREEN TEA BASE | C5: =VLOOKUP(B5,Sheet3!$B$2:$E$312,2,FALSE) -> P004-023 | D5: =VLOOKUP(B5,Sheet3!$B$2:$E$312,3,) -> barang jadi & bahan baku | E5: =VLOOKUP(B5,Sheet3!$B$2:$E$312,4,) -> CC | F5: 2500 | G5: sisa | H5: manda | I5: V
B6: WIP LEMON TEA BATCH | C6: =VLOOKUP(B6,Sheet3!$B$2:$E$312,2,FALSE) -> P004-025 | D6: =VLOOKUP(B6,Sheet3!$B$2:$E$312,3,) -> barang jadi & bahan baku | E6: =VLOOKUP(B6,Sheet3!$B$2:$E$312,4,) -> ML | F6: 300 | G6: sisa | H6: manda | I6: V
B7: WIP NASI PUTIH | C7: =VLOOKUP(B7,Sheet3!$B$2:$E$312,2,FALSE) -> P004-013 | D7: =VLOOKUP(B7,Sheet3!$B$2:$E$312,3,) -> barang jadi & bahan baku | E7: =VLOOKUP(B7,Sheet3!$B$2:$E$312,4,) -> PCS | F7: 12 | G7: sisa | H7: dendi | I7: X | J7: 12PORSI
A8: 46057 | B8: WIP MATCHA ICE CREAM | C8: =VLOOKUP(B8,Sheet3!$B$2:$E$312,2,FALSE) -> P004-036 | D8: =VLOOKUP(B8,Sheet3!$B$2:$E$312,3,) -> barang jadi & bahan baku | E8: =VLOOKUP(B8,Sheet3!$B$2:$E$312,4,) -> GR | F8: 3700 | G8: discard | H8: syendi | I8: V
B9: WIP PREP. VANILLA ICE CREAM | C9: =VLOOKUP(B9,Sheet3!$B$2:$E$312,2,FALSE) -> P004-031 | D9: =VLOOKUP(B9,Sheet3!$B$2:$E$312,3,) -> barang jadi & bahan baku | E9: =VLOOKUP(B9,Sheet3!$B$2:$E$312,4,) -> GR | F9: 350 | G9: discard | H9: syendi | I9: V
B10: WIP RED TEA BASE | C10: =VLOOKUP(B10,Sheet3!$B$2:$E$312,2,FALSE) -> P004-022 | D10: =VLOOKUP(B10,Sheet3!$B$2:$E$312,3,) -> barang jadi & bahan baku | E10: =VLOOKUP(B10,Sheet3!$B$2:$E$312,4,) -> CC | F10: 1500 | G10: discrad | H10: syendi | I10: V
B11: WIP GREEN TEA BASE | C11: =VLOOKUP(B11,Sheet3!$B$2:$E$312,2,FALSE) -> P004-023 | D11: =VLOOKUP(B11,Sheet3!$B$2:$E$312,3,) -> barang jadi & bahan baku | E11: =VLOOKUP(B11,Sheet3!$B$2:$E$312,4,) -> CC | F11: 1600 | G11: discard | H11: syendi | I11: V
B12: WIP LEMON TEA BATCH | C12: =VLOOKUP(B12,Sheet3!$B$2:$E$312,2,FALSE) -> P004-025 | D12: =VLOOKUP(B12,Sheet3!$B$2:$E$312,3,) -> barang jadi & bahan baku | E12: =VLOOKUP(B12,Sheet3!$B$2:$E$312,4,) -> ML | F12: 2600 | G12: discard | H12: syendi | I12: V
B13: Tepung Crispy Breading | C13: =VLOOKUP(B13,Sheet3!$B$2:$E$312,2,FALSE) -> B001-088 | D13: =VLOOKUP(B13,Sheet3!$B$2:$E$312,3,) -> bahan baku | E13: =VLOOKUP(B13,Sheet3!$B$2:$E$312,4,) -> GR | F13: 5200 | G13: tidak digunakan | H13: david | I13: V
B14: AMERICAN FRIES | C14: =VLOOKUP(B14,Sheet3!$B$2:$E$312,2,FALSE) -> S002-007 | D14: =VLOOKUP(B14,Sheet3!$B$2:$E$312,3,) -> barang jadi | E14: =VLOOKUP(B14,Sheet3!$B$2:$E$312,4,) -> PORSI | F14: 1 | G14: sisa | H14: david | I14: V
B15: WIP NASI PUTIH | C15: =VLOOKUP(B15,Sheet3!$B$2:$E$312,2,FALSE) -> P004-013 | D15: =VLOOKUP(B15,Sheet3!$B$2:$E$312,3,) -> barang jadi & bahan baku | E15: =VLOOKUP(B15,Sheet3!$B$2:$E$312,4,) -> PCS | F15: 17 | G15: sisa | H15: dendi | I15: V | K15: =2220/130 -> 17.076923
B16: Bawang Bombay | C16: =VLOOKUP(B16,Sheet3!$B$2:$E$312,2,FALSE) -> B001-006 | D16: =VLOOKUP(B16,Sheet3!$B$2:$E$312,3,) -> bahan baku | E16: =VLOOKUP(B16,Sheet3!$B$2:$E$312,4,) -> GR | F16: 25 | G16: tidak digunakan | H16: riki | I16: V
B17: Pisang | C17: =VLOOKUP(B17,Sheet3!$B$2:$E$312,2,FALSE) -> B001-064 | D17: =VLOOKUP(B17,Sheet3!$B$2:$E$312,3,) -> bahan baku | E17: =VLOOKUP(B17,Sheet3!$B$2:$E$312,4,) -> GR | F17: 42 | G17: tidak digunakan | H17: riki | I17: V
B18: WIP BURGER BUN | C18: =VLOOKUP(B18,Sheet3!$B$2:$E$312,2,FALSE) -> P004-038 | D18: =VLOOKUP(B18,Sheet3!$B$2:$E$312,3,) -> barang jadi & bahan baku | E18: =VLOOKUP(B18,Sheet3!$B$2:$E$312,4,) -> PCS | F18: 1 | G18: tidak mengembang | H18: riki | I18: V
A19: 46085 | B19: WIP UNSWEERENED TEA BASE | C19: =VLOOKUP(B19,Sheet3!$B$2:$E$312,2,FALSE) -> #N/A | D19: =VLOOKUP(B19,Sheet3!$B$2:$E$312,3,) -> #N/A | E19: =VLOOKUP(B19,Sheet3!$B$2:$E$312,4,) -> #N/A | F19: 3000 | G19: sisa | H19: putra | I19: V
B20: WIP RED TEA BASE | C20: =VLOOKUP(B20,Sheet3!$B$2:$E$312,2,FALSE) -> P004-022 | D20: =VLOOKUP(B20,Sheet3!$B$2:$E$312,3,) -> barang jadi & bahan baku | E20: =VLOOKUP(B20,Sheet3!$B$2:$E$312,4,) -> CC | F20: 1500 | G20: sisa | H20: putra | I20: V
B21: WIP GREEN TEA BASE | C21: =VLOOKUP(B21,Sheet3!$B$2:$E$312,2,FALSE) -> P004-023 | D21: =VLOOKUP(B21,Sheet3!$B$2:$E$312,3,) -> barang jadi & bahan baku | E21: =VLOOKUP(B21,Sheet3!$B$2:$E$312,4,) -> CC | F21: 1500 | G21: sisa | H21: putra | I21: V
B22: WIP LEMON TEA BATCH | C22: =VLOOKUP(B22,Sheet3!$B$2:$E$312,2,FALSE) -> P004-025 | D22: =VLOOKUP(B22,Sheet3!$B$2:$E$312,3,) -> barang jadi & bahan baku | E22: =VLOOKUP(B22,Sheet3!$B$2:$E$312,4,) -> ML | F22: 580 | G22: sisa | H22: putra | I22: V
B23: AMERICAN FRIES | C23: =VLOOKUP(B23,Sheet3!$B$2:$E$312,2,FALSE) -> S002-007 | D23: =VLOOKUP(B23,Sheet3!$B$2:$E$312,3,) -> barang jadi | E23: =VLOOKUP(B23,Sheet3!$B$2:$E$312,4,) -> PORSI | F23: 1 | G23: sisa | H23: neza | I23: X | J23: 1PORSI
B24: SCRAMBLED EGG | C24: =VLOOKUP(B24,Sheet3!$B$2:$E$312,2,FALSE) -> S001-002 | D24: =VLOOKUP(B24,Sheet3!$B$2:$E$312,3,) -> barang jadi | E24: =VLOOKUP(B24,Sheet3!$B$2:$E$312,4,) -> PORSI | F24: 2 | G24: sisa | H24: neza | I24: X | J24: 2PORSI
B25: WIP NASI PUTIH | C25: =VLOOKUP(B25,Sheet3!$B$2:$E$312,2,FALSE) -> P004-013 | D25: =VLOOKUP(B25,Sheet3!$B$2:$E$312,3,) -> barang jadi & bahan baku | E25: =VLOOKUP(B25,Sheet3!$B$2:$E$312,4,) -> PCS | F25: 20 | G25: sisa | H25: neza | I25: V
B26: Mixed Veggies | C26: =VLOOKUP(B26,Sheet3!$B$2:$E$312,2,FALSE) -> B001-057 | D26: =VLOOKUP(B26,Sheet3!$B$2:$E$312,3,) -> bahan baku | E26: =VLOOKUP(B26,Sheet3!$B$2:$E$312,4,) -> GR | F26: 235 | G26: basi | H26: tegar | I26: V
B27: Tepung Crispy Breading | C27: =VLOOKUP(B27,Sheet3!$B$2:$E$312,2,FALSE) -> B001-088 | D27: =VLOOKUP(B27,Sheet3!$B$2:$E$312,3,) -> bahan baku | E27: =VLOOKUP(B27,Sheet3!$B$2:$E$312,4,) -> GR | F27: 7760 | G27: tidak digunakan | H27: david | I27: V
B28: Daun Mint | C28: =VLOOKUP(B28,Sheet3!$B$2:$E$312,2,FALSE) -> B001-036 | D28: =VLOOKUP(B28,Sheet3!$B$2:$E$312,3,) -> bahan baku | E28: =VLOOKUP(B28,Sheet3!$B$2:$E$312,4,) -> GR | F28: 9 | G28: menghitam | H28: manda | I28: V
A29: 46116 | B29: Daun Mint | C29: =VLOOKUP(B29,Sheet3!$B$2:$E$312,2,FALSE) -> B001-036 | D29: =VLOOKUP(B29,Sheet3!$B$2:$E$312,3,) -> bahan baku | E29: =VLOOKUP(B29,Sheet3!$B$2:$E$312,4,) -> GR | F29: 5 | G29: menghitam | H29: manda | I29: V
B30: Jeruk Nipis | C30: =VLOOKUP(B30,Sheet3!$B$2:$E$312,2,FALSE) -> B001-047 | D30: =VLOOKUP(B30,Sheet3!$B$2:$E$312,3,) -> bahan baku | E30: =VLOOKUP(B30,Sheet3!$B$2:$E$312,4,) -> GR | F30: 67 | G30: discard | H30: syendi | I30: V
B31: WIP RED TEA BASE | C31: =VLOOKUP(B31,Sheet3!$B$2:$E$312,2,FALSE) -> P004-022 | D31: =VLOOKUP(B31,Sheet3!$B$2:$E$312,3,) -> barang jadi & bahan baku | E31: =VLOOKUP(B31,Sheet3!$B$2:$E$312,4,) -> CC | F31: 788 | G31: sisa | H31: syendi | I31: V
B32: WIP GREEN TEA BASE | C32: =VLOOKUP(B32,Sheet3!$B$2:$E$312,2,FALSE) -> P004-023 | D32: =VLOOKUP(B32,Sheet3!$B$2:$E$312,3,) -> barang jadi & bahan baku | E32: =VLOOKUP(B32,Sheet3!$B$2:$E$312,4,) -> CC | F32: 2151 | G32: sisa | H32: syendi | I32: V
B33: WIP LEMON TEA BATCH | C33: =VLOOKUP(B33,Sheet3!$B$2:$E$312,2,FALSE) -> P004-025 | D33: =VLOOKUP(B33,Sheet3!$B$2:$E$312,3,) -> barang jadi & bahan baku | E33: =VLOOKUP(B33,Sheet3!$B$2:$E$312,4,) -> ML | F33: 1074 | G33: sisa | H33: syendi | I33: V
B34: WIP UNSWEERENED TEA BASE | C34: =VLOOKUP(B34,Sheet3!$B$2:$E$312,2,FALSE) -> #N/A | D34: =VLOOKUP(B34,Sheet3!$B$2:$E$312,3,) -> #N/A | E34: =VLOOKUP(B34,Sheet3!$B$2:$E$312,4,) -> #N/A | F34: 1545 | G34: sisa | H34: syendi | I34: V
B35: Cone | C35: =VLOOKUP(B35,Sheet3!$B$2:$E$312,2,FALSE) -> B001-033 | D35: =VLOOKUP(B35,Sheet3!$B$2:$E$312,3,) -> bahan baku | E35: =VLOOKUP(B35,Sheet3!$B$2:$E$312,4,) -> PCS | F35: 29 | G35: remuk | H35: syendi | I35: X | J35: 29PCS
B36: Campuran Orange | C36: =VLOOKUP(B36,Sheet3!$B$2:$E$312,2,FALSE) -> #N/A | D36: =VLOOKUP(B36,Sheet3!$B$2:$E$312,3,) -> #N/A | E36: =VLOOKUP(B36,Sheet3!$B$2:$E$312,4,) -> #N/A | F36: 293gr | G36: sisa | H36: syendi | I36: V
B37: WIP NASI PUTIH | C37: =VLOOKUP(B37,Sheet3!$B$2:$E$312,2,FALSE) -> P004-013 | D37: =VLOOKUP(B37,Sheet3!$B$2:$E$312,3,) -> barang jadi & bahan baku | E37: =VLOOKUP(B37,Sheet3!$B$2:$E$312,4,) -> PCS | F37: 15 | G37: sisa | H37: neza | I37: V
B38: SCRAMBLED EGG | C38: =VLOOKUP(B38,Sheet3!$B$2:$E$312,2,FALSE) -> S001-002 | D38: =VLOOKUP(B38,Sheet3!$B$2:$E$312,3,) -> barang jadi | E38: =VLOOKUP(B38,Sheet3!$B$2:$E$312,4,) -> PORSI | F38: 4 | G38: sisa | H38: neza | I38: V
B39: Tepung Crispy Breading | C39: =VLOOKUP(B39,Sheet3!$B$2:$E$312,2,FALSE) -> B001-088 | D39: =VLOOKUP(B39,Sheet3!$B$2:$E$312,3,) -> bahan baku | E39: =VLOOKUP(B39,Sheet3!$B$2:$E$312,4,) -> GR | F39: 12760 | G39: sisa tapisan | H39: tegar | I39: V
A40: 46146 | B40: WIP RED TEA BASE | C40: =VLOOKUP(B40,Sheet3!$B$2:$E$312,2,FALSE) -> P004-022 | D40: =VLOOKUP(B40,Sheet3!$B$2:$E$312,3,) -> barang jadi & bahan baku | E40: =VLOOKUP(B40,Sheet3!$B$2:$E$312,4,) -> CC | F40: 483 | G40: discard | H40: syendi | I40: V
B41: WIP GREEN TEA BASE | C41: =VLOOKUP(B41,Sheet3!$B$2:$E$312,2,FALSE) -> P004-023 | D41: =VLOOKUP(B41,Sheet3!$B$2:$E$312,3,) -> barang jadi & bahan baku | E41: =VLOOKUP(B41,Sheet3!$B$2:$E$312,4,) -> CC | F41: 1092 | G41: discard | H41: syendi | I41: V
B42: Tepung Crispy Breading | C42: =VLOOKUP(B42,Sheet3!$B$2:$E$312,2,FALSE) -> B001-088 | D42: =VLOOKUP(B42,Sheet3!$B$2:$E$312,3,) -> bahan baku | E42: =VLOOKUP(B42,Sheet3!$B$2:$E$312,4,) -> GR | F42: 8015 | G42: sisa tapisan | H42: arul | I42: V
B43: WIP UNSWEERENED TEA BASE | C43: =VLOOKUP(B43,Sheet3!$B$2:$E$312,2,FALSE) -> #N/A | D43: =VLOOKUP(B43,Sheet3!$B$2:$E$312,3,) -> #N/A | E43: =VLOOKUP(B43,Sheet3!$B$2:$E$312,4,) -> #N/A | F43: 791 | G43: sisa | H43: syendi | I43: V
B44: WIP LEMON TEA BATCH | C44: =VLOOKUP(B44,Sheet3!$B$2:$E$312,2,FALSE) -> P004-025 | D44: =VLOOKUP(B44,Sheet3!$B$2:$E$312,3,) -> barang jadi & bahan baku | E44: =VLOOKUP(B44,Sheet3!$B$2:$E$312,4,) -> ML | F44: 2326 | G44: sisa | H44: syendi | I44: V
B45: WIP NASI PUTIH | C45: =VLOOKUP(B45,Sheet3!$B$2:$E$312,2,FALSE) -> P004-013 | D45: =VLOOKUP(B45,Sheet3!$B$2:$E$312,3,) -> barang jadi & bahan baku | E45: =VLOOKUP(B45,Sheet3!$B$2:$E$312,4,) -> PCS | F45: 14 | G45: kering | H45: neza | I45: V
B46: SCRAMBLED EGG | C46: =VLOOKUP(B46,Sheet3!$B$2:$E$312,2,FALSE) -> S001-002 | D46: =VLOOKUP(B46,Sheet3!$B$2:$E$312,3,) -> barang jadi | E46: =VLOOKUP(B46,Sheet3!$B$2:$E$312,4,) -> PORSI | F46: 3 | G46: sisa | H46: neza | I46: X | J46: 3PORSI
B47: Bawang Bombay | C47: =VLOOKUP(B47,Sheet3!$B$2:$E$312,2,FALSE) -> B001-006 | D47: =VLOOKUP(B47,Sheet3!$B$2:$E$312,3,) -> bahan baku | E47: =VLOOKUP(B47,Sheet3!$B$2:$E$312,4,) -> GR | F47: 56 | G47: tidak digunakan | H47: tegar | I47: V
A48: 46177 | B48: Tepung Crispy Breading | C48: =VLOOKUP(B48,Sheet3!$B$2:$E$312,2,FALSE) -> B001-088 | D48: =VLOOKUP(B48,Sheet3!$B$2:$E$312,3,) -> bahan baku | E48: =VLOOKUP(B48,Sheet3!$B$2:$E$312,4,) -> GR | F48: 3735 | G48: kontaminasi kotoran | H48: arul | I48: V
B49: Telur | C49: =VLOOKUP(B49,Sheet3!$B$2:$E$312,2,FALSE) -> B001-087 | D49: =VLOOKUP(B49,Sheet3!$B$2:$E$312,3,) -> bahan baku | E49: =VLOOKUP(B49,Sheet3!$B$2:$E$312,4,) -> PCS | F49: 3 | G49: busuk | H49: tegar | I49: V
B50: Saus Honey Mustard | C50: =VLOOKUP(B50,Sheet3!$B$2:$E$312,2,FALSE) -> B001-043 | D50: =VLOOKUP(B50,Sheet3!$B$2:$E$312,3,) -> bahan baku | E50: =VLOOKUP(B50,Sheet3!$B$2:$E$312,4,) -> GR | F50: 148 | G50: basi | H50: neza | I50: V
B51: Tepung Crispy Breading | C51: =VLOOKUP(B51,Sheet3!$B$2:$E$312,2,FALSE) -> B001-088 | D51: =VLOOKUP(B51,Sheet3!$B$2:$E$312,3,) -> bahan baku | E51: =VLOOKUP(B51,Sheet3!$B$2:$E$312,4,) -> GR | F51: 2485 | G51: sisa tapisan | H51: arul | I51: V
B52: SCRAMBLED EGG | C52: =VLOOKUP(B52,Sheet3!$B$2:$E$312,2,FALSE) -> S001-002 | D52: =VLOOKUP(B52,Sheet3!$B$2:$E$312,3,) -> barang jadi | E52: =VLOOKUP(B52,Sheet3!$B$2:$E$312,4,) -> PORSI | F52: 3 | G52: discrad | H52: neza | I52: X | J52: 3PORSI
B53: WIP NASI PUTIH | C53: =VLOOKUP(B53,Sheet3!$B$2:$E$312,2,FALSE) -> P004-013 | D53: =VLOOKUP(B53,Sheet3!$B$2:$E$312,3,) -> barang jadi & bahan baku | E53: =VLOOKUP(B53,Sheet3!$B$2:$E$312,4,) -> PCS | F53: 5 | G53: sisa | H53: neza | I53: X | J53: 5PORSI
B54: WIP UNSWEERENED TEA BASE | C54: =VLOOKUP(B54,Sheet3!$B$2:$E$312,2,FALSE) -> #N/A | D54: =VLOOKUP(B54,Sheet3!$B$2:$E$312,3,) -> #N/A | E54: =VLOOKUP(B54,Sheet3!$B$2:$E$312,4,) -> #N/A | F54: 545 | G54: sisa | H54: manda | I54: V
B55: WIP RED TEA BASE | C55: =VLOOKUP(B55,Sheet3!$B$2:$E$312,2,FALSE) -> P004-022 | D55: =VLOOKUP(B55,Sheet3!$B$2:$E$312,3,) -> barang jadi & bahan baku | E55: =VLOOKUP(B55,Sheet3!$B$2:$E$312,4,) -> CC | F55: 430 | G55: sisa | H55: manda | I55: V
B56: WIP GREEN TEA BASE | C56: =VLOOKUP(B56,Sheet3!$B$2:$E$312,2,FALSE) -> P004-023 | D56: =VLOOKUP(B56,Sheet3!$B$2:$E$312,3,) -> barang jadi & bahan baku | E56: =VLOOKUP(B56,Sheet3!$B$2:$E$312,4,) -> CC | F56: 505 | G56: sisa | H56: manda | I56: V
A57: 46207 | B57: Whipping Cream | C57: =VLOOKUP(B57,Sheet3!$B$2:$E$312,2,FALSE) -> B001-093 | D57: =VLOOKUP(B57,Sheet3!$B$2:$E$312,3,) -> bahan baku | E57: =VLOOKUP(B57,Sheet3!$B$2:$E$312,4,) -> ML | F57: 573 | G57: discard | H57: gina | I57: V
B58: Bawang Bombay | C58: =VLOOKUP(B58,Sheet3!$B$2:$E$312,2,FALSE) -> B001-006 | D58: =VLOOKUP(B58,Sheet3!$B$2:$E$312,3,) -> bahan baku | E58: =VLOOKUP(B58,Sheet3!$B$2:$E$312,4,) -> GR | F58: 274 | G58: busuk | H58: riki | I58: V
B59: SELADA / LETTUCE | C59: =VLOOKUP(B59,Sheet3!$B$2:$E$312,2,FALSE) -> B001-125 | D59: =VLOOKUP(B59,Sheet3!$B$2:$E$312,3,) -> bahan baku | E59: =VLOOKUP(B59,Sheet3!$B$2:$E$312,4,) -> GR | F59: 86 | G59: discrad | H59: riki | I59: V
B60: GREENFIELD FRESH MILK | C60: =VLOOKUP(B60,Sheet3!$B$2:$E$312,2,FALSE) -> B001-110 | D60: =VLOOKUP(B60,Sheet3!$B$2:$E$312,3,) -> bahan baku | E60: =VLOOKUP(B60,Sheet3!$B$2:$E$312,4,) -> GR | F60: 551 | G60: basi | H60: gina | I60: V
B61: WIP NASI PUTIH | C61: =VLOOKUP(B61,Sheet3!$B$2:$E$312,2,FALSE) -> P004-013 | D61: =VLOOKUP(B61,Sheet3!$B$2:$E$312,3,) -> barang jadi & bahan baku | E61: =VLOOKUP(B61,Sheet3!$B$2:$E$312,4,) -> PCS | F61: 11 | G61: sisa | H61: dendi | I61: X | J61: 1445GR
B62: SCRAMBLED EGG | C62: =VLOOKUP(B62,Sheet3!$B$2:$E$312,2,FALSE) -> S001-002 | D62: =VLOOKUP(B62,Sheet3!$B$2:$E$312,3,) -> barang jadi | E62: =VLOOKUP(B62,Sheet3!$B$2:$E$312,4,) -> PORSI | F62: 5 | G62: sisa | H62: dendi | I62: X | J62: 5PORSI
B63: SELADA / LETTUCE | C63: =VLOOKUP(B63,Sheet3!$B$2:$E$312,2,FALSE) -> B001-125 | D63: =VLOOKUP(B63,Sheet3!$B$2:$E$312,3,) -> bahan baku | E63: =VLOOKUP(B63,Sheet3!$B$2:$E$312,4,) -> GR | F63: 63 | G63: bonggol | H63: tegar | I63: V
B64: Tepung Crispy Breading | C64: =VLOOKUP(B64,Sheet3!$B$2:$E$312,2,FALSE) -> B001-088 | D64: barang jadi | E64: =VLOOKUP(B64,Sheet3!$B$2:$E$312,4,) -> GR | F64: 3005 | G64: tidak digunakan | H64: david | I64: V
B65: WIP GREEN TEA BASE | C65: =VLOOKUP(B65,Sheet3!$B$2:$E$312,2,FALSE) -> P004-023 | D65: =VLOOKUP(B65,Sheet3!$B$2:$E$312,3,) -> barang jadi & bahan baku | E65: =VLOOKUP(B65,Sheet3!$B$2:$E$312,4,) -> CC | F65: 1709 | G65: sisa | H65: amanda | I65: V
B66: WIP RED TEA BASE | C66: =VLOOKUP(B66,Sheet3!$B$2:$E$312,2,FALSE) -> P004-022 | D66: =VLOOKUP(B66,Sheet3!$B$2:$E$312,3,) -> barang jadi & bahan baku | E66: =VLOOKUP(B66,Sheet3!$B$2:$E$312,4,) -> CC | F66: 692 | G66: sisa | H66: amanda | I66: V
B67: Gelas Plastik 500ML | C67: =VLOOKUP(B67,Sheet3!$B$2:$E$312,2,FALSE) -> B002-005 | D67: =VLOOKUP(B67,Sheet3!$B$2:$E$312,3,) -> others | E67: =VLOOKUP(B67,Sheet3!$B$2:$E$312,4,) -> PCS | F67: 121 | G67: kekurangan gelas | H67: amanda | I67: V
B68: Cone | C68: =VLOOKUP(B68,Sheet3!$B$2:$E$312,2,FALSE) -> B001-033 | D68: =VLOOKUP(B68,Sheet3!$B$2:$E$312,3,) -> bahan baku | E68: =VLOOKUP(B68,Sheet3!$B$2:$E$312,4,) -> PCS | F68: 20 | G68: remuk | H68: amanda | I68: V
A69: 46120 | B69: Daun Mint | C69: =VLOOKUP(B69,Sheet3!$B$2:$E$312,2,FALSE) -> B001-036 | D69: =VLOOKUP(B69,Sheet3!$B$2:$E$312,3,) -> bahan baku | E69: =VLOOKUP(B69,Sheet3!$B$2:$E$312,4,) -> GR | F69: 38 | G69: menghitam | H69: gina | I69: V
B70: Daun Mint | C70: =VLOOKUP(B70,Sheet3!$B$2:$E$312,2,FALSE) -> B001-036 | D70: =VLOOKUP(B70,Sheet3!$B$2:$E$312,3,) -> bahan baku | E70: =VLOOKUP(B70,Sheet3!$B$2:$E$312,4,) -> GR | F70: 143 | G70: batang daun | H70: gina | I70: V
B71: Mushroom Sauce 25104E | C71: =VLOOKUP(B71,Sheet3!$B$2:$E$312,2,FALSE) -> B001-058 | D71: =VLOOKUP(B71,Sheet3!$B$2:$E$312,3,) -> bahan baku | E71: =VLOOKUP(B71,Sheet3!$B$2:$E$312,4,) -> GR | F71: 111 | G71: discrad | H71: tegar | I71: V
B72: Pisang | C72: =VLOOKUP(B72,Sheet3!$B$2:$E$312,2,FALSE) -> B001-064 | D72: =VLOOKUP(B72,Sheet3!$B$2:$E$312,3,) -> bahan baku | E72: =VLOOKUP(B72,Sheet3!$B$2:$E$312,4,) -> GR | F72: 137 | G72: tidak layak | H72: tegar | I72: V
B73: SELADA / LETTUCE | C73: =VLOOKUP(B73,Sheet3!$B$2:$E$312,2,FALSE) -> B001-125 | D73: =VLOOKUP(B73,Sheet3!$B$2:$E$312,3,) -> bahan baku | E73: =VLOOKUP(B73,Sheet3!$B$2:$E$312,4,) -> GR | F73: 55 | G73: bonggol | H73: tegar | I73: V
B74: WIP NASI PUTIH | C74: =VLOOKUP(B74,Sheet3!$B$2:$E$312,2,FALSE) -> P004-013 | D74: =VLOOKUP(B74,Sheet3!$B$2:$E$312,3,) -> barang jadi & bahan baku | E74: =VLOOKUP(B74,Sheet3!$B$2:$E$312,4,) -> PCS | F74: 9 | G74: kering | H74: neza | I74: X | J74: 1215GR
B75: SCRAMBLED EGG | C75: =VLOOKUP(B75,Sheet3!$B$2:$E$312,2,FALSE) -> S001-002 | D75: =VLOOKUP(B75,Sheet3!$B$2:$E$312,3,) -> barang jadi | E75: =VLOOKUP(B75,Sheet3!$B$2:$E$312,4,) -> PORSI | F75: 1 | G75: discard | H75: neza | I75: V
B76: Tepung Crispy Breading | C76: =VLOOKUP(B76,Sheet3!$B$2:$E$312,2,FALSE) -> B001-088 | D76: =VLOOKUP(B76,Sheet3!$B$2:$E$312,3,) -> bahan baku | E76: =VLOOKUP(B76,Sheet3!$B$2:$E$312,4,) -> GR | F76: 2090 | G76: kering | H76: david | I76: V
B77: WIP RED TEA BASE | C77: =VLOOKUP(B77,Sheet3!$B$2:$E$312,2,FALSE) -> P004-022 | D77: =VLOOKUP(B77,Sheet3!$B$2:$E$312,3,) -> barang jadi & bahan baku | E77: =VLOOKUP(B77,Sheet3!$B$2:$E$312,4,) -> CC | F77: 611 | G77: sisa | H77: manda | I77: V
B78: WIP UNSWEERENED TEA BASE | C78: =VLOOKUP(B78,Sheet3!$B$2:$E$312,2,FALSE) -> #N/A | D78: =VLOOKUP(B78,Sheet3!$B$2:$E$312,3,) -> #N/A | E78: =VLOOKUP(B78,Sheet3!$B$2:$E$312,4,) -> #N/A | F78: 2200 | G78: sisa | H78: manda | I78: V
B79: WIP GREEN TEA BASE | C79: =VLOOKUP(B79,Sheet3!$B$2:$E$312,2,FALSE) -> P004-023 | D79: =VLOOKUP(B79,Sheet3!$B$2:$E$312,3,) -> barang jadi & bahan baku | E79: =VLOOKUP(B79,Sheet3!$B$2:$E$312,4,) -> CC | F79: 1867 | G79: sisa | H79: manda | I79: V
B80: WIP LEMON TEA BATCH | C80: =VLOOKUP(B80,Sheet3!$B$2:$E$312,2,FALSE) -> P004-025 | D80: =VLOOKUP(B80,Sheet3!$B$2:$E$312,3,) -> barang jadi & bahan baku | E80: =VLOOKUP(B80,Sheet3!$B$2:$E$312,4,) -> ML | F80: 788 | G80: sisa | H80: manda | I80: V
A81: 46121 | B81: WIP PREP. VANILLA ICE CREAM | C81: =VLOOKUP(B81,Sheet3!$B$2:$E$312,2,FALSE) -> P004-031 | D81: =VLOOKUP(B81,Sheet3!$B$2:$E$312,3,) -> barang jadi & bahan baku | E81: =VLOOKUP(B81,Sheet3!$B$2:$E$312,4,) -> GR | F81: 2657 | G81: discard | H81: putra | I81: V
B82: WIP MATCHA ICE CREAM | C82: =VLOOKUP(B82,Sheet3!$B$2:$E$312,2,FALSE) -> P004-036 | D82: =VLOOKUP(B82,Sheet3!$B$2:$E$312,3,) -> barang jadi & bahan baku | E82: =VLOOKUP(B82,Sheet3!$B$2:$E$312,4,) -> GR | F82: 3376 | G82: discard | H82: putra | I82: V
B83: Jeruk Nipis | C83: =VLOOKUP(B83,Sheet3!$B$2:$E$312,2,FALSE) -> B001-047 | D83: =VLOOKUP(B83,Sheet3!$B$2:$E$312,3,) -> bahan baku | E83: =VLOOKUP(B83,Sheet3!$B$2:$E$312,4,) -> GR | F83: 126 | G83: discard | H83: gina | I83: V
B84: Mixed Veggies | C84: =VLOOKUP(B84,Sheet3!$B$2:$E$312,2,FALSE) -> B001-057 | D84: =VLOOKUP(B84,Sheet3!$B$2:$E$312,3,) -> bahan baku | E84: =VLOOKUP(B84,Sheet3!$B$2:$E$312,4,) -> GR | F84: 70 | G84: basi | H84: tegar | I84: V
B85: Bawang Bombay | C85: =VLOOKUP(B85,Sheet3!$B$2:$E$312,2,FALSE) -> B001-006 | D85: =VLOOKUP(B85,Sheet3!$B$2:$E$312,3,) -> bahan baku | E85: =VLOOKUP(B85,Sheet3!$B$2:$E$312,4,) -> GR | F85: 13 | G85: tidak digunakan | H85: tegar | I85: V
B86: Paprika Merah | C86: =VLOOKUP(B86,Sheet3!$B$2:$E$312,2,FALSE) -> B001-061 | D86: =VLOOKUP(B86,Sheet3!$B$2:$E$312,3,) -> bahan baku | E86: =VLOOKUP(B86,Sheet3!$B$2:$E$312,4,) -> GR | F86: 10 | G86: discard | H86: tegar | I86: V
B87: Tepung Crispy Breading | C87: =VLOOKUP(B87,Sheet3!$B$2:$E$312,2,FALSE) -> B001-088 | D87: =VLOOKUP(B87,Sheet3!$B$2:$E$312,3,) -> bahan baku | E87: =VLOOKUP(B87,Sheet3!$B$2:$E$312,4,) -> GR | F87: 2085 | G87: tidak digunakan | H87: arul | I87: V
B88: WIP MILK FOAM | C88: =VLOOKUP(B88,Sheet3!$B$2:$E$312,2,FALSE) -> P004-020 | D88: =VLOOKUP(B88,Sheet3!$B$2:$E$312,3,) -> barang jadi & bahan baku | E88: =VLOOKUP(B88,Sheet3!$B$2:$E$312,4,) -> GR | F88: 66 | G88: discard | H88: gina | I88: V
B89: WIP UNSWEERENED TEA BASE | C89: =VLOOKUP(B89,Sheet3!$B$2:$E$312,2,FALSE) -> #N/A | D89: =VLOOKUP(B89,Sheet3!$B$2:$E$312,3,) -> #N/A | E89: =VLOOKUP(B89,Sheet3!$B$2:$E$312,4,) -> #N/A | F89: 208 | G89: sisa | H89: gina | I89: V
B90: WIP LEMON TEA BATCH | C90: =VLOOKUP(B90,Sheet3!$B$2:$E$312,2,FALSE) -> P004-025 | D90: =VLOOKUP(B90,Sheet3!$B$2:$E$312,3,) -> barang jadi & bahan baku | E90: =VLOOKUP(B90,Sheet3!$B$2:$E$312,4,) -> ML | F90: 934 | G90: sisa | H90: gina | I90: V
B91: WIP GREEN TEA BASE | C91: =VLOOKUP(B91,Sheet3!$B$2:$E$312,2,FALSE) -> P004-023 | D91: =VLOOKUP(B91,Sheet3!$B$2:$E$312,3,) -> barang jadi & bahan baku | E91: =VLOOKUP(B91,Sheet3!$B$2:$E$312,4,) -> CC | F91: 2529 | G91: sisa | H91: gina | I91: V
B92: WIP RED TEA BASE | C92: =VLOOKUP(B92,Sheet3!$B$2:$E$312,2,FALSE) -> P004-022 | D92: =VLOOKUP(B92,Sheet3!$B$2:$E$312,3,) -> barang jadi & bahan baku | E92: =VLOOKUP(B92,Sheet3!$B$2:$E$312,4,) -> CC | F92: 2098 | G92: sisa | H92: gina | I92: V
B93: Selai Stroberi | C93: =VLOOKUP(B93,Sheet3!$B$2:$E$312,2,FALSE) -> B001-071 | D93: =VLOOKUP(B93,Sheet3!$B$2:$E$312,3,) -> bahan baku | E93: =VLOOKUP(B93,Sheet3!$B$2:$E$312,4,) -> GR | F93: 495 | G93: discard | H93: gina | I93: V
B94: WIP NASI PUTIH | C94: =VLOOKUP(B94,Sheet3!$B$2:$E$312,2,FALSE) -> P004-013 | D94: =VLOOKUP(B94,Sheet3!$B$2:$E$312,3,) -> barang jadi & bahan baku | E94: =VLOOKUP(B94,Sheet3!$B$2:$E$312,4,) -> PCS | F94: 8 | G94: sisa | H94: neza | I94: X | J94: 1030GR
A95: 46299 | B95: SELADA / LETTUCE | C95: =VLOOKUP(B95,Sheet3!$B$2:$E$312,2,FALSE) -> B001-125 | D95: =VLOOKUP(B95,Sheet3!$B$2:$E$312,3,) -> bahan baku | E95: =VLOOKUP(B95,Sheet3!$B$2:$E$312,4,) -> GR | F95: 155 | G95: discard | H95: rina | I95: V
B96: Bawang Bombay | C96: =VLOOKUP(B96,Sheet3!$B$2:$E$312,2,FALSE) -> B001-006 | D96: =VLOOKUP(B96,Sheet3!$B$2:$E$312,3,) -> bahan baku | E96: =VLOOKUP(B96,Sheet3!$B$2:$E$312,4,) -> GR | F96: 5 | G96: tidak digunakan | H96: rina | I96: V
B97: SAUCE TERIYAKI OTAFUKU | C97: =VLOOKUP(B97,Sheet3!$B$2:$E$312,2,FALSE) -> B001-115 | D97: =VLOOKUP(B97,Sheet3!$B$2:$E$312,3,) -> bahan baku | E97: =VLOOKUP(B97,Sheet3!$B$2:$E$312,4,) -> GR | F97: 844 | G97: discard | H97: rina | I97: V
B98: Gelas Plastik 500ML | C98: =VLOOKUP(B98,Sheet3!$B$2:$E$312,2,FALSE) -> B002-005 | D98: =VLOOKUP(B98,Sheet3!$B$2:$E$312,3,) -> others | E98: =VLOOKUP(B98,Sheet3!$B$2:$E$312,4,) -> PCS | F98: 104 | G98: kekurangan gelas | H98: manda | I98: V
B99: Tepung Crispy Breading | C99: =VLOOKUP(B99,Sheet3!$B$2:$E$312,2,FALSE) -> B001-088 | D99: =VLOOKUP(B99,Sheet3!$B$2:$E$312,3,) -> bahan baku | E99: =VLOOKUP(B99,Sheet3!$B$2:$E$312,4,) -> GR | F99: 8435 | G99: tidak digunakan | H99: arul | I99: V
B100: WIP UNSWEERENED TEA BASE | C100: =VLOOKUP(B100,Sheet3!$B$2:$E$312,2,FALSE) -> #N/A | D100: =VLOOKUP(B100,Sheet3!$B$2:$E$312,3,) -> #N/A | E100: =VLOOKUP(B100,Sheet3!$B$2:$E$312,4,) -> #N/A | F100: 2315 | G100: sisa | H100: gina | I100: V
...

Sheet MEI 26
A1: TANGGAL | B1: NAMA PRODUK | C1: KODE CSA | D1: JENIS | E1: SATUAN CSA | F1: JUMLAH | G1: ALASAN WASTE | H1: USER | I1: koreksi audit
A2: 46027 | B2: WIP MILK FOAM | C2: =VLOOKUP(B2,Sheet3!$B$2:$E$312,2,FALSE) -> P004-020 | D2: =VLOOKUP(B2,Sheet3!$B$2:$E$312,3,) -> barang jadi & bahan baku | E2: =VLOOKUP(B2,Sheet3!$B$2:$E$312,4,) -> GR | F2: 300 | G2: discard | H2: david | I2: v
B3: Cabai Rawit Merah | C3: =VLOOKUP(B3,Sheet3!$B$2:$E$312,2,FALSE) -> B001-019 | D3: =VLOOKUP(B3,Sheet3!$B$2:$E$312,3,) -> bahan baku | E3: =VLOOKUP(B3,Sheet3!$B$2:$E$312,4,) -> GR | F3: 100 | G3: tangkai cabe | H3: rina | I3: v
B4: Bawang Bombay | C4: =VLOOKUP(B4,Sheet3!$B$2:$E$312,2,FALSE) -> B001-006 | D4: =VLOOKUP(B4,Sheet3!$B$2:$E$312,3,) -> bahan baku | E4: =VLOOKUP(B4,Sheet3!$B$2:$E$312,4,) -> GR | F4: 23 | G4: kulit bawang | H4: rina | I4: v
B5: Mixed Veggies | C5: =VLOOKUP(B5,Sheet3!$B$2:$E$312,2,FALSE) -> B001-057 | D5: =VLOOKUP(B5,Sheet3!$B$2:$E$312,3,) -> bahan baku | E5: =VLOOKUP(B5,Sheet3!$B$2:$E$312,4,) -> GR | F5: 509 | G5: discard | H5: rina | I5: v
B6: WIP UNSWEERENED TEA BASE | C6: =VLOOKUP(B6,Sheet3!$B$2:$E$312,2,FALSE) -> #N/A | D6: =VLOOKUP(B6,Sheet3!$B$2:$E$312,3,) -> #N/A | E6: =VLOOKUP(B6,Sheet3!$B$2:$E$312,4,) -> #N/A | F6: 2468 | G6: sisa | H6: david | I6: v
B7: WIP LEMON TEA BATCH | C7: =VLOOKUP(B7,Sheet3!$B$2:$E$312,2,FALSE) -> P004-025 | D7: =VLOOKUP(B7,Sheet3!$B$2:$E$312,3,) -> barang jadi & bahan baku | E7: =VLOOKUP(B7,Sheet3!$B$2:$E$312,4,) -> ML | F7: 1021 | G7: sisa | H7: david | I7: v
B8: WIP RED TEA BASE | C8: =VLOOKUP(B8,Sheet3!$B$2:$E$312,2,FALSE) -> P004-022 | D8: =VLOOKUP(B8,Sheet3!$B$2:$E$312,3,) -> barang jadi & bahan baku | E8: =VLOOKUP(B8,Sheet3!$B$2:$E$312,4,) -> CC | F8: 1891 | G8: sisa | H8: david | I8: v
B9: WIP GREEN TEA BASE | C9: =VLOOKUP(B9,Sheet3!$B$2:$E$312,2,FALSE) -> P004-023 | D9: =VLOOKUP(B9,Sheet3!$B$2:$E$312,3,) -> barang jadi & bahan baku | E9: =VLOOKUP(B9,Sheet3!$B$2:$E$312,4,) -> CC | F9: 1992 | G9: sisa | H9: david | I9: v
B10: Gelas Plastik 500ML | C10: =VLOOKUP(B10,Sheet3!$B$2:$E$312,2,FALSE) -> B002-005 | D10: =VLOOKUP(B10,Sheet3!$B$2:$E$312,3,) -> others | E10: =VLOOKUP(B10,Sheet3!$B$2:$E$312,4,) -> PCS | F10: 44 | G10: kurang gelas | H10: david | I10: v
B11: SCRAMBLED EGG | C11: =VLOOKUP(B11,Sheet3!$B$2:$E$312,2,FALSE) -> S001-002 | D11: =VLOOKUP(B11,Sheet3!$B$2:$E$312,3,) -> barang jadi | E11: =VLOOKUP(B11,Sheet3!$B$2:$E$312,4,) -> PORSI | F11: 4 | G11: sisa | H11: neza | I11: v
B12: Beras 25KG | C12: =VLOOKUP(B12,Sheet3!$B$2:$E$312,2,FALSE) -> B001-008 | D12: =VLOOKUP(B12,Sheet3!$B$2:$E$312,3,) -> bahan baku | E12: =VLOOKUP(B12,Sheet3!$B$2:$E$312,4,) -> GR | F12: =1117 -> 1117 | G12: sisa nasi | H12: neza | I12: v
B13: Minyak Makan | C13: =VLOOKUP(B13,Sheet3!$B$2:$E$312,2,FALSE) -> B001-056 | D13: =VLOOKUP(B13,Sheet3!$B$2:$E$312,3,) -> bahan baku | E13: =VLOOKUP(B13,Sheet3!$B$2:$E$312,4,) -> ML | F13: 11 | G13: sisa nasi | H13: neza | I13: v
B14: SHOESTRING FRENCH FRIES | C14: =VLOOKUP(B14,Sheet3!$B$2:$E$312,2,FALSE) -> B001-002 | D14: =VLOOKUP(B14,Sheet3!$B$2:$E$312,3,) -> bahan baku | E14: =VLOOKUP(B14,Sheet3!$B$2:$E$312,4,) -> GR | F14: 209 | G14: sisa | H14: neza | I14: v
A15: 46058 | B15: Beras 25KG | C15: =VLOOKUP(B15,Sheet3!$B$2:$E$312,2,FALSE) -> B001-008 | D15: =VLOOKUP(B15,Sheet3!$B$2:$E$312,3,) -> bahan baku | E15: =VLOOKUP(B15,Sheet3!$B$2:$E$312,4,) -> GR | F15: =1859 -> 1859 | G15: sisa nasi | H15: neza | I15: x (1859)
B16: Minyak Makan | C16: =VLOOKUP(B16,Sheet3!$B$2:$E$312,2,FALSE) -> B001-056 | D16: =VLOOKUP(B16,Sheet3!$B$2:$E$312,3,) -> bahan baku | E16: =VLOOKUP(B16,Sheet3!$B$2:$E$312,4,) -> ML | F16: 19 | G16: sisa nasi | H16: neza | I16: x (19)
B17: SCRAMBLED EGG | C17: =VLOOKUP(B17,Sheet3!$B$2:$E$312,2,FALSE) -> S001-002 | D17: =VLOOKUP(B17,Sheet3!$B$2:$E$312,3,) -> barang jadi | E17: =VLOOKUP(B17,Sheet3!$B$2:$E$312,4,) -> PORSI | F17: 10 | G17: sisa | H17: neza | I17: x ( 9 porsi)
B18: WIP GREEN TEA BASE | C18: =VLOOKUP(B18,Sheet3!$B$2:$E$312,2,FALSE) -> P004-023 | D18: =VLOOKUP(B18,Sheet3!$B$2:$E$312,3,) -> barang jadi & bahan baku | E18: =VLOOKUP(B18,Sheet3!$B$2:$E$312,4,) -> CC | F18: 1372 | G18: sisa | H18: rina | I18: v
B19: Cabai Rawit Hijau | C19: =VLOOKUP(B19,Sheet3!$B$2:$E$312,2,FALSE) -> B001-018 | D19: =VLOOKUP(B19,Sheet3!$B$2:$E$312,3,) -> bahan baku | E19: =VLOOKUP(B19,Sheet3!$B$2:$E$312,4,) -> GR | F19: 63 | G19: sisa | H19: puput | I19: v
B20: Paprika Hijau | C20: =VLOOKUP(B20,Sheet3!$B$2:$E$312,2,FALSE) -> B001-060 | D20: =VLOOKUP(B20,Sheet3!$B$2:$E$312,3,) -> bahan baku | E20: =VLOOKUP(B20,Sheet3!$B$2:$E$312,4,) -> GR | F20: 31 | G20: sisa | H20: puput | I20: v
B21: Chicken Bacon | C21: =VLOOKUP(B21,Sheet3!$B$2:$E$312,2,FALSE) -> B001-023 | D21: =VLOOKUP(B21,Sheet3!$B$2:$E$312,3,) -> bahan baku | E21: =VLOOKUP(B21,Sheet3!$B$2:$E$312,4,) -> GR | F21: 236 | G21: discard | H21: puput | I21: v
A22: 46086 | B22: Bawang Bombay | C22: =VLOOKUP(B22,Sheet3!$B$2:$E$312,2,FALSE) -> B001-006 | D22: =VLOOKUP(B22,Sheet3!$B$2:$E$312,3,) -> bahan baku | E22: =VLOOKUP(B22,Sheet3!$B$2:$E$312,4,) -> GR | F22: 9 | G22: tdk terpakai | H22: dendi | I22: v
B23: Cabai Merah Keriting | C23: =VLOOKUP(B23,Sheet3!$B$2:$E$312,2,FALSE) -> B001-017 | D23: =VLOOKUP(B23,Sheet3!$B$2:$E$312,3,) -> bahan baku | E23: =VLOOKUP(B23,Sheet3!$B$2:$E$312,4,) -> GR | F23: 57 | G23: tdk terpakai | H23: dendi | I23: v
B24: Beras 25KG | C24: =VLOOKUP(B24,Sheet3!$B$2:$E$312,2,FALSE) -> B001-008 | D24: =VLOOKUP(B24,Sheet3!$B$2:$E$312,3,) -> bahan baku | E24: =VLOOKUP(B24,Sheet3!$B$2:$E$312,4,) -> GR | F24: =2187 -> 2187 | G24: sisa nasi | H24: neza | I24: x (2187)
B25: Minyak Makan | C25: =VLOOKUP(B25,Sheet3!$B$2:$E$312,2,FALSE) -> B001-056 | D25: =VLOOKUP(B25,Sheet3!$B$2:$E$312,3,) -> bahan baku | E25: =VLOOKUP(B25,Sheet3!$B$2:$E$312,4,) -> ML | F25: 22 | G25: sisa nasi | H25: neza | I25: v
B26: SCRAMBLED EGG | C26: =VLOOKUP(B26,Sheet3!$B$2:$E$312,2,FALSE) -> S001-002 | D26: =VLOOKUP(B26,Sheet3!$B$2:$E$312,3,) -> barang jadi | E26: =VLOOKUP(B26,Sheet3!$B$2:$E$312,4,) -> PORSI | F26: 3 | G26: sisa | H26: neza | I26: v
B27: Bawang Bombay | C27: =VLOOKUP(B27,Sheet3!$B$2:$E$312,2,FALSE) -> B001-006 | D27: =VLOOKUP(B27,Sheet3!$B$2:$E$312,3,) -> bahan baku | E27: =VLOOKUP(B27,Sheet3!$B$2:$E$312,4,) -> GR | F27: 9 | G27: tdk terpakai | H27: puput | I27: v
B28: Pisang | C28: =VLOOKUP(B28,Sheet3!$B$2:$E$312,2,FALSE) -> B001-064 | D28: =VLOOKUP(B28,Sheet3!$B$2:$E$312,3,) -> bahan baku | E28: =VLOOKUP(B28,Sheet3!$B$2:$E$312,4,) -> GR | F28: 93 | G28: tdk terpakai | H28: puput | I28: v
B29: SELADA / LETTUCE | C29: =VLOOKUP(B29,Sheet3!$B$2:$E$312,2,FALSE) -> B001-125 | D29: =VLOOKUP(B29,Sheet3!$B$2:$E$312,3,) -> bahan baku | E29: =VLOOKUP(B29,Sheet3!$B$2:$E$312,4,) -> GR | F29: 60 | G29: busuk | H29: puput | I29: v
B30: WIP GREEN TEA BASE | C30: =VLOOKUP(B30,Sheet3!$B$2:$E$312,2,FALSE) -> P004-023 | D30: =VLOOKUP(B30,Sheet3!$B$2:$E$312,3,) -> barang jadi & bahan baku | E30: =VLOOKUP(B30,Sheet3!$B$2:$E$312,4,) -> CC | F30: 505 | G30: sisa | H30: manda | I30: v
B31: WIP RED TEA BASE | C31: =VLOOKUP(B31,Sheet3!$B$2:$E$312,2,FALSE) -> P004-022 | D31: =VLOOKUP(B31,Sheet3!$B$2:$E$312,3,) -> barang jadi & bahan baku | E31: =VLOOKUP(B31,Sheet3!$B$2:$E$312,4,) -> CC | F31: 537 | G31: sisa | H31: manda | I31: v
B32: WIP UNSWEERENED TEA BASE | C32: =VLOOKUP(B32,Sheet3!$B$2:$E$312,2,FALSE) -> #N/A | D32: =VLOOKUP(B32,Sheet3!$B$2:$E$312,3,) -> #N/A | E32: =VLOOKUP(B32,Sheet3!$B$2:$E$312,4,) -> #N/A | F32: 4770 | G32: sisa | H32: manda | I32: v
B33: Gelas Plastik 500ML | C33: =VLOOKUP(B33,Sheet3!$B$2:$E$312,2,FALSE) -> B002-005 | D33: =VLOOKUP(B33,Sheet3!$B$2:$E$312,3,) -> others | E33: =VLOOKUP(B33,Sheet3!$B$2:$E$312,4,) -> PCS | F33: 106 | G33: kurang gelas | H33: manda | I33: v
A34: 46117 | B34: WIP MILK FOAM | C34: =VLOOKUP(B34,Sheet3!$B$2:$E$312,2,FALSE) -> P004-020 | D34: =VLOOKUP(B34,Sheet3!$B$2:$E$312,3,) -> barang jadi & bahan baku | E34: =VLOOKUP(B34,Sheet3!$B$2:$E$312,4,) -> GR | F34: 120 | G34: discard | H34: syendi | I34: v
B35: WIP GREEN TEA BASE | C35: =VLOOKUP(B35,Sheet3!$B$2:$E$312,2,FALSE) -> P004-023 | D35: =VLOOKUP(B35,Sheet3!$B$2:$E$312,3,) -> barang jadi & bahan baku | E35: =VLOOKUP(B35,Sheet3!$B$2:$E$312,4,) -> CC | F35: 1392 | G35: discard | H35: syendi | I35: v
B36: WIP RED TEA BASE | C36: =VLOOKUP(B36,Sheet3!$B$2:$E$312,2,FALSE) -> P004-022 | D36: =VLOOKUP(B36,Sheet3!$B$2:$E$312,3,) -> barang jadi & bahan baku | E36: =VLOOKUP(B36,Sheet3!$B$2:$E$312,4,) -> CC | F36: 1021 | G36: discard | H36: syendi | I36: v
B37: WIP UNSWEERENED TEA BASE | C37: =VLOOKUP(B37,Sheet3!$B$2:$E$312,2,FALSE) -> #N/A | D37: =VLOOKUP(B37,Sheet3!$B$2:$E$312,3,) -> #N/A | E37: =VLOOKUP(B37,Sheet3!$B$2:$E$312,4,) -> #N/A | F37: 4347 | G37: discard | H37: syendi | I37: v
B38: Beras 25KG | C38: =VLOOKUP(B38,Sheet3!$B$2:$E$312,2,FALSE) -> B001-008 | D38: =VLOOKUP(B38,Sheet3!$B$2:$E$312,3,) -> bahan baku | E38: =VLOOKUP(B38,Sheet3!$B$2:$E$312,4,) -> GR | F38: 2787 | G38: sisa nasi | H38: neza | I38: x (2787) | L38: =2187*1.56 -> 3411.72
B39: Minyak Makan | C39: =VLOOKUP(B39,Sheet3!$B$2:$E$312,2,FALSE) -> B001-056 | D39: =VLOOKUP(B39,Sheet3!$B$2:$E$312,3,) -> bahan baku | E39: =VLOOKUP(B39,Sheet3!$B$2:$E$312,4,) -> ML | F39: 28 | G39: sisa nasi | H39: neza | I39: x (28)
B40: SCRAMBLED EGG | C40: =VLOOKUP(B40,Sheet3!$B$2:$E$312,2,FALSE) -> S001-002 | D40: =VLOOKUP(B40,Sheet3!$B$2:$E$312,3,) -> barang jadi | E40: =VLOOKUP(B40,Sheet3!$B$2:$E$312,4,) -> PORSI | F40: 1 | G40: sisa | H40: neza | I40: v
B41: Pisang | C41: =VLOOKUP(B41,Sheet3!$B$2:$E$312,2,FALSE) -> B001-064 | D41: =VLOOKUP(B41,Sheet3!$B$2:$E$312,3,) -> bahan baku | E41: =VLOOKUP(B41,Sheet3!$B$2:$E$312,4,) -> GR | F41: 150 | G41: tdk terpakai | H41: puput | I41: v
B42: Bawang Bombay | C42: =VLOOKUP(B42,Sheet3!$B$2:$E$312,2,FALSE) -> B001-006 | D42: =VLOOKUP(B42,Sheet3!$B$2:$E$312,3,) -> bahan baku | E42: =VLOOKUP(B42,Sheet3!$B$2:$E$312,4,) -> GR | F42: 7 | G42: tdk terpakai | H42: puput | I42: v
A43: 46147 | B43: Bawang Bombay | C43: =VLOOKUP(B43,Sheet3!$B$2:$E$312,2,FALSE) -> B001-006 | D43: =VLOOKUP(B43,Sheet3!$B$2:$E$312,3,) -> bahan baku | E43: =VLOOKUP(B43,Sheet3!$B$2:$E$312,4,) -> GR | F43: 5 | G43: tdk terpakai | H43: dendi | I43: v
B44: Cabai Rawit Hijau | C44: =VLOOKUP(B44,Sheet3!$B$2:$E$312,2,FALSE) -> B001-018 | D44: =VLOOKUP(B44,Sheet3!$B$2:$E$312,3,) -> bahan baku | E44: =VLOOKUP(B44,Sheet3!$B$2:$E$312,4,) -> GR | F44: 119 | G44: tdk terpakai | H44: dendi | I44: v
B45: WIP SAUS GOLDEN | C45: =VLOOKUP(B45,Sheet3!$B$2:$E$312,2,FALSE) -> P004-012 | D45: =VLOOKUP(B45,Sheet3!$B$2:$E$312,3,) -> barang jadi & bahan baku | E45: =VLOOKUP(B45,Sheet3!$B$2:$E$312,4,) -> GR | F45: 208 | G45: discard | H45: puput | I45: v
B46: Tepung Crispy Breading | C46: =VLOOKUP(B46,Sheet3!$B$2:$E$312,2,FALSE) -> B001-088 | D46: =VLOOKUP(B46,Sheet3!$B$2:$E$312,3,) -> bahan baku | E46: =VLOOKUP(B46,Sheet3!$B$2:$E$312,4,) -> GR | F46: 3197 | G46: tdk terpakai | H46: arul | I46: v
B47: WIP GREEN TEA BASE | C47: =VLOOKUP(B47,Sheet3!$B$2:$E$312,2,FALSE) -> P004-023 | D47: =VLOOKUP(B47,Sheet3!$B$2:$E$312,3,) -> barang jadi & bahan baku | E47: =VLOOKUP(B47,Sheet3!$B$2:$E$312,4,) -> CC | F47: 805 | G47: discard | H47: ardi | I47: v
B48: Beras 25KG | C48: =VLOOKUP(B48,Sheet3!$B$2:$E$312,2,FALSE) -> B001-008 | D48: =VLOOKUP(B48,Sheet3!$B$2:$E$312,3,) -> bahan baku | E48: =VLOOKUP(B48,Sheet3!$B$2:$E$312,4,) -> GR | F48: 800 | G48: sisa nasi | H48: david | I48: v
B49: Minyak Makan | C49: =VLOOKUP(B49,Sheet3!$B$2:$E$312,2,FALSE) -> B001-056 | D49: =VLOOKUP(B49,Sheet3!$B$2:$E$312,3,) -> bahan baku | E49: =VLOOKUP(B49,Sheet3!$B$2:$E$312,4,) -> ML | F49: 8 | G49: sisa nasi | H49: david | I49: v
B50: WIP LEMON TEA BATCH | C50: =VLOOKUP(B50,Sheet3!$B$2:$E$312,2,FALSE) -> P004-025 | D50: =VLOOKUP(B50,Sheet3!$B$2:$E$312,3,) -> barang jadi & bahan baku | E50: =VLOOKUP(B50,Sheet3!$B$2:$E$312,4,) -> ML | F50: 1211 | G50: discard | H50: ardi | I50: v
B51: SHOESTRING FRENCH FRIES | C51: =VLOOKUP(B51,Sheet3!$B$2:$E$312,2,FALSE) -> B001-002 | D51: =VLOOKUP(B51,Sheet3!$B$2:$E$312,3,) -> bahan baku | E51: =VLOOKUP(B51,Sheet3!$B$2:$E$312,4,) -> GR | F51: 100 | G51: sisa | H51: david | I51: v
A52: 46178 | B52: WIP GREEN TEA BASE | C52: =VLOOKUP(B52,Sheet3!$B$2:$E$312,2,FALSE) -> P004-023 | D52: =VLOOKUP(B52,Sheet3!$B$2:$E$312,3,) -> barang jadi & bahan baku | E52: =VLOOKUP(B52,Sheet3!$B$2:$E$312,4,) -> CC | F52: 1100 | G52: discard | H52: syendi | I52: v
B53: WIP RED TEA BASE | C53: =VLOOKUP(B53,Sheet3!$B$2:$E$312,2,FALSE) -> P004-022 | D53: =VLOOKUP(B53,Sheet3!$B$2:$E$312,3,) -> barang jadi & bahan baku | E53: =VLOOKUP(B53,Sheet3!$B$2:$E$312,4,) -> CC | F53: 1140 | G53: discard | H53: syendi | I53: v
B54: WIP LEMON TEA BATCH | C54: =VLOOKUP(B54,Sheet3!$B$2:$E$312,2,FALSE) -> P004-025 | D54: =VLOOKUP(B54,Sheet3!$B$2:$E$312,3,) -> barang jadi & bahan baku | E54: =VLOOKUP(B54,Sheet3!$B$2:$E$312,4,) -> ML | F54: 776 | G54: sisa | H54: syendi | I54: v
B55: Tepung Crispy Breading | C55: =VLOOKUP(B55,Sheet3!$B$2:$E$312,2,FALSE) -> B001-088 | D55: =VLOOKUP(B55,Sheet3!$B$2:$E$312,3,) -> bahan baku | E55: =VLOOKUP(B55,Sheet3!$B$2:$E$312,4,) -> GR | F55: 5852 | G55: tdk terpakai | H55: arul | I55: v
B56: SCRAMBLED EGG | C56: =VLOOKUP(B56,Sheet3!$B$2:$E$312,2,FALSE) -> S001-002 | D56: =VLOOKUP(B56,Sheet3!$B$2:$E$312,3,) -> barang jadi | E56: =VLOOKUP(B56,Sheet3!$B$2:$E$312,4,) -> PORSI | F56: 1 | G56: sisa | H56: david | I56: x ( 1porsi)
B57: Beras 25KG | C57: =VLOOKUP(B57,Sheet3!$B$2:$E$312,2,FALSE) -> B001-008 | D57: =VLOOKUP(B57,Sheet3!$B$2:$E$312,3,) -> bahan baku | E57: =VLOOKUP(B57,Sheet3!$B$2:$E$312,4,) -> GR | F57: 815 | G57: sisa nasi | H57: david | I57: v
B58: Minyak Makan | C58: =VLOOKUP(B58,Sheet3!$B$2:$E$312,2,FALSE) -> B001-056 | D58: =VLOOKUP(B58,Sheet3!$B$2:$E$312,3,) -> bahan baku | E58: =VLOOKUP(B58,Sheet3!$B$2:$E$312,4,) -> ML | F58: 8 | G58: sisa nasi | H58: david | I58: v
B59: Mixed Veggies | C59: =VLOOKUP(B59,Sheet3!$B$2:$E$312,2,FALSE) -> B001-057 | D59: =VLOOKUP(B59,Sheet3!$B$2:$E$312,3,) -> bahan baku | E59: =VLOOKUP(B59,Sheet3!$B$2:$E$312,4,) -> GR | F59: 48 | G59: discard | H59: dendi | I59: v
B60: WIP SAUS SUSU | C60: =VLOOKUP(B60,Sheet3!$B$2:$E$312,2,FALSE) -> P004-011 | D60: =VLOOKUP(B60,Sheet3!$B$2:$E$312,3,) -> barang jadi & bahan baku | E60: =VLOOKUP(B60,Sheet3!$B$2:$E$312,4,) -> GR | F60: 64 | G60: discard | H60: dendi | I60: v
B61: Bawang Bombay | C61: =VLOOKUP(B61,Sheet3!$B$2:$E$312,2,FALSE) -> B001-006 | D61: =VLOOKUP(B61,Sheet3!$B$2:$E$312,3,) -> bahan baku | E61: =VLOOKUP(B61,Sheet3!$B$2:$E$312,4,) -> GR | F61: 20 | G61: tdk terpakai | H61: dendi | I61: v
B62: SELADA / LETTUCE | C62: =VLOOKUP(B62,Sheet3!$B$2:$E$312,2,FALSE) -> B001-125 | D62: =VLOOKUP(B62,Sheet3!$B$2:$E$312,3,) -> bahan baku | E62: =VLOOKUP(B62,Sheet3!$B$2:$E$312,4,) -> GR | F62: 111 | G62: tdk terpakai | H62: dendi | I62: v
A63: 46208 | B63: Saus Honey Mustard | C63: =VLOOKUP(B63,Sheet3!$B$2:$E$312,2,FALSE) -> B001-043 | D63: =VLOOKUP(B63,Sheet3!$B$2:$E$312,3,) -> bahan baku | E63: =VLOOKUP(B63,Sheet3!$B$2:$E$312,4,) -> GR | F63: 28 | G63: basi | H63: neza | I63: V
B64: Saus Salted egg | C64: =VLOOKUP(B64,Sheet3!$B$2:$E$312,2,FALSE) -> #N/A | D64: =VLOOKUP(B64,Sheet3!$B$2:$E$312,3,) -> #N/A | E64: =VLOOKUP(B64,Sheet3!$B$2:$E$312,4,) -> #N/A | F64: 41 | G64: discard | H64: gina | I64: V
B65: BURGER BUN | C65: =VLOOKUP(B65,Sheet3!$B$2:$E$312,2,FALSE) -> B001-123 | D65: =VLOOKUP(B65,Sheet3!$B$2:$E$312,3,) -> bahan baku | E65: =VLOOKUP(B65,Sheet3!$B$2:$E$312,4,) -> PCS | F65: 1 | G65: gagal fermentasi | H65: gina | I65: V
B66: SAOS SALAD / MAYO | C66: =VLOOKUP(B66,Sheet3!$B$2:$E$312,2,FALSE) -> B001-126 | D66: =VLOOKUP(B66,Sheet3!$B$2:$E$312,3,) -> bahan baku | E66: =VLOOKUP(B66,Sheet3!$B$2:$E$312,4,) -> GR | F66: 114 | G66: discard | H66: gina | I66: V
B67: WIP MATCHA ICE CREAM | C67: =VLOOKUP(B67,Sheet3!$B$2:$E$312,2,FALSE) -> P004-036 | D67: =VLOOKUP(B67,Sheet3!$B$2:$E$312,3,) -> barang jadi & bahan baku | E67: =VLOOKUP(B67,Sheet3!$B$2:$E$312,4,) -> GR | F67: 2729 | G67: basi | H67: manda | I67: V
B68: TAKEAWAY CUP 700ML 700 | C68: =VLOOKUP(B68,Sheet3!$B$2:$E$312,2,FALSE) -> B002-018 | D68: =VLOOKUP(B68,Sheet3!$B$2:$E$312,3,) -> others | E68: =VLOOKUP(B68,Sheet3!$B$2:$E$312,4,) -> PCS | F68: 5 | G68: retak | H68: manda | I68: V
B69: Bawang Bombay | C69: =VLOOKUP(B69,Sheet3!$B$2:$E$312,2,FALSE) -> B001-006 | D69: =VLOOKUP(B69,Sheet3!$B$2:$E$312,3,) -> bahan baku | E69: =VLOOKUP(B69,Sheet3!$B$2:$E$312,4,) -> GR | F69: 9 | G69: tdk terpakai | H69: dendi | I69: V
B70: WIP LEMON TEA BATCH | C70: =VLOOKUP(B70,Sheet3!$B$2:$E$312,2,FALSE) -> P004-025 | D70: =VLOOKUP(B70,Sheet3!$B$2:$E$312,3,) -> barang jadi & bahan baku | E70: =VLOOKUP(B70,Sheet3!$B$2:$E$312,4,) -> ML | F70: 270 | G70: sisa | H70: syendi | I70: V
B71: WIP UNSWEERENED TEA BASE | C71: =VLOOKUP(B71,Sheet3!$B$2:$E$312,2,FALSE) -> #N/A | D71: =VLOOKUP(B71,Sheet3!$B$2:$E$312,3,) -> #N/A | E71: =VLOOKUP(B71,Sheet3!$B$2:$E$312,4,) -> #N/A | F71: 2490 | G71: sisa | H71: syendi | I71: V
B72: WIP GREEN TEA BASE | C72: =VLOOKUP(B72,Sheet3!$B$2:$E$312,2,FALSE) -> P004-023 | D72: =VLOOKUP(B72,Sheet3!$B$2:$E$312,3,) -> barang jadi & bahan baku | E72: =VLOOKUP(B72,Sheet3!$B$2:$E$312,4,) -> CC | F72: 909 | G72: sisa | H72: syendi | I72: V
B73: WIP RED TEA BASE | C73: =VLOOKUP(B73,Sheet3!$B$2:$E$312,2,FALSE) -> P004-022 | D73: =VLOOKUP(B73,Sheet3!$B$2:$E$312,3,) -> barang jadi & bahan baku | E73: =VLOOKUP(B73,Sheet3!$B$2:$E$312,4,) -> CC | F73: 125 | G73: sisa | H73: syendi | I73: V
B74: Tepung Crispy Breading | C74: =VLOOKUP(B74,Sheet3!$B$2:$E$312,2,FALSE) -> B001-088 | D74: =VLOOKUP(B74,Sheet3!$B$2:$E$312,3,) -> bahan baku | E74: =VLOOKUP(B74,Sheet3!$B$2:$E$312,4,) -> GR | F74: 1847 | G74: tdk terpakai | H74: arul | I74: V
B75: Beras 25KG | C75: =VLOOKUP(B75,Sheet3!$B$2:$E$312,2,FALSE) -> B001-008 | D75: =VLOOKUP(B75,Sheet3!$B$2:$E$312,3,) -> bahan baku | E75: =VLOOKUP(B75,Sheet3!$B$2:$E$312,4,) -> GR | F75: 1305 | G75: sisa nasi | H75: david | I75: V
B76: Minyak Makan | C76: =VLOOKUP(B76,Sheet3!$B$2:$E$312,2,FALSE) -> B001-056 | D76: =VLOOKUP(B76,Sheet3!$B$2:$E$312,3,) -> bahan baku | E76: =VLOOKUP(B76,Sheet3!$B$2:$E$312,4,) -> ML | F76: 13 | G76: sisa nasi | H76: david | I76: V
A77: 46239 | B77: SAOS SALAD / MAYO | C77: =VLOOKUP(B77,Sheet3!$B$2:$E$312,2,FALSE) -> B001-126 | D77: =VLOOKUP(B77,Sheet3!$B$2:$E$312,3,) -> bahan baku | E77: =VLOOKUP(B77,Sheet3!$B$2:$E$312,4,) -> GR | F77: 480 | G77: discard | H77: neza | I77: V
B78: WIP MILK FOAM | C78: =VLOOKUP(B78,Sheet3!$B$2:$E$312,2,FALSE) -> P004-020 | D78: =VLOOKUP(B78,Sheet3!$B$2:$E$312,3,) -> barang jadi & bahan baku | E78: =VLOOKUP(B78,Sheet3!$B$2:$E$312,4,) -> GR | F78: 50 | G78: discrard | H78: mahess | I78: V
B79: SELADA / LETTUCE | C79: =VLOOKUP(B79,Sheet3!$B$2:$E$312,2,FALSE) -> B001-125 | D79: =VLOOKUP(B79,Sheet3!$B$2:$E$312,3,) -> bahan baku | E79: =VLOOKUP(B79,Sheet3!$B$2:$E$312,4,) -> GR | F79: 95 | G79: busuk | H79: dendi | I79: V
B80: Bawang Bombay | C80: =VLOOKUP(B80,Sheet3!$B$2:$E$312,2,FALSE) -> B001-006 | D80: =VLOOKUP(B80,Sheet3!$B$2:$E$312,3,) -> bahan baku | E80: =VLOOKUP(B80,Sheet3!$B$2:$E$312,4,) -> GR | F80: 21 | G80: busuk | H80: dendi | I80: V
B81: Beras 25KG | C81: =VLOOKUP(B81,Sheet3!$B$2:$E$312,2,FALSE) -> B001-008 | D81: =VLOOKUP(B81,Sheet3!$B$2:$E$312,3,) -> bahan baku | E81: =VLOOKUP(B81,Sheet3!$B$2:$E$312,4,) -> GR | F81: 1234 | G81: sisa nasi | H81: david | I81: X(1234 GR)
B82: Minyak Makan | C82: =VLOOKUP(B82,Sheet3!$B$2:$E$312,2,FALSE) -> B001-056 | D82: =VLOOKUP(B82,Sheet3!$B$2:$E$312,3,) -> bahan baku | E82: =VLOOKUP(B82,Sheet3!$B$2:$E$312,4,) -> ML | F82: 12 | G82: sisa nasi | H82: david | I82: V
B83: WIP RED TEA BASE | C83: =VLOOKUP(B83,Sheet3!$B$2:$E$312,2,FALSE) -> P004-022 | D83: =VLOOKUP(B83,Sheet3!$B$2:$E$312,3,) -> barang jadi & bahan baku | E83: =VLOOKUP(B83,Sheet3!$B$2:$E$312,4,) -> CC | F83: 421 | G83: sisa | H83: manda | I83: V
B84: WIP UNSWEERENED TEA BASE | C84: =VLOOKUP(B84,Sheet3!$B$2:$E$312,2,FALSE) -> #N/A | D84: =VLOOKUP(B84,Sheet3!$B$2:$E$312,3,) -> #N/A | E84: =VLOOKUP(B84,Sheet3!$B$2:$E$312,4,) -> #N/A | F84: 2185 | G84: sisa | H84: manda | I84: V
B85: WIP GREEN TEA BASE | C85: =VLOOKUP(B85,Sheet3!$B$2:$E$312,2,FALSE) -> P004-023 | D85: =VLOOKUP(B85,Sheet3!$B$2:$E$312,3,) -> barang jadi & bahan baku | E85: =VLOOKUP(B85,Sheet3!$B$2:$E$312,4,) -> CC | F85: 1900 | G85: sisa | H85: manda | I85: V
B86: WIP LEMON TEA BATCH | C86: =VLOOKUP(B86,Sheet3!$B$2:$E$312,2,FALSE) -> P004-025 | D86: =VLOOKUP(B86,Sheet3!$B$2:$E$312,3,) -> barang jadi & bahan baku | E86: =VLOOKUP(B86,Sheet3!$B$2:$E$312,4,) -> ML | F86: 2174 | G86: sisa | H86: manda | I86: V
A87: 46270 | B87: Tepung Crispy Breading | C87: =VLOOKUP(B87,Sheet3!$B$2:$E$312,2,FALSE) -> B001-088 | D87: =VLOOKUP(B87,Sheet3!$B$2:$E$312,3,) -> bahan baku | E87: =VLOOKUP(B87,Sheet3!$B$2:$E$312,4,) -> GR | F87: 6896 | G87: tdk terpakai | H87: arul | I87: V
B88: WIP GREEN TEA BASE | C88: =VLOOKUP(B88,Sheet3!$B$2:$E$312,2,FALSE) -> P004-023 | D88: =VLOOKUP(B88,Sheet3!$B$2:$E$312,3,) -> barang jadi & bahan baku | E88: =VLOOKUP(B88,Sheet3!$B$2:$E$312,4,) -> CC | F88: 413 | G88: sisa | H88: syendi | I88: X(413 CC)
B89: WIP RED TEA BASE | C89: =VLOOKUP(B89,Sheet3!$B$2:$E$312,2,FALSE) -> P004-022 | D89: =VLOOKUP(B89,Sheet3!$B$2:$E$312,3,) -> barang jadi & bahan baku | E89: =VLOOKUP(B89,Sheet3!$B$2:$E$312,4,) -> CC | F89: 548 | G89: sisa | H89: syendi | I89: V
B90: Gelas Plastik 500ML | C90: =VLOOKUP(B90,Sheet3!$B$2:$E$312,2,FALSE) -> B002-005 | D90: =VLOOKUP(B90,Sheet3!$B$2:$E$312,3,) -> others | E90: =VLOOKUP(B90,Sheet3!$B$2:$E$312,4,) -> PCS | F90: 130 | G90: kekurangan gelas | H90: syendi | I90: V
B91: Beras 25KG | C91: =VLOOKUP(B91,Sheet3!$B$2:$E$312,2,FALSE) -> B001-008 | D91: =VLOOKUP(B91,Sheet3!$B$2:$E$312,3,) -> bahan baku | E91: =VLOOKUP(B91,Sheet3!$B$2:$E$312,4,) -> GR | F91: 1951 | G91: sisa nasi | H91: gina | I91: X(1951 GR)
B92: Minyak Makan | C92: =VLOOKUP(B92,Sheet3!$B$2:$E$312,2,FALSE) -> B001-056 | D92: =VLOOKUP(B92,Sheet3!$B$2:$E$312,3,) -> bahan baku | E92: =VLOOKUP(B92,Sheet3!$B$2:$E$312,4,) -> ML | F92: 20 | G92: sisa nasi | H92: gina | I92: V
B93: SCRAMBLED EGG | C93: =VLOOKUP(B93,Sheet3!$B$2:$E$312,2,FALSE) -> S001-002 | D93: =VLOOKUP(B93,Sheet3!$B$2:$E$312,3,) -> barang jadi | E93: =VLOOKUP(B93,Sheet3!$B$2:$E$312,4,) -> PORSI | F93: 1 | G93: sisa | H93: gina | I93: X (1 PORSI)
B94: SHOESTRING FRENCH FRIES | C94: =VLOOKUP(B94,Sheet3!$B$2:$E$312,2,FALSE) -> B001-002 | D94: =VLOOKUP(B94,Sheet3!$B$2:$E$312,3,) -> bahan baku | E94: =VLOOKUP(B94,Sheet3!$B$2:$E$312,4,) -> GR | F94: 112 | G94: sisa | H94: gina | I94: V
B95: Pisang | C95: =VLOOKUP(B95,Sheet3!$B$2:$E$312,2,FALSE) -> B001-064 | D95: =VLOOKUP(B95,Sheet3!$B$2:$E$312,3,) -> bahan baku | E95: =VLOOKUP(B95,Sheet3!$B$2:$E$312,4,) -> GR | F95: 110 | G95: tdk terpakai | H95: dendi | I95: V
B96: DAUN JERUK | C96: =VLOOKUP(B96,Sheet3!$B$2:$E$312,2,FALSE) -> B001-098 | D96: =VLOOKUP(B96,Sheet3!$B$2:$E$312,3,) -> bahan baku | E96: =VLOOKUP(B96,Sheet3!$B$2:$E$312,4,) -> GR | F96: 22 | G96: tidak layak | H96: dendi | I96: V
B97: Bawang Bombay | C97: =VLOOKUP(B97,Sheet3!$B$2:$E$312,2,FALSE) -> B001-006 | D97: =VLOOKUP(B97,Sheet3!$B$2:$E$312,3,) -> bahan baku | E97: =VLOOKUP(B97,Sheet3!$B$2:$E$312,4,) -> GR | F97: 18 | G97: tdk terpakai | H97: dendi | I97: V
B98: SELADA / LETTUCE | C98: =VLOOKUP(B98,Sheet3!$B$2:$E$312,2,FALSE) -> B001-125 | D98: =VLOOKUP(B98,Sheet3!$B$2:$E$312,3,) -> bahan baku | E98: =VLOOKUP(B98,Sheet3!$B$2:$E$312,4,) -> GR | F98: 161 | G98: busuk | H98: dendi | I98: V
A99: 46300 | B99: Tepung Crispy Breading | C99: =VLOOKUP(B99,Sheet3!$B$2:$E$312,2,FALSE) -> B001-088 | D99: =VLOOKUP(B99,Sheet3!$B$2:$E$312,3,) -> bahan baku | E99: =VLOOKUP(B99,Sheet3!$B$2:$E$312,4,) -> GR | F99: 4919 | G99: tdk terpakai | H99: arul | I99: V
B100: Pisang | C100: =VLOOKUP(B100,Sheet3!$B$2:$E$312,2,FALSE) -> B001-064 | D100: =VLOOKUP(B100,Sheet3!$B$2:$E$312,3,) -> bahan baku | E100: =VLOOKUP(B100,Sheet3!$B$2:$E$312,4,) -> GR | F100: 116 | G100: tdk terpakai | H100: dendi | I100: V
...

Sheet JUNI 26
A1: FORM ADJUSTMENT
A2: PT. KREASI LIMA CAHAYA
A3: JCHICKEN CILEDUG
A4: BULAN, TAHUN: JUNI, 2026
A6: TANGGAL | B6: NAMA PRODUK | C6: KODE CSA | D6: Jenis | E6: JUMLAH | F6: SATUAN CSA | G6: ALASAN WASTE | H6: USER | I6: SECTION | J6: KATEGORI | L6: AUDIT
A7: 01 Juni 2026 | B7: Pisang | C7: =IFERROR(VLOOKUP(B7,'Master data'!$A$1:$D$397,2,FALSE),"") -> B001-064 | D7: =VLOOKUP(B7,Sheet3!$B$2:$E$312,3,) -> bahan baku | E7: 50 | F7: =IFERROR(VLOOKUP(B7,'Master data'!$A$1:$D$397,3,FALSE),"") -> GR | G7: TIDAK TERPAKAI | H7: PUPUT | I7: MP | J7: Waste | K7: FALSE | L7: TRUE
B8: Paprika Merah | C8: =IFERROR(VLOOKUP(B8,'Master data'!$A$1:$D$397,2,FALSE),"") -> B001-061 | D8: =VLOOKUP(B8,Sheet3!$B$2:$E$312,3,) -> bahan baku | E8: 40 | F8: =IFERROR(VLOOKUP(B8,'Master data'!$A$1:$D$397,3,FALSE),"") -> GR | G8: TIDAK TERPAKAI | I8: MP | J8: Waste | K8: FALSE | L8: TRUE
B9: Bawang Bombay | C9: =IFERROR(VLOOKUP(B9,'Master data'!$A$1:$D$397,2,FALSE),"") -> B001-006 | D9: =VLOOKUP(B9,Sheet3!$B$2:$E$312,3,) -> bahan baku | E9: 17 | F9: =IFERROR(VLOOKUP(B9,'Master data'!$A$1:$D$397,3,FALSE),"") -> GR | G9: TIDAK TERPAKAI | I9: MP | J9: Waste | K9: FALSE | L9: TRUE
B10: Pisang | C10: =IFERROR(VLOOKUP(B10,'Master data'!$A$1:$D$397,2,FALSE),"") -> B001-064 | D10: =VLOOKUP(B10,Sheet3!$B$2:$E$312,3,) -> bahan baku | E10: 119 | F10: =IFERROR(VLOOKUP(B10,'Master data'!$A$1:$D$397,3,FALSE),"") -> GR | G10: TIDAK TERPAKAI | I10: MP | J10: Waste | K10: FALSE | L10: TRUE
B11: Beras 25KG | C11: =IFERROR(VLOOKUP(B11,'Master data'!$A$1:$D$397,2,FALSE),"") -> B001-008 | D11: =VLOOKUP(B11,Sheet3!$B$2:$E$312,3,) -> bahan baku | E11: 1182,69 | F11: =IFERROR(VLOOKUP(B11,'Master data'!$A$1:$D$397,3,FALSE),"") -> GR | G11: NASI KERING | H11: TEGAR | I11: ASSEMBLY | J11: Waste | K11: FALSE | L11: TRUE
B12: Minyak Makan | C12: =IFERROR(VLOOKUP(B12,'Master data'!$A$1:$D$397,2,FALSE),"") -> B001-056 | D12: =VLOOKUP(B12,Sheet3!$B$2:$E$312,3,) -> bahan baku | E12: 11,83 | F12: =IFERROR(VLOOKUP(B12,'Master data'!$A$1:$D$397,3,FALSE),"") -> ML | G12: NASI KERING | I12: ASSEMBLY | J12: Waste | K12: FALSE | L12: TRUE
B13: WIP RED TEA BASE | C13: =IFERROR(VLOOKUP(B13,'Master data'!$A$1:$D$397,2,FALSE),"") -> P004-022 | D13: =VLOOKUP(B13,Sheet3!$B$2:$E$312,3,) -> barang jadi & bahan baku | E13: 881 | F13: =IFERROR(VLOOKUP(B13,'Master data'!$A$1:$D$397,3,FALSE),"") -> GR | G13: SISA | H13: MANDA | I13: BAR | J13: Waste | K13: FALSE | L13: TRUE
B14: WIP GREEN TEA BASE | C14: =IFERROR(VLOOKUP(B14,'Master data'!$A$1:$D$397,2,FALSE),"") -> P004-023 | D14: =VLOOKUP(B14,Sheet3!$B$2:$E$312,3,) -> barang jadi & bahan baku | E14: 32 | F14: =IFERROR(VLOOKUP(B14,'Master data'!$A$1:$D$397,3,FALSE),"") -> GR | G14: SISA | I14: BAR | J14: Waste | K14: FALSE | L14: TRUE
B15: WIP UNSWEETENED TEA BATCH | C15: =IFERROR(VLOOKUP(B15,'Master data'!$A$1:$D$397,2,FALSE),"") -> P004-024 | D15: =VLOOKUP(B15,Sheet3!$B$2:$E$312,3,FALSE) -> barang jadi & bahan baku | E15: 154 | F15: =IFERROR(VLOOKUP(B15,'Master data'!$A$1:$D$397,3,FALSE),"") -> ML | G15: SISA | I15: BAR | J15: Waste | K15: FALSE | L15: TRUE
B16: Tepung Crispy Breading | C16: =IFERROR(VLOOKUP(B16,'Master data'!$A$1:$D$397,2,FALSE),"") -> B001-088 | D16: =VLOOKUP(B16,Sheet3!$B$2:$E$312,3,) -> bahan baku | E16: 2965 | F16: =IFERROR(VLOOKUP(B16,'Master data'!$A$1:$D$397,3,FALSE),"") -> GR | G16: BEKAS TAPISAN | H16: ARDI | I16: COOK | J16: Waste | K16: FALSE | L16: TRUE
B17: Biji Kopi | C17: =IFERROR(VLOOKUP(B17,'Master data'!$A$1:$D$397,2,FALSE),"") -> B001-009 | D17: =VLOOKUP(B17,Sheet3!$B$2:$E$312,3,) -> bahan baku | E17: 45 | F17: =IFERROR(VLOOKUP(B17,'Master data'!$A$1:$D$397,3,FALSE),"") -> GR | G17: KALIBRASI | H17: MANDA | I17: BAR | J17: Test food/ Kalibrasi | K17: FALSE | L17: TRUE
A18: 02 Juni 2026 | B18: Biji Kopi | C18: =IFERROR(VLOOKUP(B18,'Master data'!$A$1:$D$397,2,FALSE),"") -> B001-009 | D18: =VLOOKUP(B18,Sheet3!$B$2:$E$312,3,) -> bahan baku | E18: 42 | F18: =IFERROR(VLOOKUP(B18,'Master data'!$A$1:$D$397,3,FALSE),"") -> GR | G18: KALIBRASI | I18: BAR | J18: Test food/ Kalibrasi | K18: FALSE | L18: TRUE
B19: WIP CAMPURAN OREN | C19: =IFERROR(VLOOKUP(B19,'Master data'!$A$1:$D$397,2,FALSE),"") -> P004-045 | D19: =VLOOKUP(B19,Sheet3!$B$2:$E$312,3,) -> barang jadi & bahan baku | E19: 60 | F19: =IFERROR(VLOOKUP(B19,'Master data'!$A$1:$D$397,3,FALSE),"") -> PRS | G19: BASI | I19: BAR | J19: Spoil | K19: FALSE | L19: TRUE
B20: WIP MILK TEA BASE | C20: =IFERROR(VLOOKUP(B20,'Master data'!$A$1:$D$397,2,FALSE),"") -> P004-019 | D20: =VLOOKUP(B20,Sheet3!$B$2:$E$312,3,) -> barang jadi & bahan baku | E20: 16 | F20: =IFERROR(VLOOKUP(B20,'Master data'!$A$1:$D$397,3,FALSE),"") -> GR | G20: BASI | I20: BAR | J20: Spoil | K20: FALSE | L20: TRUE
B21: Bawang Bombay | C21: =IFERROR(VLOOKUP(B21,'Master data'!$A$1:$D$397,2,FALSE),"") -> B001-006 | D21: =VLOOKUP(B21,Sheet3!$B$2:$E$312,3,) -> bahan baku | E21: 16 | F21: =IFERROR(VLOOKUP(B21,'Master data'!$A$1:$D$397,3,FALSE),"") -> GR | G21: TIDAK TERPAKAI | H21: PUPUT | I21: MP | J21: Waste | K21: FALSE | L21: TRUE
B22: Chicken Bacon | C22: =IFERROR(VLOOKUP(B22,'Master data'!$A$1:$D$397,2,FALSE),"") -> B001-023 | D22: =VLOOKUP(B22,Sheet3!$B$2:$E$312,3,) -> bahan baku | E22: 53 | F22: =IFERROR(VLOOKUP(B22,'Master data'!$A$1:$D$397,3,FALSE),"") -> GR | G22: DISCARD | I22: MP | J22: Spoil | K22: FALSE | L22: TRUE
B23: Coca-Cola | C23: =IFERROR(VLOOKUP(B23,'Master data'!$A$1:$D$397,2,FALSE),"") -> B001-032 | D23: =VLOOKUP(B23,Sheet3!$B$2:$E$312,3,) -> bahan baku | E23: 540 | F23: =IFERROR(VLOOKUP(B23,'Master data'!$A$1:$D$397,3,FALSE),"") -> ML | G23: DISCARD | H23: SYENDI | I23: BAR | J23: Spoil | K23: FALSE | L23: TRUE
B24: WIP TELUR KOCOK | C24: =IFERROR(VLOOKUP(B24,'Master data'!$A$1:$D$397,2,FALSE),"") -> P004-014 | D24: =VLOOKUP(B24,Sheet3!$B$2:$E$312,3,) -> barang jadi & bahan baku | E24: 82 | F24: =IFERROR(VLOOKUP(B24,'Master data'!$A$1:$D$397,3,FALSE),"") -> GR | G24: SISA | H24: PUPUT | I24: MP | J24: Spoil | K24: FALSE | L24: TRUE
B25: WIP GREEN TEA BASE | C25: =IFERROR(VLOOKUP(B25,'Master data'!$A$1:$D$397,2,FALSE),"") -> P004-023 | D25: =VLOOKUP(B25,Sheet3!$B$2:$E$312,3,) -> barang jadi & bahan baku | E25: 451 | F25: =IFERROR(VLOOKUP(B25,'Master data'!$A$1:$D$397,3,FALSE),"") -> GR | G25: DISCARD | H25: SYENDI | I25: BAR | J25: Spoil | K25: FALSE | L25: TRUE
B26: WIP LEMON TEA BATCH | C26: =IFERROR(VLOOKUP(B26,'Master data'!$A$1:$D$397,2,FALSE),"") -> P004-025 | D26: =VLOOKUP(B26,Sheet3!$B$2:$E$312,3,) -> barang jadi & bahan baku | E26: 248 | F26: =IFERROR(VLOOKUP(B26,'Master data'!$A$1:$D$397,3,FALSE),"") -> PRS | G26: DISCARD | I26: BAR | J26: Spoil | K26: FALSE | L26: TRUE
B27: WIP RED TEA BASE | C27: =IFERROR(VLOOKUP(B27,'Master data'!$A$1:$D$397,2,FALSE),"") -> P004-022 | D27: =VLOOKUP(B27,Sheet3!$B$2:$E$312,3,) -> barang jadi & bahan baku | E27: 919 | F27: =IFERROR(VLOOKUP(B27,'Master data'!$A$1:$D$397,3,FALSE),"") -> GR | G27: DISCARD | I27: BAR | J27: Spoil | K27: FALSE | L27: TRUE
B28: WIP UNSWEETENED TEA BATCH | C28: =IFERROR(VLOOKUP(B28,'Master data'!$A$1:$D$397,2,FALSE),"") -> P004-024 | D28: =VLOOKUP(B28,Sheet3!$B$2:$E$312,3,) -> barang jadi & bahan baku | E28: 436 | F28: =IFERROR(VLOOKUP(B28,'Master data'!$A$1:$D$397,3,FALSE),"") -> ML | G28: DUSCARD | I28: BAR | J28: Spoil | K28: FALSE | L28: TRUE
B29: SHOESTRING FRENCH FRIES | C29: =IFERROR(VLOOKUP(B29,'Master data'!$A$1:$D$397,2,FALSE),"") -> B001-002 | D29: =VLOOKUP(B29,Sheet3!$B$2:$E$312,3,) -> bahan baku | E29: 68 | F29: =IFERROR(VLOOKUP(B29,'Master data'!$A$1:$D$397,3,FALSE),"") -> GR | G29: SISA | H29: DAVID | I29: ASSEMBLY | J29: Spoil | K29: FALSE | L29: TRUE
B30: Beras 25KG | C30: =IFERROR(VLOOKUP(B30,'Master data'!$A$1:$D$397,2,FALSE),"") -> B001-008 | D30: =VLOOKUP(B30,Sheet3!$B$2:$E$312,3,) -> bahan baku | E30: 86,54 | F30: =IFERROR(VLOOKUP(B30,'Master data'!$A$1:$D$397,3,FALSE),"") -> GR | G30: NASI KERING | I30: ASSEMBLY | J30: Waste | K30: FALSE | L30: TRUE
B31: Minyak Makan | C31: =IFERROR(VLOOKUP(B31,'Master data'!$A$1:$D$397,2,FALSE),"") -> B001-056 | D31: =VLOOKUP(B31,Sheet3!$B$2:$E$312,3,) -> bahan baku | E31: 0,87 | F31: =IFERROR(VLOOKUP(B31,'Master data'!$A$1:$D$397,3,FALSE),"") -> ML | G31: NASI KERING | I31: ASSEMBLY | J31: Waste | K31: FALSE | L31: TRUE
A32: 03 Juni 2026 | B32: Bawang Bombay | C32: =IFERROR(VLOOKUP(B32,'Master data'!$A$1:$D$397,2,FALSE),"") -> B001-006 | D32: =VLOOKUP(B32,Sheet3!$B$2:$E$312,3,) -> bahan baku | E32: 12 | F32: =IFERROR(VLOOKUP(B32,'Master data'!$A$1:$D$397,3,FALSE),"") -> GR | G32: TIDAK TERPAKAI | H32: DENDI | I32: MP | J32: Spoil | K32: FALSE | L32: TRUE
B33: Cabai Rawit Hijau | C33: =IFERROR(VLOOKUP(B33,'Master data'!$A$1:$D$397,2,FALSE),"") -> B001-018 | D33: =VLOOKUP(B33,Sheet3!$B$2:$E$312,3,) -> bahan baku | E33: 17 | F33: =IFERROR(VLOOKUP(B33,'Master data'!$A$1:$D$397,3,FALSE),"") -> GR | G33: TIDAK TERPAKAI | I33: MP | J33: Spoil | K33: FALSE | L33: TRUE
B34: Beras 25KG | C34: =IFERROR(VLOOKUP(B34,'Master data'!$A$1:$D$397,2,FALSE),"") -> B001-008 | D34: =VLOOKUP(B34,Sheet3!$B$2:$E$312,3,) -> bahan baku | E34: 483,97 | F34: =IFERROR(VLOOKUP(B34,'Master data'!$A$1:$D$397,3,FALSE),"") -> GR | G34: NASI KERING | H34: DAVID | I34: ASSEMBLY | J34: Waste | K34: FALSE | L34: TRUE
B35: Minyak Makan | C35: =IFERROR(VLOOKUP(B35,'Master data'!$A$1:$D$397,2,FALSE),"") -> B001-056 | D35: =VLOOKUP(B35,Sheet3!$B$2:$E$312,3,) -> bahan baku | E35: 4,84 | F35: =IFERROR(VLOOKUP(B35,'Master data'!$A$1:$D$397,3,FALSE),"") -> ML | G35: NASI KERING | I35: ASSEMBLY | J35: Waste | K35: FALSE | L35: TRUE
B36: WIP GREEN TEA BASE | C36: =IFERROR(VLOOKUP(B36,'Master data'!$A$1:$D$397,2,FALSE),"") -> P004-023 | D36: =VLOOKUP(B36,Sheet3!$B$2:$E$312,3,) -> barang jadi & bahan baku | E36: 863 | F36: =IFERROR(VLOOKUP(B36,'Master data'!$A$1:$D$397,3,FALSE),"") -> GR | G36: SISA | H36: SYENDI | I36: BAR | J36: Spoil | K36: FALSE | L36: TRUE
B37: WIP RED TEA BASE | C37: =IFERROR(VLOOKUP(B37,'Master data'!$A$1:$D$397,2,FALSE),"") -> P004-022 | D37: =VLOOKUP(B37,Sheet3!$B$2:$E$312,3,) -> barang jadi & bahan baku | E37: 400 | F37: =IFERROR(VLOOKUP(B37,'Master data'!$A$1:$D$397,3,FALSE),"") -> GR | G37: SISA | I37: BAR | J37: Spoil | K37: FALSE | L37: TRUE
B38: Bawang Bombay | C38: =IFERROR(VLOOKUP(B38,'Master data'!$A$1:$D$397,2,FALSE),"") -> B001-006 | D38: =VLOOKUP(B38,Sheet3!$B$2:$E$312,3,) -> bahan baku | E38: 20 | F38: =IFERROR(VLOOKUP(B38,'Master data'!$A$1:$D$397,3,FALSE),"") -> GR | G38: TIDAK TERPAKAI | H38: PUPUT | I38: MP | J38: Spoil | K38: FALSE | L38: TRUE
B39: Tepung Crispy Breading | C39: =IFERROR(VLOOKUP(B39,'Master data'!$A$1:$D$397,2,FALSE),"") -> B001-088 | D39: =VLOOKUP(B39,Sheet3!$B$2:$E$312,3,) -> bahan baku | E39: 2220 | F39: =IFERROR(VLOOKUP(B39,'Master data'!$A$1:$D$397,3,FALSE),"") -> GR | G39: BEKAS TAPISAN | H39: ARDI | I39: COOK | J39: Waste | K39: FALSE | L39: TRUE
A40: 04 Juni 2026 | B40: SELADA / LETTUCE | C40: =IFERROR(VLOOKUP(B40,'Master data'!$A$1:$D$397,2,FALSE),"") -> B001-125 | D40: =VLOOKUP(B40,Sheet3!$B$2:$E$312,3,) -> bahan baku | E40: 72 | F40: =IFERROR(VLOOKUP(B40,'Master data'!$A$1:$D$397,3,FALSE),"") -> GR | G40: BUSUK | H40: DENDI | I40: MP | J40: Spoil | K40: FALSE | L40: TRUE
B41: WIP SAMBAL BALI | C41: =IFERROR(VLOOKUP(B41,'Master data'!$A$1:$D$397,2,FALSE),"") -> P004-015 | D41: =VLOOKUP(B41,Sheet3!$B$2:$E$312,3,) -> barang jadi & bahan baku | E41: 129 | F41: =IFERROR(VLOOKUP(B41,'Master data'!$A$1:$D$397,3,FALSE),"") -> PRS | G41: DISCARD | H41: GINA | I41: ASSEMBLY | J41: Spoil | K41: FALSE | L41: TRUE
B42: Pisang | C42: =IFERROR(VLOOKUP(B42,'Master data'!$A$1:$D$397,2,FALSE),"") -> B001-064 | D42: =VLOOKUP(B42,Sheet3!$B$2:$E$312,3,) -> bahan baku | E42: 20 | F42: =IFERROR(VLOOKUP(B42,'Master data'!$A$1:$D$397,3,FALSE),"") -> GR | G42: TIDAK TERPAKAI | H42: PUPUT | I42: MP | J42: Waste | K42: FALSE | L42: TRUE
B43: Beras 25KG | C43: =IFERROR(VLOOKUP(B43,'Master data'!$A$1:$D$397,2,FALSE),"") -> B001-008 | D43: =VLOOKUP(B43,Sheet3!$B$2:$E$312,3,) -> bahan baku | E43: 628,21 | F43: =IFERROR(VLOOKUP(B43,'Master data'!$A$1:$D$397,3,FALSE),"") -> GR | G43: NASI KERING | H43: DAVID | I43: ASSEMBLY | J43: Waste | K43: FALSE | L43: TRUE
B44: Minyak Makan | C44: =IFERROR(VLOOKUP(B44,'Master data'!$A$1:$D$397,2,FALSE),"") -> B001-056 | D44: =VLOOKUP(B44,Sheet3!$B$2:$E$312,3,) -> bahan baku | E44: 6,28 | F44: =IFERROR(VLOOKUP(B44,'Master data'!$A$1:$D$397,3,FALSE),"") -> ML | G44: NASI KERING | I44: ASSEMBLY | J44: Waste | K44: FALSE | L44: TRUE
B45: WIP GREEN TEA BASE | C45: =IFERROR(VLOOKUP(B45,'Master data'!$A$1:$D$397,2,FALSE),"") -> P004-023 | D45: =VLOOKUP(B45,Sheet3!$B$2:$E$312,3,) -> barang jadi & bahan baku | E45: 480 | F45: =IFERROR(VLOOKUP(B45,'Master data'!$A$1:$D$397,3,FALSE),"") -> GR | G45: DISCARD | H45: MANDA | I45: BAR | J45: Spoil | K45: FALSE | L45: TRUE
A46: 5 Juni 2026 | B46: Paprika Hijau | C46: =IFERROR(VLOOKUP(B46,'Master data'!$A$1:$D$397,2,FALSE),"") -> B001-060 | D46: =VLOOKUP(B46,Sheet3!$B$2:$E$312,3,) -> bahan baku | E46: 59 | F46: =IFERROR(VLOOKUP(B46,'Master data'!$A$1:$D$397,3,FALSE),"") -> GR | G46: BUSUK | H46: PUPUT | I46: MP | J46: Spoil | K46: FALSE | L46: TRUE
B47: Tepung Crispy Breading | C47: =IFERROR(VLOOKUP(B47,'Master data'!$A$1:$D$397,2,FALSE),"") -> B001-088 | D47: =VLOOKUP(B47,Sheet3!$B$2:$E$312,3,) -> bahan baku | E47: =1530+2055 -> 3585 | F47: =IFERROR(VLOOKUP(B47,'Master data'!$A$1:$D$397,3,FALSE),"") -> GR | G47: BEKAS TAPISAN | H47: TEGAR | I47: COOK | J47: Waste | K47: FALSE | L47: TRUE
B48: Bawang Bombay | C48: =IFERROR(VLOOKUP(B48,'Master data'!$A$1:$D$397,2,FALSE),"") -> B001-006 | D48: =VLOOKUP(B48,Sheet3!$B$2:$E$312,3,) -> bahan baku | E48: 8 | F48: =IFERROR(VLOOKUP(B48,'Master data'!$A$1:$D$397,3,FALSE),"") -> GR | G48: TIDAK TERPAKAI | H48: PUPUT | I48: MP | J48: Waste | K48: FALSE | L48: TRUE
B49: WIP MUSHROOM SAUCE | C49: =IFERROR(VLOOKUP(B49,'Master data'!$A$1:$D$397,2,FALSE),"") -> P004-048 | D49: =VLOOKUP(B49,Sheet3!$B$2:$E$312,3,) -> #N/A | E49: 120 | F49: GR | G49: TRAINING CARBONARA SPAGETTI | H49: PUTRA | I49: MP | J49: Training | K49: FALSE | L49: FALSE | M49: ok
B50: Chicken Bacon | C50: =IFERROR(VLOOKUP(B50,'Master data'!$A$1:$D$397,2,FALSE),"") -> B001-023 | D50: =VLOOKUP(B50,Sheet3!$B$2:$E$312,3,) -> bahan baku | E50: 20 | F50: GR | I50: MP | J50: Training | K50: FALSE | L50: FALSE | M50: ok
B51: WIP SPAGHETTI | C51: =IFERROR(VLOOKUP(B51,'Master data'!$A$1:$D$397,2,FALSE),"") -> P004-021 | D51: =VLOOKUP(B51,Sheet3!$B$2:$E$312,3,) -> barang jadi & bahan baku | E51: 160 | F51: =IFERROR(VLOOKUP(B51,'Master data'!$A$1:$D$397,3,FALSE),"") -> PRS | I51: MP | J51: Training | K51: FALSE | L51: FALSE | M51: ok
B52: Coca-Cola | C52: =IFERROR(VLOOKUP(B52,'Master data'!$A$1:$D$397,2,FALSE),"") -> B001-032 | D52: =VLOOKUP(B52,Sheet3!$B$2:$E$312,3,) -> bahan baku | E52: 291 | F52: =IFERROR(VLOOKUP(B52,'Master data'!$A$1:$D$397,3,FALSE),"") -> ML | G52: DISCARD | H52: SYENDI | I52: BAR | J52: Spoil | K52: FALSE | L52: TRUE
B53: Pisang | C53: =IFERROR(VLOOKUP(B53,'Master data'!$A$1:$D$397,2,FALSE),"") -> B001-064 | D53: =VLOOKUP(B53,Sheet3!$B$2:$E$312,3,) -> bahan baku | E53: 21 | F53: =IFERROR(VLOOKUP(B53,'Master data'!$A$1:$D$397,3,FALSE),"") -> GR | G53: TIDAK TERPAKAI | H53: DENDI | I53: MP | J53: Waste | K53: FALSE | L53: TRUE
B54: Beras 25KG | C54: =IFERROR(VLOOKUP(B54,'Master data'!$A$1:$D$397,2,FALSE),"") -> B001-008 | D54: =VLOOKUP(B54,Sheet3!$B$2:$E$312,3,) -> bahan baku | E54: 394,23 | F54: =IFERROR(VLOOKUP(B54,'Master data'!$A$1:$D$397,3,FALSE),"") -> GR | G54: NASI KERING | H54: DAVID | I54: ASSEMBLY | J54: Spoil | K54: FALSE | L54: TRUE
B55: Minyak Makan | C55: =IFERROR(VLOOKUP(B55,'Master data'!$A$1:$D$397,2,FALSE),"") -> B001-056 | D55: =VLOOKUP(B55,Sheet3!$B$2:$E$312,3,) -> bahan baku | E55: 3,94 | F55: =IFERROR(VLOOKUP(B55,'Master data'!$A$1:$D$397,3,FALSE),"") -> ML | G55: NASI KERING | I55: ASSEMBLY | J55: Spoil | K55: FALSE | L55: TRUE
B56: WIP RED TEA BASE | C56: =IFERROR(VLOOKUP(B56,'Master data'!$A$1:$D$397,2,FALSE),"") -> P004-022 | D56: =VLOOKUP(B56,Sheet3!$B$2:$E$312,3,) -> barang jadi & bahan baku | E56: 1393 | F56: =IFERROR(VLOOKUP(B56,'Master data'!$A$1:$D$397,3,FALSE),"") -> GR | G56: SISA | H56: SYENDI | I56: BAR | J56: Spoil | K56: FALSE | L56: TRUE
B57: WIP GREEN TEA BASE | C57: =IFERROR(VLOOKUP(B57,'Master data'!$A$1:$D$397,2,FALSE),"") -> P004-023 | D57: =VLOOKUP(B57,Sheet3!$B$2:$E$312,3,) -> barang jadi & bahan baku | E57: 1673 | F57: =IFERROR(VLOOKUP(B57,'Master data'!$A$1:$D$397,3,FALSE),"") -> GR | G57: SISA | H57: SYENDI | I57: BAR | J57: Spoil | K57: FALSE | L57: TRUE
A58: 06 Juni 2026 | B58: WIP MILK FOAM | C58: =IFERROR(VLOOKUP(B58,'Master data'!$A$1:$D$397,2,FALSE),"") -> P004-020 | D58: =VLOOKUP(B58,Sheet3!$B$2:$E$312,3,) -> barang jadi & bahan baku | E58: 86 | F58: =IFERROR(VLOOKUP(B58,'Master data'!$A$1:$D$397,3,FALSE),"") -> PCS | G58: DISCARD | H58: RIKI | I58: BAR | J58: Spoil | K58: FALSE | L58: TRUE
B59: Bawang Bombay | C59: =IFERROR(VLOOKUP(B59,'Master data'!$A$1:$D$397,2,FALSE),"") -> B001-006 | D59: =VLOOKUP(B59,Sheet3!$B$2:$E$312,3,) -> bahan baku | E59: 24 | F59: =IFERROR(VLOOKUP(B59,'Master data'!$A$1:$D$397,3,FALSE),"") -> GR | G59: TIDAK TERPAKAI | H59: DENDI | I59: MP | J59: Waste | K59: FALSE | L59: TRUE
B60: SELADA / LETTUCE | C60: =IFERROR(VLOOKUP(B60,'Master data'!$A$1:$D$397,2,FALSE),"") -> B001-125 | D60: =VLOOKUP(B60,Sheet3!$B$2:$E$312,3,) -> bahan baku | E60: 43 | F60: =IFERROR(VLOOKUP(B60,'Master data'!$A$1:$D$397,3,FALSE),"") -> GR | G60: TIDAK TERPAKAI | H60: PUPUT | I60: MP | J60: Waste | K60: FALSE | L60: TRUE
B61: Pisang | C61: =IFERROR(VLOOKUP(B61,'Master data'!$A$1:$D$397,2,FALSE),"") -> B001-064 | D61: =VLOOKUP(B61,Sheet3!$B$2:$E$312,3,) -> bahan baku | E61: 200 | F61: =IFERROR(VLOOKUP(B61,'Master data'!$A$1:$D$397,3,FALSE),"") -> GR | G61: TIDAK TERPAKAI | H61: PUPUT | I61: MP | J61: Waste | K61: FALSE | L61: TRUE
B62: SELADA / LETTUCE | C62: =IFERROR(VLOOKUP(B62,'Master data'!$A$1:$D$397,2,FALSE),"") -> B001-125 | D62: =VLOOKUP(B62,Sheet3!$B$2:$E$312,3,) -> bahan baku | E62: 22 | F62: =IFERROR(VLOOKUP(B62,'Master data'!$A$1:$D$397,3,FALSE),"") -> GR | G62: LAYU | H62: PUPUT | I62: MP | J62: Spoil | K62: FALSE | L62: TRUE
B63: Daun parsley | C63: =IFERROR(VLOOKUP(B63,'Master data'!$A$1:$D$397,2,FALSE),"") -> B001-151 | D63: bahan baku | E63: 8 | F63: =IFERROR(VLOOKUP(B63,'Master data'!$A$1:$D$397,3,FALSE),"") -> GR | G63: TIDAK TERPAKAI | H63: PUPUT | I63: MP | J63: Waste | K63: FALSE | L63: TRUE
B64: WIP RED TEA BASE | C64: =IFERROR(VLOOKUP(B64,'Master data'!$A$1:$D$397,2,FALSE),"") -> P004-022 | D64: =VLOOKUP(B64,Sheet3!$B$2:$E$312,3,) -> barang jadi & bahan baku | E64: 387 | F64: =IFERROR(VLOOKUP(B64,'Master data'!$A$1:$D$397,3,FALSE),"") -> GR | G64: SISA | H64: SYENDI | I64: BAR | J64: Spoil | K64: FALSE | L64: TRUE
B65: WIP GREEN TEA BASE | C65: =IFERROR(VLOOKUP(B65,'Master data'!$A$1:$D$397,2,FALSE),"") -> P004-023 | D65: =VLOOKUP(B65,Sheet3!$B$2:$E$312,3,) -> barang jadi & bahan baku | E65: 668 | F65: =IFERROR(VLOOKUP(B65,'Master data'!$A$1:$D$397,3,FALSE),"") -> GR | G65: SISA | H65: SYENDI | I65: BAR | J65: Spoil | K65: FALSE | L65: TRUE
B66: WIP UNSWEETENED TEA BATCH | C66: =IFERROR(VLOOKUP(B66,'Master data'!$A$1:$D$397,2,FALSE),"") -> P004-024 | D66: =VLOOKUP(B66,Sheet3!$B$2:$E$312,3,) -> barang jadi & bahan baku | E66: 409 | F66: =IFERROR(VLOOKUP(B66,'Master data'!$A$1:$D$397,3,FALSE),"") -> ML | G66: SISA | H66: SYENDI | I66: BAR | J66: Spoil | K66: FALSE | L66: TRUE
B67: SCRAMBLED EGG | C67: =IFERROR(VLOOKUP(B67,'Master data'!$A$1:$D$397,2,FALSE),"") -> S001-002 | D67: =VLOOKUP(B67,Sheet3!$B$2:$E$312,3,) -> barang jadi | E67: 1 | F67: =IFERROR(VLOOKUP(B67,'Master data'!$A$1:$D$397,3,FALSE),"") -> PCS | G67: SISA | H67: MANDA | I67: ASSEMBLY | J67: Spoil | K67: FALSE | L67: TRUE
B68: WIP EGG WASH | C68: =IFERROR(VLOOKUP(B68,'Master data'!$A$1:$D$397,2,FALSE),"") -> P004-051 | D68: barang jadi & bahan baku | E68: 59 | F68: GR | G68: DISCARD | H68: PUPUT | I68: MP | J68: Spoil | K68: FALSE | L68: TRUE
A69: 07 Juni 2026 | B69: Pisang | C69: =IFERROR(VLOOKUP(B69,'Master data'!$A$1:$D$397,2,FALSE),"") -> B001-064 | D69: =VLOOKUP(B69,Sheet3!$B$2:$E$312,3,) -> bahan baku | E69: 100 | F69: =IFERROR(VLOOKUP(B69,'Master data'!$A$1:$D$397,3,FALSE),"") -> GR | G69: TIDAK TERPAKAI | H69: DENDI | I69: MP | J69: Waste | K69: FALSE | L69: TRUE
B70: Bawang Bombay | C70: =IFERROR(VLOOKUP(B70,'Master data'!$A$1:$D$397,2,FALSE),"") -> B001-006 | D70: =VLOOKUP(B70,Sheet3!$B$2:$E$312,3,) -> bahan baku | E70: 12 | F70: =IFERROR(VLOOKUP(B70,'Master data'!$A$1:$D$397,3,FALSE),"") -> GR | G70: TIDAK TERPAKAI | H70: DENDI | I70: MP | J70: Waste | K70: FALSE | L70: TRUE
B71: Tepung Crispy Breading | C71: =IFERROR(VLOOKUP(B71,'Master data'!$A$1:$D$397,2,FALSE),"") -> B001-088 | D71: =VLOOKUP(B71,Sheet3!$B$2:$E$312,3,) -> bahan baku | E71: 3600 | F71: =IFERROR(VLOOKUP(B71,'Master data'!$A$1:$D$397,3,FALSE),"") -> GR | G71: BEKAS TAPISAN | H71: TEGAR | I71: COOK | J71: Waste | K71: FALSE | L71: TRUE
B72: SCRAMBLED EGG | C72: =IFERROR(VLOOKUP(B72,'Master data'!$A$1:$D$397,2,FALSE),"") -> S001-002 | D72: =VLOOKUP(B72,Sheet3!$B$2:$E$312,3,) -> barang jadi | E72: 3 | F72: =IFERROR(VLOOKUP(B72,'Master data'!$A$1:$D$397,3,FALSE),"") -> PCS | G72: DISCARD | H72: MANDA | I72: ASSEMBLY | J72: Spoil | K72: FALSE | L72: TRUE
B73: WIP LEMON TEA BATCH | C73: =IFERROR(VLOOKUP(B73,'Master data'!$A$1:$D$397,2,FALSE),"") -> P004-025 | D73: =VLOOKUP(B73,Sheet3!$B$2:$E$312,3,) -> barang jadi & bahan baku | E73: 1243 | F73: =IFERROR(VLOOKUP(B73,'Master data'!$A$1:$D$397,3,FALSE),"") -> PRS | G73: SISA | H73: SYENDI | I73: BAR | J73: Spoil | K73: FALSE | L73: TRUE
B74: WIP GREEN TEA BASE | C74: =IFERROR(VLOOKUP(B74,'Master data'!$A$1:$D$397,2,FALSE),"") -> P004-023 | D74: =VLOOKUP(B74,Sheet3!$B$2:$E$312,3,) -> barang jadi & bahan baku | E74: 731 | F74: =IFERROR(VLOOKUP(B74,'Master data'!$A$1:$D$397,3,FALSE),"") -> GR | G74: SISA | H74: SYENDI | I74: BAR | J74: Spoil | K74: FALSE | L74: TRUE
B75: WIP RED TEA BASE | C75: =IFERROR(VLOOKUP(B75,'Master data'!$A$1:$D$397,2,FALSE),"") -> P004-022 | D75: =VLOOKUP(B75,Sheet3!$B$2:$E$312,3,) -> barang jadi & bahan baku | E75: 995 | F75: =IFERROR(VLOOKUP(B75,'Master data'!$A$1:$D$397,3,FALSE),"") -> GR | G75: SISA | H75: SYENDI | I75: BAR | J75: Spoil | K75: FALSE | L75: TRUE
B76: Bawang Bombay | C76: =IFERROR(VLOOKUP(B76,'Master data'!$A$1:$D$397,2,FALSE),"") -> B001-006 | D76: =VLOOKUP(B76,Sheet3!$B$2:$E$312,3,) -> bahan baku | E76: 9 | F76: =IFERROR(VLOOKUP(B76,'Master data'!$A$1:$D$397,3,FALSE),"") -> GR | G76: TIDAK TERPAKAI | H76: PUPUT | I76: MP | J76: Waste | K76: FALSE | L76: TRUE
B77: Tepung Crispy Breading | C77: =IFERROR(VLOOKUP(B77,'Master data'!$A$1:$D$397,2,FALSE),"") -> B001-088 | D77: =VLOOKUP(B77,Sheet3!$B$2:$E$312,3,) -> bahan baku | E77: 4675 | F77: =IFERROR(VLOOKUP(B77,'Master data'!$A$1:$D$397,3,FALSE),"") -> GR | G77: BEKAS TAPISAN | H77: TEGAR | I77: COOK | J77: Waste | K77: FALSE | L77: TRUE
B78: Beras 25KG | C78: =IFERROR(VLOOKUP(B78,'Master data'!$A$1:$D$397,2,FALSE),"") -> B001-008 | D78: =VLOOKUP(B78,Sheet3!$B$2:$E$312,3,) -> bahan baku | E78: 576,92 | F78: =IFERROR(VLOOKUP(B78,'Master data'!$A$1:$D$397,3,FALSE),"") -> GR | G78: NASI BAU | H78: TEGAR | I78: ASSEMBLY | J78: Spoil | K78: FALSE | L78: TRUE
B79: Minyak Makan | C79: =IFERROR(VLOOKUP(B79,'Master data'!$A$1:$D$397,2,FALSE),"") -> B001-056 | D79: =VLOOKUP(B79,Sheet3!$B$2:$E$312,3,) -> bahan baku | E79: 5,77 | F79: ML | G79: WASTE NASI | H79: TRI | I79: ASSEMBLY | J79: Spoil | K79: FALSE | L79: TRUE
A80: 08 Juni 2026 | B80: SELADA / LETTUCE | C80: =IFERROR(VLOOKUP(B80,'Master data'!$A$1:$D$397,2,FALSE),"") -> B001-125 | D80: =VLOOKUP(B80,Sheet3!$B$2:$E$312,3,) -> bahan baku | E80: 63 | F80: =IFERROR(VLOOKUP(B80,'Master data'!$A$1:$D$397,3,FALSE),"") -> GR | G80: BUSUK | H80: DENDI | I80: MP | J80: Spoil | K80: FALSE | L80: TRUE
B81: Pisang | C81: =IFERROR(VLOOKUP(B81,'Master data'!$A$1:$D$397,2,FALSE),"") -> B001-064 | D81: =VLOOKUP(B81,Sheet3!$B$2:$E$312,3,) -> bahan baku | E81: 48 | F81: =IFERROR(VLOOKUP(B81,'Master data'!$A$1:$D$397,3,FALSE),"") -> GR | G81: TIDAK TERPAKAI | H81: DENDI | I81: MP | J81: Waste | K81: FALSE | L81: TRUE
B82: Daun Mint | C82: =IFERROR(VLOOKUP(B82,'Master data'!$A$1:$D$397,2,FALSE),"") -> B001-036 | D82: =VLOOKUP(B82,Sheet3!$B$2:$E$312,3,) -> bahan baku | E82: 21 | F82: =IFERROR(VLOOKUP(B82,'Master data'!$A$1:$D$397,3,FALSE),"") -> GR | G82: TIDAK TERPAKAI | H82: MANDA | I82: BAR | J82: Waste | K82: FALSE | L82: TRUE
B83: Cone Ice Cream Bahan Baku | C83: =IFERROR(VLOOKUP(B83,'Master data'!$A$1:$D$397,2,FALSE),"") -> B001-033 | D83: bahan baku | E83: 1 | F83: =IFERROR(VLOOKUP(B83,'Master data'!$A$1:$D$397,3,FALSE),"") -> PCS | G83: RUSAK MELEMPEM | H83: SYENDI | I83: BAR | J83: Spoil | K83: FALSE | L83: TRUE
B84: WIP RED TEA BASE | C84: =IFERROR(VLOOKUP(B84,'Master data'!$A$1:$D$397,2,FALSE),"") -> P004-022 | D84: =VLOOKUP(B84,Sheet3!$B$2:$E$312,3,) -> barang jadi & bahan baku | E84: 193 | F84: =IFERROR(VLOOKUP(B84,'Master data'!$A$1:$D$397,3,FALSE),"") -> GR | G84: SISA | H84: SYENDI | I84: BAR | J84: Spoil | K84: FALSE | L84: TRUE
B85: WIP GREEN TEA BASE | C85: =IFERROR(VLOOKUP(B85,'Master data'!$A$1:$D$397,2,FALSE),"") -> P004-023 | D85: =VLOOKUP(B85,Sheet3!$B$2:$E$312,3,) -> barang jadi & bahan baku | E85: 512 | F85: =IFERROR(VLOOKUP(B85,'Master data'!$A$1:$D$397,3,FALSE),"") -> GR | G85: SISA | H85: SYENDI | I85: BAR | J85: Spoil | K85: FALSE | L85: TRUE
B86: Tepung Crispy Breading | C86: =IFERROR(VLOOKUP(B86,'Master data'!$A$1:$D$397,2,FALSE),"") -> B001-088 | D86: =VLOOKUP(B86,Sheet3!$B$2:$E$312,3,) -> bahan baku | E86: 2675 | F86: =IFERROR(VLOOKUP(B86,'Master data'!$A$1:$D$397,3,FALSE),"") -> GR | G86: BEKAS TAPISAN | H86: ARDI | I86: COOK | J86: Waste | K86: FALSE | L86: TRUE
B87: WIP SAUCE JAPANESE CURRY | C87: =IFERROR(VLOOKUP(B87,'Master data'!$A$1:$D$397,2,FALSE),"") -> P004-043 | D87: barang jadi & bahan baku | E87: 54 | F87: =IFERROR(VLOOKUP(B87,'Master data'!$A$1:$D$397,3,FALSE),"") -> PRS | G87: DISCARD | H87: PUPUT | I87: MP | J87: Spoil | K87: FALSE | L87: TRUE
B88: Pisang | C88: =IFERROR(VLOOKUP(B88,'Master data'!$A$1:$D$397,2,FALSE),"") -> B001-064 | D88: =VLOOKUP(B88,Sheet3!$B$2:$E$312,3,) -> bahan baku | E88: 31 | F88: =IFERROR(VLOOKUP(B88,'Master data'!$A$1:$D$397,3,FALSE),"") -> GR | G88: TIDAK TERPAKAI | H88: PUPUT | I88: MP | J88: Waste | K88: FALSE | L88: TRUE
B89: Paprika Merah | C89: =IFERROR(VLOOKUP(B89,'Master data'!$A$1:$D$397,2,FALSE),"") -> B001-061 | D89: =VLOOKUP(B89,Sheet3!$B$2:$E$312,3,) -> bahan baku | E89: 23 | F89: =IFERROR(VLOOKUP(B89,'Master data'!$A$1:$D$397,3,FALSE),"") -> GR | G89: TIDAK TERPAKAI | H89: PUPUT | I89: MP | J89: Waste | K89: FALSE | L89: TRUE
B90: Bawang Bombay | C90: =IFERROR(VLOOKUP(B90,'Master data'!$A$1:$D$397,2,FALSE),"") -> B001-006 | D90: =VLOOKUP(B90,Sheet3!$B$2:$E$312,3,) -> bahan baku | E90: 11 | F90: =IFERROR(VLOOKUP(B90,'Master data'!$A$1:$D$397,3,FALSE),"") -> GR | G90: TIDAK TERPAKAI | H90: PUPUT | I90: MP | J90: Waste | K90: FALSE | L90: TRUE
B91: Tomato Pure - Ayam Brand | C91: =IFERROR(VLOOKUP(B91,'Master data'!$A$1:$D$397,2,FALSE),"") -> B001-145 | D91: bahan baku | E91: 91 | F91: =IFERROR(VLOOKUP(B91,'Master data'!$A$1:$D$397,3,FALSE),"") -> GR | G91: DISCARD | H91: PUPUT | I91: MP | J91: Spoil | K91: FALSE | L91: TRUE
B92: Pisang | C92: =IFERROR(VLOOKUP(B92,'Master data'!$A$1:$D$397,2,FALSE),"") -> B001-064 | D92: =VLOOKUP(B92,Sheet3!$B$2:$E$312,3,) -> bahan baku | E92: 25 | F92: =IFERROR(VLOOKUP(B92,'Master data'!$A$1:$D$397,3,FALSE),"") -> GR | G92: TIDAK TERPAKAI | H92: PUPUT | I92: MP | J92: Waste | K92: FALSE | L92: TRUE
B93: Beras 25KG | C93: =IFERROR(VLOOKUP(B93,'Master data'!$A$1:$D$397,2,FALSE),"") -> B001-008 | D93: =VLOOKUP(B93,Sheet3!$B$2:$E$312,3,) -> bahan baku | E93: 451,92 | F93: =IFERROR(VLOOKUP(B93,'Master data'!$A$1:$D$397,3,FALSE),"") -> GR | G93: NASI KERING | H93: DAVID | I93: ASSEMBLY | J93: Spoil | K93: FALSE | L93: TRUE
B94: Minyak Makan | C94: =IFERROR(VLOOKUP(B94,'Master data'!$A$1:$D$397,2,FALSE),"") -> B001-056 | D94: =VLOOKUP(B94,Sheet3!$B$2:$E$312,3,) -> bahan baku | E94: 4,52 | F94: ML | G94: NASI KERING | H94: DAVID | I94: ASSEMBLY | J94: Spoil | K94: FALSE | L94: TRUE
A95: 09 Juni 2026 | B95: Pisang | C95: =IFERROR(VLOOKUP(B95,'Master data'!$A$1:$D$397,2,FALSE),"") -> B001-064 | D95: =VLOOKUP(B95,Sheet3!$B$2:$E$312,3,) -> bahan baku | E95: 74 | F95: =IFERROR(VLOOKUP(B95,'Master data'!$A$1:$D$397,3,FALSE),"") -> GR | G95: TIDAK TERPAKAI | H95: DENDI | I95: MP | J95: Waste | K95: FALSE | L95: TRUE
B96: Beras 25KG | C96: =IFERROR(VLOOKUP(B96,'Master data'!$A$1:$D$397,2,FALSE),"") -> B001-008 | D96: =VLOOKUP(B96,Sheet3!$B$2:$E$312,3,) -> bahan baku | E96: 503,21 | F96: =IFERROR(VLOOKUP(B96,'Master data'!$A$1:$D$397,3,FALSE),"") -> GR | G96: NASI BAU | H96: NEZA | I96: ASSEMBLY | J96: Spoil | K96: FALSE | L96: TRUE
B97: Minyak Makan | C97: =IFERROR(VLOOKUP(B97,'Master data'!$A$1:$D$397,2,FALSE),"") -> B001-056 | D97: =VLOOKUP(B97,Sheet3!$B$2:$E$312,3,) -> bahan baku | E97: 5,03 | F97: ML | G97: NASI BAU | H97: NEZA | I97: ASSEMBLY | J97: Spoil | K97: FALSE | L97: TRUE
B98: Cabai Merah Keriting | C98: =IFERROR(VLOOKUP(B98,'Master data'!$A$1:$D$397,2,FALSE),"") -> B001-017 | D98: =VLOOKUP(B98,Sheet3!$B$2:$E$312,3,) -> bahan baku | E98: 60 | F98: =IFERROR(VLOOKUP(B98,'Master data'!$A$1:$D$397,3,FALSE),"") -> GR | G98: BUSUK | H98: NEZA | I98: ASSEMBLY | J98: Spoil | K98: FALSE | L98: TRUE
B99: Beras 25KG | C99: =IFERROR(VLOOKUP(B99,'Master data'!$A$1:$D$397,2,FALSE),"") -> B001-008 | D99: =VLOOKUP(B99,Sheet3!$B$2:$E$312,3,) -> bahan baku | E99: 423,08 | F99: =IFERROR(VLOOKUP(B99,'Master data'!$A$1:$D$397,3,FALSE),"") -> GR | G99: NASI BAU | H99: NEZA | I99: ASSEMBLY | J99: Spoil | K99: FALSE | L99: TRUE
B100: Minyak Makan | C100: =IFERROR(VLOOKUP(B100,'Master data'!$A$1:$D$397,2,FALSE),"") -> B001-056 | D100: =VLOOKUP(B100,Sheet3!$B$2:$E$312,3,) -> bahan baku | E100: 4,23 | F100: ML | G100: NASI BAU | H100: NEZA | I100: ASSEMBLY | J100: Spoil | K100: FALSE | L100: TRUE
B101: Coca-Cola | C101: =IFERROR(VLOOKUP(B101,'Master data'!$A$1:$D$397,2,FALSE),"") -> B001-032 | D101: =VLOOKUP(B101,Sheet3!$B$2:$E$312,3,) -> bahan baku | E101: 112 | F101: =IFERROR(VLOOKUP(B101,'Master data'!$A$1:$D$397,3,FALSE),"") -> ML | G101: DISCARD | H101: SYENDI | I101: BAR | J101: Spoil | K101: FALSE | L101: TRUE
...

Sheet JULI 26
A1: FORM ADJUSTMENT
A2: PT. KREASI LIMA CAHAYA
A3: JCHICKEN CILEDUG
A4: BULAN, TAHUN: JULI, 2026
A6: TANGGAL | B6: NAMA PRODUK | C6: KODE CSA | D6: Jenis | E6: JUMLAH | F6: SATUAN CSA | G6: ALASAN WASTE | H6: USER | I6: SECTION | J6: KATEGORI | L6: AUDIT
A7: 1 | B7: Daun Mint | C7: =IFERROR(VLOOKUP(B7,'Master data'!$A$1:$F$429,2,FALSE),"") -> B001-036 | D7: =IFERROR(VLOOKUP(B7,'Master data'!$A$1:$F$429,6,FALSE),"") -> bahan baku | E7: 58 | F7: =IFERROR(VLOOKUP(B7,'Master data'!$A$1:$F$429,3,FALSE),"") -> GR | G7: tidak terpakai | H7: mahesa | I7: BAR | J7: Waste | K7: FALSE | L7: TRUE
B8: Beras 25KG | C8: =IFERROR(VLOOKUP(B8,'Master data'!$A$1:$F$429,2,FALSE),"") -> B001-008 | D8: =IFERROR(VLOOKUP(B8,'Master data'!$A$1:$F$429,6,FALSE),"") -> bahan baku | E8: =128/1.64 -> 78.04878 | F8: =IFERROR(VLOOKUP(B8,'Master data'!$A$1:$F$429,3,FALSE),"") -> GR | G8: nasi daun jeruk sisa | H8: manda | I8: ASSEMBLY | J8: Spoil | K8: FALSE | L8: TRUE
B9: Minyak Makan | C9: =IFERROR(VLOOKUP(B9,'Master data'!$A$1:$F$429,2,FALSE),"") -> B001-056 | D9: =IFERROR(VLOOKUP(B9,'Master data'!$A$1:$F$429,6,FALSE),"") -> bahan baku | E9: =128/164 -> 0.7804878 | F9: =IFERROR(VLOOKUP(B9,'Master data'!$A$1:$F$429,3,FALSE),"") -> ML | I9: ASSEMBLY | J9: Spoil | K9: FALSE | L9: TRUE
B10: Bumbu Nasi Daun Jeruk Pasta | C10: =IFERROR(VLOOKUP(B10,'Master data'!$A$1:$F$429,2,FALSE),"") -> B001-143 | D10: =IFERROR(VLOOKUP(B10,'Master data'!$A$1:$F$429,6,FALSE),"") -> bahan baku | E10: =128/22.5 -> 5.6888889 | F10: =IFERROR(VLOOKUP(B10,'Master data'!$A$1:$F$429,3,FALSE),"") -> GR | I10: ASSEMBLY | J10: Spoil | K10: FALSE | L10: TRUE
B11: Minyak Makan | C11: =IFERROR(VLOOKUP(B11,'Master data'!$A$1:$F$429,2,FALSE),"") -> B001-056 | D11: =IFERROR(VLOOKUP(B11,'Master data'!$A$1:$F$429,6,FALSE),"") -> bahan baku | E11: =619/156 -> 3.9679487 | F11: =IFERROR(VLOOKUP(B11,'Master data'!$A$1:$F$429,3,FALSE),"") -> ML | I11: ASSEMBLY | J11: Spoil | K11: FALSE | L11: TRUE
A12: 2 | B12: SELADA / LETTUCE | C12: =IFERROR(VLOOKUP(B12,'Master data'!$A$1:$F$429,2,FALSE),"") -> B001-125 | D12: =IFERROR(VLOOKUP(B12,'Master data'!$A$1:$F$429,6,FALSE),"") -> bahan baku | E12: 65 | F12: =IFERROR(VLOOKUP(B12,'Master data'!$A$1:$F$429,3,FALSE),"") -> GR | G12: busuk | H12: dendi | I12: MP | J12: Spoil | K12: FALSE | L12: TRUE
B13: Bawang Bombay | C13: =IFERROR(VLOOKUP(B13,'Master data'!$A$1:$F$429,2,FALSE),"") -> B001-006 | D13: =IFERROR(VLOOKUP(B13,'Master data'!$A$1:$F$429,6,FALSE),"") -> bahan baku | E13: 12 | F13: =IFERROR(VLOOKUP(B13,'Master data'!$A$1:$F$429,3,FALSE),"") -> GR | G13: tidak terpakai | I13: MP | J13: Waste | K13: FALSE | L13: TRUE
B14: Tepung Crispy Breading | C14: =IFERROR(VLOOKUP(B14,'Master data'!$A$1:$F$429,2,FALSE),"") -> B001-088 | D14: =IFERROR(VLOOKUP(B14,'Master data'!$A$1:$F$429,6,FALSE),"") -> bahan baku | E14: 2470 | F14: =IFERROR(VLOOKUP(B14,'Master data'!$A$1:$F$429,3,FALSE),"") -> GR | G14: bekas tapisan | H14: arul | I14: COOK | J14: Waste | K14: FALSE | L14: TRUE
B15: Paprika Merah | C15: =IFERROR(VLOOKUP(B15,'Master data'!$A$1:$F$429,2,FALSE),"") -> B001-061 | D15: =IFERROR(VLOOKUP(B15,'Master data'!$A$1:$F$429,6,FALSE),"") -> bahan baku | E15: 32 | F15: =IFERROR(VLOOKUP(B15,'Master data'!$A$1:$F$429,3,FALSE),"") -> GR | G15: busuk | H15: puput | I15: MP | J15: Spoil | K15: FALSE | L15: TRUE
B16: Pisang | C16: =IFERROR(VLOOKUP(B16,'Master data'!$A$1:$F$429,2,FALSE),"") -> B001-064 | D16: =IFERROR(VLOOKUP(B16,'Master data'!$A$1:$F$429,6,FALSE),"") -> bahan baku | E16: 38 | F16: =IFERROR(VLOOKUP(B16,'Master data'!$A$1:$F$429,3,FALSE),"") -> GR | G16: tidak terpakai | I16: MP | J16: Waste | K16: FALSE | L16: TRUE
B17: WIP GREEN TEA BASE | C17: =IFERROR(VLOOKUP(B17,'Master data'!$A$1:$F$429,2,FALSE),"") -> P004-023 | D17: =IFERROR(VLOOKUP(B17,'Master data'!$A$1:$F$429,6,FALSE),"") -> barang jadi & bahan baku | E17: 665 | F17: =IFERROR(VLOOKUP(B17,'Master data'!$A$1:$F$429,3,FALSE),"") -> GR | G17: sisa | H17: ardi | I17: BAR | J17: Spoil | K17: FALSE | L17: TRUE
B18: WIP UNSWEETENED TEA BATCH | C18: =IFERROR(VLOOKUP(B18,'Master data'!$A$1:$F$429,2,FALSE),"") -> P004-024 | D18: =IFERROR(VLOOKUP(B18,'Master data'!$A$1:$F$429,6,FALSE),"") -> barang jadi & bahan baku | E18: 274 | F18: =IFERROR(VLOOKUP(B18,'Master data'!$A$1:$F$429,3,FALSE),"") -> ML | G18: sisa | I18: BAR | J18: Spoil | K18: FALSE | L18: TRUE
B19: Minyak Goreng | C19: =IFERROR(VLOOKUP(B19,'Master data'!$A$1:$F$429,2,FALSE),"") -> B001-054 | D19: =IFERROR(VLOOKUP(B19,'Master data'!$A$1:$F$429,6,FALSE),"") -> bahan baku | E19: 64000 | F19: =IFERROR(VLOOKUP(B19,'Master data'!$A$1:$F$429,3,FALSE),"") -> GR | G19: Minyak bekas | H19: FADHEL | I19: COOK | J19: Waste | K19: FALSE | L19: FALSE
A20: 3 | B20: Bawang Bombay | C20: =IFERROR(VLOOKUP(B20,'Master data'!$A$1:$F$429,2,FALSE),"") -> B001-006 | D20: =IFERROR(VLOOKUP(B20,'Master data'!$A$1:$F$429,6,FALSE),"") -> bahan baku | E20: 26 | F20: =IFERROR(VLOOKUP(B20,'Master data'!$A$1:$F$429,3,FALSE),"") -> GR | G20: tidak terpakai | H20: dendi | I20: MP | J20: Waste | K20: FALSE | L20: TRUE
B21: Chicken Bacon | C21: =IFERROR(VLOOKUP(B21,'Master data'!$A$1:$F$429,2,FALSE),"") -> B001-023 | D21: =IFERROR(VLOOKUP(B21,'Master data'!$A$1:$F$429,6,FALSE),"") -> bahan baku | E21: 32 | F21: =IFERROR(VLOOKUP(B21,'Master data'!$A$1:$F$429,3,FALSE),"") -> GR | G21: busuk | I21: MP | J21: Spoil | K21: FALSE | L21: TRUE
B22: Tepung Crispy Breading | C22: =IFERROR(VLOOKUP(B22,'Master data'!$A$1:$F$429,2,FALSE),"") -> B001-088 | D22: =IFERROR(VLOOKUP(B22,'Master data'!$A$1:$F$429,6,FALSE),"") -> bahan baku | E22: 5005 | F22: =IFERROR(VLOOKUP(B22,'Master data'!$A$1:$F$429,3,FALSE),"") -> GR | G22: bekas tapisan | H22: arul | I22: COOK | J22: Waste | K22: FALSE | L22: TRUE
B23: Pisang | C23: =IFERROR(VLOOKUP(B23,'Master data'!$A$1:$F$429,2,FALSE),"") -> B001-064 | D23: =IFERROR(VLOOKUP(B23,'Master data'!$A$1:$F$429,6,FALSE),"") -> bahan baku | E23: 21 | F23: =IFERROR(VLOOKUP(B23,'Master data'!$A$1:$F$429,3,FALSE),"") -> GR | G23: tidak terpakai | H23: dendi | I23: MP | J23: Waste | K23: FALSE | L23: TRUE
B24: WIP LEMON TEA BATCH | C24: =IFERROR(VLOOKUP(B24,'Master data'!$A$1:$F$429,2,FALSE),"") -> P004-025 | D24: =IFERROR(VLOOKUP(B24,'Master data'!$A$1:$F$429,6,FALSE),"") -> barang jadi & bahan baku | E24: 748 | F24: ML | G24: sisa | H24: slamet | I24: BAR | J24: Spoil | K24: FALSE | L24: TRUE
B25: WIP UNSWEETENED TEA BATCH | C25: =IFERROR(VLOOKUP(B25,'Master data'!$A$1:$F$429,2,FALSE),"") -> P004-024 | D25: =IFERROR(VLOOKUP(B25,'Master data'!$A$1:$F$429,6,FALSE),"") -> barang jadi & bahan baku | E25: 1487 | F25: =IFERROR(VLOOKUP(B25,'Master data'!$A$1:$F$429,3,FALSE),"") -> ML | G25: sisa | I25: BAR | J25: Spoil | K25: FALSE | L25: TRUE
A26: 4 | B26: Bawang Bombay | C26: =IFERROR(VLOOKUP(B26,'Master data'!$A$1:$F$429,2,FALSE),"") -> B001-006 | D26: =IFERROR(VLOOKUP(B26,'Master data'!$A$1:$F$429,6,FALSE),"") -> bahan baku | E26: 12 | F26: =IFERROR(VLOOKUP(B26,'Master data'!$A$1:$F$429,3,FALSE),"") -> GR | G26: tidak terpakai | H26: puput | I26: MP | J26: Waste | K26: FALSE | L26: TRUE
B27: Cabai Rawit Hijau | C27: =IFERROR(VLOOKUP(B27,'Master data'!$A$1:$F$429,2,FALSE),"") -> B001-018 | D27: =IFERROR(VLOOKUP(B27,'Master data'!$A$1:$F$429,6,FALSE),"") -> bahan baku | E27: 120 | F27: =IFERROR(VLOOKUP(B27,'Master data'!$A$1:$F$429,3,FALSE),"") -> GR | G27: tidak terpakai | I27: MP | J27: Waste | K27: FALSE | L27: TRUE
B28: Tepung Crispy Breading | C28: =IFERROR(VLOOKUP(B28,'Master data'!$A$1:$F$429,2,FALSE),"") -> B001-088 | D28: =IFERROR(VLOOKUP(B28,'Master data'!$A$1:$F$429,6,FALSE),"") -> bahan baku | E28: 3515 | F28: =IFERROR(VLOOKUP(B28,'Master data'!$A$1:$F$429,3,FALSE),"") -> GR | G28: bekas tapisan | H28: arul | I28: COOK | J28: Waste | K28: FALSE | L28: TRUE
B29: Pisang | C29: =IFERROR(VLOOKUP(B29,'Master data'!$A$1:$F$429,2,FALSE),"") -> B001-064 | D29: =IFERROR(VLOOKUP(B29,'Master data'!$A$1:$F$429,6,FALSE),"") -> bahan baku | E29: 49 | F29: =IFERROR(VLOOKUP(B29,'Master data'!$A$1:$F$429,3,FALSE),"") -> GR | G29: tidak terpakai | H29: dendi | I29: MP | J29: Waste | K29: FALSE | L29: TRUE
B30: Bawang Bombay | C30: =IFERROR(VLOOKUP(B30,'Master data'!$A$1:$F$429,2,FALSE),"") -> B001-006 | D30: =IFERROR(VLOOKUP(B30,'Master data'!$A$1:$F$429,6,FALSE),"") -> bahan baku | E30: 9 | F30: =IFERROR(VLOOKUP(B30,'Master data'!$A$1:$F$429,3,FALSE),"") -> GR | G30: tidak terpakai | I30: MP | J30: Waste | K30: FALSE | L30: TRUE
B31: Pisang | C31: =IFERROR(VLOOKUP(B31,'Master data'!$A$1:$F$429,2,FALSE),"") -> B001-064 | D31: =IFERROR(VLOOKUP(B31,'Master data'!$A$1:$F$429,6,FALSE),"") -> bahan baku | E31: 300 | F31: =IFERROR(VLOOKUP(B31,'Master data'!$A$1:$F$429,3,FALSE),"") -> GR | G31: busuk | I31: MP | J31: Spoil | K31: FALSE | L31: TRUE
A32: 5 | B32: Tepung Crispy Breading | C32: =IFERROR(VLOOKUP(B32,'Master data'!$A$1:$F$429,2,FALSE),"") -> B001-088 | D32: =IFERROR(VLOOKUP(B32,'Master data'!$A$1:$F$429,6,FALSE),"") -> bahan baku | E32: 8165 | F32: =IFERROR(VLOOKUP(B32,'Master data'!$A$1:$F$429,3,FALSE),"") -> GR | G32: bekas tapisan | H32: putra | I32: COOK | J32: Waste | K32: FALSE | L32: TRUE
B33: SCRAMBLED EGG | C33: =IFERROR(VLOOKUP(B33,'Master data'!$A$1:$F$429,2,FALSE),"") -> S001-002 | D33: =IFERROR(VLOOKUP(B33,'Master data'!$A$1:$F$429,6,FALSE),"") -> barang jadi & bahan baku | E33: 1 | F33: =IFERROR(VLOOKUP(B33,'Master data'!$A$1:$F$429,3,FALSE),"") -> PCS | G33: sisaan | H33: david | I33: ASSEMBLY | J33: Spoil | K33: FALSE | L33: TRUE
B34: Bawang Bombay | C34: =IFERROR(VLOOKUP(B34,'Master data'!$A$1:$F$429,2,FALSE),"") -> B001-006 | D34: =IFERROR(VLOOKUP(B34,'Master data'!$A$1:$F$429,6,FALSE),"") -> bahan baku | E34: 4 | F34: =IFERROR(VLOOKUP(B34,'Master data'!$A$1:$F$429,3,FALSE),"") -> GR | G34: tidak terpakai | H34: dendi | I34: MP | J34: Waste | K34: FALSE | L34: TRUE
B35: WIP RED TEA BASE | C35: =IFERROR(VLOOKUP(B35,'Master data'!$A$1:$F$429,2,FALSE),"") -> P004-022 | D35: =IFERROR(VLOOKUP(B35,'Master data'!$A$1:$F$429,6,FALSE),"") -> barang jadi & bahan baku | E35: 184 | F35: =IFERROR(VLOOKUP(B35,'Master data'!$A$1:$F$429,3,FALSE),"") -> GR | G35: sisa | H35: slamet | I35: BAR | J35: Spoil | K35: FALSE | L35: TRUE
B36: WIP GREEN TEA BASE | C36: =IFERROR(VLOOKUP(B36,'Master data'!$A$1:$F$429,2,FALSE),"") -> P004-023 | D36: =IFERROR(VLOOKUP(B36,'Master data'!$A$1:$F$429,6,FALSE),"") -> barang jadi & bahan baku | E36: 165 | F36: =IFERROR(VLOOKUP(B36,'Master data'!$A$1:$F$429,3,FALSE),"") -> GR | G36: sisa | I36: BAR | J36: Spoil | K36: FALSE | L36: TRUE
B37: Pisang | C37: =IFERROR(VLOOKUP(B37,'Master data'!$A$1:$F$429,2,FALSE),"") -> B001-064 | D37: =IFERROR(VLOOKUP(B37,'Master data'!$A$1:$F$429,6,FALSE),"") -> bahan baku | E37: 38 | F37: =IFERROR(VLOOKUP(B37,'Master data'!$A$1:$F$429,3,FALSE),"") -> GR | G37: tidak terpakai | H37: dendi | I37: MP | J37: Waste | K37: FALSE | L37: TRUE
B38: WIP UNSWEETENED TEA BATCH | C38: =IFERROR(VLOOKUP(B38,'Master data'!$A$1:$F$429,2,FALSE),"") -> P004-024 | D38: =IFERROR(VLOOKUP(B38,'Master data'!$A$1:$F$429,6,FALSE),"") -> barang jadi & bahan baku | E38: 200 | F38: =IFERROR(VLOOKUP(B38,'Master data'!$A$1:$F$429,3,FALSE),"") -> ML | G38: sisa | H38: slamet | I38: BAR | J38: Spoil | K38: FALSE | L38: TRUE
B39: Ayam Original Parting 9 | C39: =IFERROR(VLOOKUP(B39,'Master data'!$A$1:$F$429,2,FALSE),"") -> B001-004 | D39: =IFERROR(VLOOKUP(B39,'Master data'!$A$1:$F$429,6,FALSE),"") -> bahan baku | E39: 2 | F39: =IFERROR(VLOOKUP(B39,'Master data'!$A$1:$F$429,3,FALSE),"") -> PCS | G39: sisa | H39: david | I39: ASSEMBLY | J39: Spoil | K39: FALSE | L39: TRUE
B40: Pisang | C40: =IFERROR(VLOOKUP(B40,'Master data'!$A$1:$F$429,2,FALSE),"") -> B001-064 | D40: =IFERROR(VLOOKUP(B40,'Master data'!$A$1:$F$429,6,FALSE),"") -> bahan baku | E40: 43 | F40: =IFERROR(VLOOKUP(B40,'Master data'!$A$1:$F$429,3,FALSE),"") -> GR | G40: tidak terpakai | H40: puput | I40: MP | J40: Waste | K40: FALSE | L40: TRUE
B41: Bawang Bombay | C41: =IFERROR(VLOOKUP(B41,'Master data'!$A$1:$F$429,2,FALSE),"") -> B001-006 | D41: =IFERROR(VLOOKUP(B41,'Master data'!$A$1:$F$429,6,FALSE),"") -> bahan baku | E41: 22 | F41: =IFERROR(VLOOKUP(B41,'Master data'!$A$1:$F$429,3,FALSE),"") -> GR | G41: tidak terpakai | I41: MP | J41: Waste | K41: FALSE | L41: TRUE
A42: 6 | B42: Bawang Bombay | C42: =IFERROR(VLOOKUP(B42,'Master data'!$A$1:$F$429,2,FALSE),"") -> B001-006 | D42: =IFERROR(VLOOKUP(B42,'Master data'!$A$1:$F$429,6,FALSE),"") -> bahan baku | E42: 19 | F42: =IFERROR(VLOOKUP(B42,'Master data'!$A$1:$F$429,3,FALSE),"") -> GR | G42: tidak terpakai | H42: dendi | I42: MP | J42: Waste | K42: FALSE | L42: TRUE
B43: WIP LEMON TEA BATCH | C43: =IFERROR(VLOOKUP(B43,'Master data'!$A$1:$F$429,2,FALSE),"") -> P004-025 | D43: =IFERROR(VLOOKUP(B43,'Master data'!$A$1:$F$429,6,FALSE),"") -> barang jadi & bahan baku | E43: 214 | F43: ML | G43: sisa | H43: mahesa | I43: BAR | J43: Spoil | K43: FALSE | L43: TRUE
B44: WIP GREEN TEA BASE | C44: =IFERROR(VLOOKUP(B44,'Master data'!$A$1:$F$429,2,FALSE),"") -> P004-023 | D44: =IFERROR(VLOOKUP(B44,'Master data'!$A$1:$F$429,6,FALSE),"") -> barang jadi & bahan baku | E44: 279 | F44: =IFERROR(VLOOKUP(B44,'Master data'!$A$1:$F$429,3,FALSE),"") -> GR | G44: sisa | I44: BAR | J44: Spoil | K44: FALSE | L44: TRUE
A45: 7 | B45: Beras 25KG | C45: =IFERROR(VLOOKUP(B45,'Master data'!$A$1:$F$429,2,FALSE),"") -> B001-008 | D45: =IFERROR(VLOOKUP(B45,'Master data'!$A$1:$F$429,6,FALSE),"") -> bahan baku | E45: =800/1.56 -> 512.82051 | F45: =IFERROR(VLOOKUP(B45,'Master data'!$A$1:$F$429,3,FALSE),"") -> GR | G45: Nasi kering | H45: David | I45: ASSEMBLY | J45: Spoil | K45: FALSE | L45: TRUE
B46: Minyak Makan | C46: =IFERROR(VLOOKUP(B46,'Master data'!$A$1:$F$429,2,FALSE),"") -> B001-056 | D46: =IFERROR(VLOOKUP(B46,'Master data'!$A$1:$F$429,6,FALSE),"") -> bahan baku | E46: 5 | F46: =IFERROR(VLOOKUP(B46,'Master data'!$A$1:$F$429,3,FALSE),"") -> ML | I46: ASSEMBLY | J46: Spoil | K46: FALSE | L46: TRUE
B47: WIP LEMON TEA BATCH | C47: =IFERROR(VLOOKUP(B47,'Master data'!$A$1:$F$429,2,FALSE),"") -> P004-025 | D47: =IFERROR(VLOOKUP(B47,'Master data'!$A$1:$F$429,6,FALSE),"") -> barang jadi & bahan baku | E47: 465 | F47: ML | G47: sisa | H47: slamet | I47: BAR | J47: Spoil | K47: FALSE | L47: TRUE
B48: Paprika Hijau | C48: =IFERROR(VLOOKUP(B48,'Master data'!$A$1:$F$429,2,FALSE),"") -> B001-060 | D48: =IFERROR(VLOOKUP(B48,'Master data'!$A$1:$F$429,6,FALSE),"") -> bahan baku | E48: 37 | F48: =IFERROR(VLOOKUP(B48,'Master data'!$A$1:$F$429,3,FALSE),"") -> GR | G48: bonggol | H48: tegar | I48: MP | J48: Waste | K48: FALSE | L48: TRUE
B49: SELADA / LETTUCE | C49: =IFERROR(VLOOKUP(B49,'Master data'!$A$1:$F$429,2,FALSE),"") -> B001-125 | D49: =IFERROR(VLOOKUP(B49,'Master data'!$A$1:$F$429,6,FALSE),"") -> bahan baku | E49: 130 | F49: =IFERROR(VLOOKUP(B49,'Master data'!$A$1:$F$429,3,FALSE),"") -> GR | G49: hitram dan layyu | I49: MP | J49: Spoil | K49: FALSE | L49: TRUE
B50: Paprika Merah | C50: =IFERROR(VLOOKUP(B50,'Master data'!$A$1:$F$429,2,FALSE),"") -> B001-061 | D50: =IFERROR(VLOOKUP(B50,'Master data'!$A$1:$F$429,6,FALSE),"") -> bahan baku | E50: 37 | F50: =IFERROR(VLOOKUP(B50,'Master data'!$A$1:$F$429,3,FALSE),"") -> GR | G50: bonggol | I50: MP | J50: Waste | K50: FALSE | L50: TRUE
B51: Tomat | C51: =IFERROR(VLOOKUP(B51,'Master data'!$A$1:$F$429,2,FALSE),"") -> B001-162 | D51: =IFERROR(VLOOKUP(B51,'Master data'!$A$1:$F$429,6,FALSE),"") -> bahan baku | E51: 100 | F51: GR | G51: busuk | I51: MP | J51: Spoil | K51: FALSE | L51: TRUE
B52: Beras 25KG | C52: =IFERROR(VLOOKUP(B52,'Master data'!$A$1:$F$429,2,FALSE),"") -> B001-008 | D52: =IFERROR(VLOOKUP(B52,'Master data'!$A$1:$F$429,6,FALSE),"") -> bahan baku | E52: =600/1.56 -> 384.61538 | F52: =IFERROR(VLOOKUP(B52,'Master data'!$A$1:$F$429,3,FALSE),"") -> GR | G52: TRAINING MENU BARU GEPREK SERIES | H52: FADHEL | I52: ASSEMBLY | J52: Training | K52: FALSE | L52: TRUE
B53: Minyak Makan | C53: =IFERROR(VLOOKUP(B53,'Master data'!$A$1:$F$429,2,FALSE),"") -> B001-056 | D53: =IFERROR(VLOOKUP(B53,'Master data'!$A$1:$F$429,6,FALSE),"") -> bahan baku | E53: 3 | F53: =IFERROR(VLOOKUP(B53,'Master data'!$A$1:$F$429,3,FALSE),"") -> ML | I53: ASSEMBLY | J53: Training | K53: FALSE | L53: TRUE
B54: Ayam Original Parting 9 | C54: =IFERROR(VLOOKUP(B54,'Master data'!$A$1:$F$429,2,FALSE),"") -> B001-004 | D54: =IFERROR(VLOOKUP(B54,'Master data'!$A$1:$F$429,6,FALSE),"") -> bahan baku | E54: 4 | F54: =IFERROR(VLOOKUP(B54,'Master data'!$A$1:$F$429,3,FALSE),"") -> PCS | I54: ASSEMBLY | J54: Training | K54: FALSE | L54: TRUE
B55: Chicken Skin | C55: =IFERROR(VLOOKUP(B55,'Master data'!$A$1:$F$429,2,FALSE),"") -> B001-026 | D55: =IFERROR(VLOOKUP(B55,'Master data'!$A$1:$F$429,6,FALSE),"") -> bahan baku | E55: 60 | F55: =IFERROR(VLOOKUP(B55,'Master data'!$A$1:$F$429,3,FALSE),"") -> GR | I55: ASSEMBLY | J55: Training | K55: FALSE | L55: TRUE
B56: daun pisang | C56: =IFERROR(VLOOKUP(B56,'Master data'!$A$1:$F$429,2,FALSE),"") -> B001-166 | D56: =IFERROR(VLOOKUP(B56,'Master data'!$A$1:$F$429,6,FALSE),"") -> bahan baku | E56: 160 | F56: GR | I56: ASSEMBLY | J56: Training | K56: FALSE | L56: TRUE
B57: timun | C57: =IFERROR(VLOOKUP(B57,'Master data'!$A$1:$F$429,2,FALSE),"") -> B001-165 | D57: =IFERROR(VLOOKUP(B57,'Master data'!$A$1:$F$429,6,FALSE),"") -> bahan baku | E57: 80 | F57: GR | I57: ASSEMBLY | J57: Training | K57: FALSE | L57: TRUE
B58: WIP SAMBAL HIJAU | C58: =IFERROR(VLOOKUP(B58,'Master data'!$A$1:$F$429,2,FALSE),"") -> P004-055 | D58: =IFERROR(VLOOKUP(B58,'Master data'!$A$1:$F$429,6,FALSE),"") -> barang jadi & bahan baku | E58: 30 | F58: GR | I58: ASSEMBLY | J58: Training | K58: FALSE | L58: TRUE
B59: WIP MEXICAN SALSA/ SAMBAL DABU DABU | C59: =IFERROR(VLOOKUP(B59,'Master data'!$A$1:$F$429,2,FALSE),"") -> P004-054 | D59: =IFERROR(VLOOKUP(B59,'Master data'!$A$1:$F$429,6,FALSE),"") -> barang jadi & bahan baku | E59: 30 | F59: GR | I59: ASSEMBLY | J59: Training | K59: FALSE | L59: TRUE
B60: WIP SAMBAL BAWANG | C60: =IFERROR(VLOOKUP(B60,'Master data'!$A$1:$F$429,2,FALSE),"") -> P004-035 | D60: =IFERROR(VLOOKUP(B60,'Master data'!$A$1:$F$429,6,FALSE),"") -> barang jadi & bahan baku | E60: 30 | F60: GR | I60: ASSEMBLY | J60: Training | K60: FALSE | L60: TRUE
B61: WIP SAMBAL BALI | C61: =IFERROR(VLOOKUP(B61,'Master data'!$A$1:$F$429,2,FALSE),"") -> P004-015 | D61: =IFERROR(VLOOKUP(B61,'Master data'!$A$1:$F$429,6,FALSE),"") -> barang jadi & bahan baku | E61: 30 | F61: GR | I61: ASSEMBLY | J61: Training | K61: FALSE | L61: TRUE
A62: 8 | B62: Beras 25KG | C62: =IFERROR(VLOOKUP(B62,'Master data'!$A$1:$F$429,2,FALSE),"") -> B001-008 | D62: =IFERROR(VLOOKUP(B62,'Master data'!$A$1:$F$429,6,FALSE),"") -> bahan baku | E62: =150/1.56 -> 96.153846 | F62: =IFERROR(VLOOKUP(B62,'Master data'!$A$1:$F$429,3,FALSE),"") -> GR | G62: TRAINING MENU BARU GEPREK | H62: Manda | I62: ASSEMBLY | J62: Training | K62: FALSE | L62: TRUE
B63: Minyak Makan | C63: =IFERROR(VLOOKUP(B63,'Master data'!$A$1:$F$429,2,FALSE),"") -> B001-056 | D63: =IFERROR(VLOOKUP(B63,'Master data'!$A$1:$F$429,6,FALSE),"") -> bahan baku | E63: 0,9 | F63: =IFERROR(VLOOKUP(B63,'Master data'!$A$1:$F$429,3,FALSE),"") -> ML | I63: ASSEMBLY | J63: Training | K63: FALSE | L63: TRUE
B64: Ayam Original Parting 9 | C64: =IFERROR(VLOOKUP(B64,'Master data'!$A$1:$F$429,2,FALSE),"") -> B001-004 | D64: =IFERROR(VLOOKUP(B64,'Master data'!$A$1:$F$429,6,FALSE),"") -> bahan baku | E64: 1 | F64: =IFERROR(VLOOKUP(B64,'Master data'!$A$1:$F$429,3,FALSE),"") -> PCS | I64: ASSEMBLY | J64: Training | K64: FALSE | L64: TRUE
B65: Chicken Skin | C65: =IFERROR(VLOOKUP(B65,'Master data'!$A$1:$F$429,2,FALSE),"") -> B001-026 | D65: =IFERROR(VLOOKUP(B65,'Master data'!$A$1:$F$429,6,FALSE),"") -> bahan baku | E65: 15 | F65: =IFERROR(VLOOKUP(B65,'Master data'!$A$1:$F$429,3,FALSE),"") -> GR | I65: ASSEMBLY | J65: Training | K65: FALSE | L65: TRUE
B66: daun pisang | C66: =IFERROR(VLOOKUP(B66,'Master data'!$A$1:$F$429,2,FALSE),"") -> B001-166 | D66: =IFERROR(VLOOKUP(B66,'Master data'!$A$1:$F$429,6,FALSE),"") -> bahan baku | E66: 40 | F66: GR | I66: ASSEMBLY | J66: Training | K66: FALSE | L66: TRUE
B67: timun | C67: =IFERROR(VLOOKUP(B67,'Master data'!$A$1:$F$429,2,FALSE),"") -> B001-165 | D67: =IFERROR(VLOOKUP(B67,'Master data'!$A$1:$F$429,6,FALSE),"") -> bahan baku | E67: 20 | F67: GR | I67: ASSEMBLY | J67: Training | K67: FALSE | L67: TRUE
B68: WIP SAMBAL HIJAU | C68: =IFERROR(VLOOKUP(B68,'Master data'!$A$1:$F$429,2,FALSE),"") -> P004-055 | D68: =IFERROR(VLOOKUP(B68,'Master data'!$A$1:$F$429,6,FALSE),"") -> barang jadi & bahan baku | E68: 30 | F68: GR | I68: ASSEMBLY | J68: Training | K68: FALSE | L68: TRUE
B69: Bawang Bombay | C69: =IFERROR(VLOOKUP(B69,'Master data'!$A$1:$F$429,2,FALSE),"") -> B001-006 | D69: =IFERROR(VLOOKUP(B69,'Master data'!$A$1:$F$429,6,FALSE),"") -> bahan baku | E69: 30 | F69: =IFERROR(VLOOKUP(B69,'Master data'!$A$1:$F$429,3,FALSE),"") -> GR | G69: tidak terpakai | H69: dendi | I69: MP | J69: Waste | K69: FALSE | L69: TRUE
B70: Beras 25KG | C70: =IFERROR(VLOOKUP(B70,'Master data'!$A$1:$F$429,2,FALSE),"") -> B001-008 | D70: =IFERROR(VLOOKUP(B70,'Master data'!$A$1:$F$429,6,FALSE),"") -> bahan baku | E70: 368,59 | F70: =IFERROR(VLOOKUP(B70,'Master data'!$A$1:$F$429,3,FALSE),"") -> GR | G70: nasi kering | H70: david | I70: ASSEMBLY | J70: Spoil | K70: FALSE | L70: TRUE
B71: Minyak Makan | C71: =IFERROR(VLOOKUP(B71,'Master data'!$A$1:$F$429,2,FALSE),"") -> B001-056 | D71: =IFERROR(VLOOKUP(B71,'Master data'!$A$1:$F$429,6,FALSE),"") -> bahan baku | E71: 3,69 | F71: =IFERROR(VLOOKUP(B71,'Master data'!$A$1:$F$429,3,FALSE),"") -> ML | I71: ASSEMBLY | J71: Spoil | K71: FALSE | L71: TRUE
B72: WIP RED TEA BASE | C72: =IFERROR(VLOOKUP(B72,'Master data'!$A$1:$F$429,2,FALSE),"") -> P004-022 | D72: =IFERROR(VLOOKUP(B72,'Master data'!$A$1:$F$429,6,FALSE),"") -> barang jadi & bahan baku | E72: 767 | F72: =IFERROR(VLOOKUP(B72,'Master data'!$A$1:$F$429,3,FALSE),"") -> GR | G72: sisa | H72: slamet | I72: BAR | J72: Spoil | K72: FALSE | L72: TRUE
B73: WIP GREEN TEA BASE | C73: =IFERROR(VLOOKUP(B73,'Master data'!$A$1:$F$429,2,FALSE),"") -> P004-023 | D73: =IFERROR(VLOOKUP(B73,'Master data'!$A$1:$F$429,6,FALSE),"") -> barang jadi & bahan baku | E73: 1458 | F73: =IFERROR(VLOOKUP(B73,'Master data'!$A$1:$F$429,3,FALSE),"") -> GR | G73: sisa | I73: BAR | J73: Spoil | K73: FALSE | L73: TRUE
B74: Tepung Crispy Breading | C74: =IFERROR(VLOOKUP(B74,'Master data'!$A$1:$F$429,2,FALSE),"") -> B001-088 | D74: =IFERROR(VLOOKUP(B74,'Master data'!$A$1:$F$429,6,FALSE),"") -> bahan baku | E74: =3115+3410 -> 6525 | F74: =IFERROR(VLOOKUP(B74,'Master data'!$A$1:$F$429,3,FALSE),"") -> GR | G74: sisa tapisan | H74: bayu | I74: COOK | J74: Waste | K74: FALSE | L74: TRUE
A75: 9 | B75: Tomat | C75: =IFERROR(VLOOKUP(B75,'Master data'!$A$1:$F$429,2,FALSE),"") -> B001-162 | D75: =IFERROR(VLOOKUP(B75,'Master data'!$A$1:$F$429,6,FALSE),"") -> bahan baku | E75: 57 | F75: GR | G75: busuk | H75: puput | I75: MP | J75: Spoil | K75: FALSE | L75: TRUE
B76: daun pisang | C76: =IFERROR(VLOOKUP(B76,'Master data'!$A$1:$F$429,2,FALSE),"") -> B001-166 | D76: =IFERROR(VLOOKUP(B76,'Master data'!$A$1:$F$429,6,FALSE),"") -> bahan baku | E76: =115+49 -> 164 | F76: GR | G76: tidak digunakan | H76: neza | I76: ASSEMBLY | J76: Waste | K76: FALSE | L76: TRUE
B77: WIP MEXICAN SALSA/ SAMBAL DABU DABU | C77: =IFERROR(VLOOKUP(B77,'Master data'!$A$1:$F$429,2,FALSE),"") -> P004-054 | D77: =IFERROR(VLOOKUP(B77,'Master data'!$A$1:$F$429,6,FALSE),"") -> barang jadi & bahan baku | E77: 60 | F77: GR | G77: basi | I77: ASSEMBLY | J77: Spoil | K77: FALSE | L77: TRUE
B78: Bawang Bombay | C78: =IFERROR(VLOOKUP(B78,'Master data'!$A$1:$F$429,2,FALSE),"") -> B001-006 | D78: =IFERROR(VLOOKUP(B78,'Master data'!$A$1:$F$429,6,FALSE),"") -> bahan baku | E78: 8 | F78: =IFERROR(VLOOKUP(B78,'Master data'!$A$1:$F$429,3,FALSE),"") -> GR | G78: tidak terpakai | H78: dendi | I78: MP | J78: Waste | K78: FALSE | L78: TRUE
B79: Mixed Veggies | C79: =IFERROR(VLOOKUP(B79,'Master data'!$A$1:$F$429,2,FALSE),"") -> B001-057 | D79: =IFERROR(VLOOKUP(B79,'Master data'!$A$1:$F$429,6,FALSE),"") -> bahan baku | E79: 113 | F79: =IFERROR(VLOOKUP(B79,'Master data'!$A$1:$F$429,3,FALSE),"") -> GR | G79: bususk | I79: MP | J79: Spoil | K79: FALSE | L79: TRUE
B80: WIP UNSWEETENED TEA BATCH | C80: =IFERROR(VLOOKUP(B80,'Master data'!$A$1:$F$429,2,FALSE),"") -> P004-024 | D80: =IFERROR(VLOOKUP(B80,'Master data'!$A$1:$F$429,6,FALSE),"") -> barang jadi & bahan baku | E80: 1263 | F80: =IFERROR(VLOOKUP(B80,'Master data'!$A$1:$F$429,3,FALSE),"") -> ML | G80: sisa | H80: mahesa | I80: BAR | J80: Spoil | K80: FALSE | L80: TRUE
B81: Beras 25KG | C81: =IFERROR(VLOOKUP(B81,'Master data'!$A$1:$F$429,2,FALSE),"") -> B001-008 | D81: =IFERROR(VLOOKUP(B81,'Master data'!$A$1:$F$429,6,FALSE),"") -> bahan baku | E81: 301,28 | F81: =IFERROR(VLOOKUP(B81,'Master data'!$A$1:$F$429,3,FALSE),"") -> GR | G81: nasi kering | H81: davud | I81: ASSEMBLY | J81: Spoil | K81: FALSE | L81: TRUE
B82: Minyak Makan | C82: =IFERROR(VLOOKUP(B82,'Master data'!$A$1:$F$429,2,FALSE),"") -> B001-056 | D82: =IFERROR(VLOOKUP(B82,'Master data'!$A$1:$F$429,6,FALSE),"") -> bahan baku | E82: 3,01 | F82: =IFERROR(VLOOKUP(B82,'Master data'!$A$1:$F$429,3,FALSE),"") -> ML | I82: ASSEMBLY | J82: Spoil | K82: FALSE | L82: TRUE
B83: Tepung Crispy Breading | C83: =IFERROR(VLOOKUP(B83,'Master data'!$A$1:$F$429,2,FALSE),"") -> B001-088 | D83: =IFERROR(VLOOKUP(B83,'Master data'!$A$1:$F$429,6,FALSE),"") -> bahan baku | E83: 4390 | F83: =IFERROR(VLOOKUP(B83,'Master data'!$A$1:$F$429,3,FALSE),"") -> GR | G83: sisa tapisan | H83: tegar | I83: ASSEMBLY | J83: Waste | K83: FALSE | L83: TRUE
A84: 10 | B84: Cabai Rawit Merah | C84: =IFERROR(VLOOKUP(B84,'Master data'!$A$1:$F$429,2,FALSE),"") -> B001-019 | D84: =IFERROR(VLOOKUP(B84,'Master data'!$A$1:$F$429,6,FALSE),"") -> bahan baku | E84: 100 | F84: =IFERROR(VLOOKUP(B84,'Master data'!$A$1:$F$429,3,FALSE),"") -> GR | G84: tangkai | H84: dendi | I84: BAR | J84: Spoil | K84: FALSE | L84: TRUE
B85: Beras 25KG | C85: =IFERROR(VLOOKUP(B85,'Master data'!$A$1:$F$429,2,FALSE),"") -> B001-008 | D85: =IFERROR(VLOOKUP(B85,'Master data'!$A$1:$F$429,6,FALSE),"") -> bahan baku | E85: 387,82 | F85: =IFERROR(VLOOKUP(B85,'Master data'!$A$1:$F$429,3,FALSE),"") -> GR | G85: nasi kering | H85: david | I85: ASSEMBLY | J85: Spoil | K85: FALSE | L85: TRUE
B86: Minyak Makan | C86: =IFERROR(VLOOKUP(B86,'Master data'!$A$1:$F$429,2,FALSE),"") -> B001-056 | D86: =IFERROR(VLOOKUP(B86,'Master data'!$A$1:$F$429,6,FALSE),"") -> bahan baku | E86: 3,88 | F86: =IFERROR(VLOOKUP(B86,'Master data'!$A$1:$F$429,3,FALSE),"") -> ML | I86: ASSEMBLY | J86: Spoil | K86: FALSE | L86: TRUE
A87: 11 | B87: Bawang Bombay | C87: =IFERROR(VLOOKUP(B87,'Master data'!$A$1:$F$429,2,FALSE),"") -> B001-006 | D87: =IFERROR(VLOOKUP(B87,'Master data'!$A$1:$F$429,6,FALSE),"") -> bahan baku | E87: 22 | F87: =IFERROR(VLOOKUP(B87,'Master data'!$A$1:$F$429,3,FALSE),"") -> GR | G87: tidak terpakai | H87: dendi | I87: MP | J87: Waste | K87: FALSE | L87: TRUE
B88: WIP RED TEA BASE | C88: =IFERROR(VLOOKUP(B88,'Master data'!$A$1:$F$429,2,FALSE),"") -> P004-022 | D88: =IFERROR(VLOOKUP(B88,'Master data'!$A$1:$F$429,6,FALSE),"") -> barang jadi & bahan baku | E88: 85 | F88: =IFERROR(VLOOKUP(B88,'Master data'!$A$1:$F$429,3,FALSE),"") -> GR | G88: sisa | H88: putra | I88: BAR | J88: Spoil | K88: FALSE | L88: TRUE
B89: WIP UNSWEETENED TEA BATCH | C89: =IFERROR(VLOOKUP(B89,'Master data'!$A$1:$F$429,2,FALSE),"") -> P004-024 | D89: =IFERROR(VLOOKUP(B89,'Master data'!$A$1:$F$429,6,FALSE),"") -> barang jadi & bahan baku | E89: 219 | F89: =IFERROR(VLOOKUP(B89,'Master data'!$A$1:$F$429,3,FALSE),"") -> ML | G89: sisa | I89: BAR | J89: Spoil | K89: FALSE | L89: TRUE
B90: Pisang | C90: =IFERROR(VLOOKUP(B90,'Master data'!$A$1:$F$429,2,FALSE),"") -> B001-064 | D90: =IFERROR(VLOOKUP(B90,'Master data'!$A$1:$F$429,6,FALSE),"") -> bahan baku | E90: 18 | F90: =IFERROR(VLOOKUP(B90,'Master data'!$A$1:$F$429,3,FALSE),"") -> GR | G90: tidak terpakai | H90: dendi | I90: MP | J90: Waste | K90: FALSE | L90: TRUE
B91: Tepung Crispy Breading | C91: =IFERROR(VLOOKUP(B91,'Master data'!$A$1:$F$429,2,FALSE),"") -> B001-088 | D91: =IFERROR(VLOOKUP(B91,'Master data'!$A$1:$F$429,6,FALSE),"") -> bahan baku | E91: 8015 | F91: =IFERROR(VLOOKUP(B91,'Master data'!$A$1:$F$429,3,FALSE),"") -> GR | G91: sisa tapisan | H91: neza | I91: COOK | J91: Waste | K91: FALSE | L91: TRUE
B92: daun pisang | C92: =IFERROR(VLOOKUP(B92,'Master data'!$A$1:$F$429,2,FALSE),"") -> B001-166 | D92: =IFERROR(VLOOKUP(B92,'Master data'!$A$1:$F$429,6,FALSE),"") -> bahan baku | E92: 415 | F92: GR | G92: tidak terpakai | I92: ASSEMBLY | J92: Waste | K92: FALSE | L92: TRUE
B93: Tepung Crispy Breading | C93: =IFERROR(VLOOKUP(B93,'Master data'!$A$1:$F$429,2,FALSE),"") -> B001-088 | D93: =IFERROR(VLOOKUP(B93,'Master data'!$A$1:$F$429,6,FALSE),"") -> bahan baku | E93: 4390 | F93: =IFERROR(VLOOKUP(B93,'Master data'!$A$1:$F$429,3,FALSE),"") -> GR | G93: sisa tapisan | H93: tegar | I93: COOK | J93: Waste | K93: FALSE | L93: TRUE
B94: Bawang Bombay | C94: =IFERROR(VLOOKUP(B94,'Master data'!$A$1:$F$429,2,FALSE),"") -> B001-006 | D94: =IFERROR(VLOOKUP(B94,'Master data'!$A$1:$F$429,6,FALSE),"") -> bahan baku | E94: 16 | F94: =IFERROR(VLOOKUP(B94,'Master data'!$A$1:$F$429,3,FALSE),"") -> GR | G94: tidak terpakai | H94: puput | I94: MP | J94: Waste | K94: FALSE | L94: TRUE
B95: Pisang | C95: =IFERROR(VLOOKUP(B95,'Master data'!$A$1:$F$429,2,FALSE),"") -> B001-064 | D95: =IFERROR(VLOOKUP(B95,'Master data'!$A$1:$F$429,6,FALSE),"") -> bahan baku | E95: 28 | F95: =IFERROR(VLOOKUP(B95,'Master data'!$A$1:$F$429,3,FALSE),"") -> GR | G95: tidak terpakai | I95: MP | J95: Waste | K95: FALSE | L95: TRUE
B96: Bawang Bombay | C96: =IFERROR(VLOOKUP(B96,'Master data'!$A$1:$F$429,2,FALSE),"") -> B001-006 | D96: =IFERROR(VLOOKUP(B96,'Master data'!$A$1:$F$429,6,FALSE),"") -> bahan baku | E96: 10 | F96: =IFERROR(VLOOKUP(B96,'Master data'!$A$1:$F$429,3,FALSE),"") -> GR | G96: tidak terpakai | I96: MP | J96: Waste | K96: FALSE | L96: TRUE
B97: daun pisang | C97: =IFERROR(VLOOKUP(B97,'Master data'!$A$1:$F$429,2,FALSE),"") -> B001-166 | D97: =IFERROR(VLOOKUP(B97,'Master data'!$A$1:$F$429,6,FALSE),"") -> bahan baku | E97: 400 | F97: GR | G97: tidak terpakai | I97: MP | J97: Waste | K97: FALSE | L97: TRUE
A98: 12 | B98: Bawang Bombay | C98: =IFERROR(VLOOKUP(B98,'Master data'!$A$1:$F$429,2,FALSE),"") -> B001-006 | D98: =IFERROR(VLOOKUP(B98,'Master data'!$A$1:$F$429,6,FALSE),"") -> bahan baku | E98: 13 | F98: =IFERROR(VLOOKUP(B98,'Master data'!$A$1:$F$429,3,FALSE),"") -> GR | G98: tidak terpakai | I98: MP | J98: Waste | K98: FALSE | L98: TRUE
B99: SELADA / LETTUCE | C99: =IFERROR(VLOOKUP(B99,'Master data'!$A$1:$F$429,2,FALSE),"") -> B001-125 | D99: =IFERROR(VLOOKUP(B99,'Master data'!$A$1:$F$429,6,FALSE),"") -> bahan baku | E99: 35 | F99: =IFERROR(VLOOKUP(B99,'Master data'!$A$1:$F$429,3,FALSE),"") -> GR | G99: tidak terpakai | I99: MP | J99: Waste | K99: FALSE | L99: TRUE
B100: Bawang Bombay | C100: =IFERROR(VLOOKUP(B100,'Master data'!$A$1:$F$429,2,FALSE),"") -> B001-006 | D100: =IFERROR(VLOOKUP(B100,'Master data'!$A$1:$F$429,6,FALSE),"") -> bahan baku | E100: 8 | F100: =IFERROR(VLOOKUP(B100,'Master data'!$A$1:$F$429,3,FALSE),"") -> GR | G100: tidak terpakai | H100: dendi | I100: MP | J100: Waste | K100: FALSE | L100: TRUE
B101: WIP UNSWEETENED TEA BATCH | C101: =IFERROR(VLOOKUP(B101,'Master data'!$A$1:$F$429,2,FALSE),"") -> P004-024 | D101: =IFERROR(VLOOKUP(B101,'Master data'!$A$1:$F$429,6,FALSE),"") -> barang jadi & bahan baku | E101: =570+1016 -> 1586 | F101: =IFERROR(VLOOKUP(B101,'Master data'!$A$1:$F$429,3,FALSE),"") -> ML | G101: sisa | H101: putra | I101: BAR | J101: Spoil | K101: FALSE | L101: TRUE
...

Sheet AGUSTUS 2026
A1: FORM ADJUSTMENT
A2: PT. KREASI LIMA CAHAYA
A3: JCHICKEN CILEDUG
A4: BULAN, TAHUN: AGUSTUS 2026
A6: TANGGAL | B6: NAMA PRODUK | C6: KODE CSA | D6: JENIS | E6: JUMLAH | F6: SATUAN CSA | G6: ALASAN WASTE | H6: USER | I6: SECTION | J6: KATEGORI | K6: SM | L6: AUDIT
A7: 1 | B7: Telur | C7: =IFERROR(VLOOKUP(B7,'Master data'!$A$1:$F$1000,2,FALSE),"") -> B001-087 | D7: =IFERROR(VLOOKUP(B7,'Master data'!$A$1:$F$1000,6,FALSE),"") -> bahan baku | E7: 1 | F7: =IFERROR(VLOOKUP(B7,'Master data'!$A$1:$F$1000,3,FALSE),"") -> PCS | G7: busuk | H7: neza | I7: ASSEMBLY | J7: Spoil | K7: TRUE | L7: TRUE
B8: Tepung Crispy Breading | C8: =IFERROR(VLOOKUP(B8,'Master data'!$A$1:$F$1000,2,FALSE),"") -> B001-088 | D8: =IFERROR(VLOOKUP(B8,'Master data'!$A$1:$F$1000,6,FALSE),"") -> bahan baku | E8: 4560 | F8: =IFERROR(VLOOKUP(B8,'Master data'!$A$1:$F$1000,3,FALSE),"") -> GR | G8: bekas tapisan | H8: ardi | I8: COOK | J8: Waste | K8: FALSE | L8: TRUE
B9: WIP BURGER BUN | C9: =IFERROR(VLOOKUP(B9,'Master data'!$A$1:$F$1000,2,FALSE),"") -> P004-038 | D9: =IFERROR(VLOOKUP(B9,'Master data'!$A$1:$F$1000,6,FALSE),"") -> barang jadi & bahan baku | E9: 1 | F9: =IFERROR(VLOOKUP(B9,'Master data'!$A$1:$F$1000,3,FALSE),"") -> PRS | G9: gososng | H9: gina | I9: MP | J9: Spoil | K9: TRUE | L9: TRUE
B10: Pisang | C10: =IFERROR(VLOOKUP(B10,'Master data'!$A$1:$F$1000,2,FALSE),"") -> B001-064 | D10: =IFERROR(VLOOKUP(B10,'Master data'!$A$1:$F$1000,6,FALSE),"") -> bahan baku | E10: 488 | F10: =IFERROR(VLOOKUP(B10,'Master data'!$A$1:$F$1000,3,FALSE),"") -> GR | G10: busuk | I10: MP | J10: Spoil | K10: TRUE | L10: TRUE
B11: Bawang Bombay | C11: =IFERROR(VLOOKUP(B11,'Master data'!$A$1:$F$1000,2,FALSE),"") -> B001-006 | D11: =IFERROR(VLOOKUP(B11,'Master data'!$A$1:$F$1000,6,FALSE),"") -> bahan baku | E11: 45 | F11: =IFERROR(VLOOKUP(B11,'Master data'!$A$1:$F$1000,3,FALSE),"") -> GR | G11: kulit | I11: MP | J11: Waste | K11: FALSE | L11: TRUE
B12: WIP RED TEA BASE | C12: =IFERROR(VLOOKUP(B12,'Master data'!$A$1:$F$1000,2,FALSE),"") -> P004-022 | D12: =IFERROR(VLOOKUP(B12,'Master data'!$A$1:$F$1000,6,FALSE),"") -> barang jadi & bahan baku | E12: 623 | F12: =IFERROR(VLOOKUP(B12,'Master data'!$A$1:$F$1000,3,FALSE),"") -> GR | G12: sisa | H12: seihan | I12: BAR | J12: Spoil | K12: TRUE | L12: TRUE
B13: WIP GREEN TEA BASE | C13: =IFERROR(VLOOKUP(B13,'Master data'!$A$1:$F$1000,2,FALSE),"") -> P004-023 | D13: =IFERROR(VLOOKUP(B13,'Master data'!$A$1:$F$1000,6,FALSE),"") -> barang jadi & bahan baku | E13: 147 | F13: =IFERROR(VLOOKUP(B13,'Master data'!$A$1:$F$1000,3,FALSE),"") -> GR | G13: sisa | I13: BAR | J13: Spoil | K13: TRUE | L13: TRUE
